rank	class_rank	review_class	class_priority	score	research_score	shadow_score	v0_rank	v0_score	decision_tier	pack_id	pack_path	selected_family_ids	family_roles	translation_statuses	runtime_binding_statuses	trade_surface_bucket	shadow_tradeability_classes	hard_guard_reason	shadow_evidence_reason	det_ratio	det_pass	det_supported	det_skipped	max_rss_kb	max_elapsed_sec	context_flags	candidate_status	shadow_run_count	fill_backed_run_count	profitability_interpretable_run_count	no_fill_activity_count	fill_backed_open_count	fill_backed_flat_count	closed_cycle_count	realized_pnl_sum	latest_trade_closed_at	last_shadow_observed_at	latest_pnl_interpretation	recent_pnl_bias	outcome_class	outcome_attention_flag	watch_status	horizon_evidence_bucket	score_explanation
1	1	INSUFFICIENT_EVIDENCE	2	83.268980	80.768980	2.500000	8	80.768980	PROMOTE_STRONG	multi-hypothesis-phase5-bighunt-binance-trade-20260108..20260108-20260306_184349-5fa7ecc7-t1__FULLSCAN_MAJOR__96d23b6476b1b9c5a90003f0e78a0ee8569ab92b8c0eca58352c953e9c5a0584	/home/deploy/quantlab-evidence-archive/20260306_slim/multi-hypothesis-phase5-bighunt-binance-trade-20260108..20260108-20260306_184349-5fa7ecc7-t1__FULLSCAN_MAJOR	momentum_v1	PRIMARY_DIRECTIONAL	TRANSLATABLE	BOUND_SHADOW_RUNNABLE	RUNNABLE_DIRECTIONAL	DIRECTIONAL	BOUND_DIRECTIONAL_RUNTIME	SAMPLE_BELOW_MINIMUM	1.000000	5	5	1	485104.0	108.33	MARK=PASS;FUNDING=PASS;OI=PASS	NEW	4	2	2	2	2	0	1	0.000000	2026-03-15T15:48:29Z	2026-03-16T06:29:59Z	FLAT_NO_FILLS	FLAT_BIAS	STABLE_FLAT	false	ACTIVE	CLOSED_CYCLE_PRESENT	class=INSUFFICIENT_EVIDENCE;surface=RUNNABLE_DIRECTIONAL;reason=SAMPLE_BELOW_MINIMUM;research=80.768980;shadow=2.500000;runs=4;fills=2;trades=1;pnl=0.000000;outcome=STABLE_FLAT
2	1	UNSEEN	3	58.843487	58.843487	0.000000	40	58.843487	PROMOTE	multi-hypothesis-phase5-bighunt-binance-trade-20260315..20260315-20260316_033947-5f146473-t1__FULLSCAN_MAJOR__357bdcfe592e51612b202bec750fa061fede1d7b7c0c4a5a96334114d1237c7f	/home/deploy/quantlab-evidence-archive/20260316_slim/multi-hypothesis-phase5-bighunt-binance-trade-20260315..20260315-20260316_033947-5f146473-t1__FULLSCAN_MAJOR	momentum_v1	PRIMARY_DIRECTIONAL	NOT_TRANSLATABLE_YET,TRANSLATABLE	BOUND_SHADOW_RUNNABLE,UNBOUND_TRANSLATION_REJECTED	RUNNABLE_DIRECTIONAL	DIRECTIONAL,UNBOUND	BOUND_DIRECTIONAL_RUNTIME	NO_SHADOW_HISTORY	1.000000	35	35	7	154136.0	23.15	MARK=WARN;FUNDING=PASS;OI=PASS	NEW	0	0	0	0	0	0	0	0.000000			UNKNOWN	NO_HISTORY	NONE	false	INACTIVE	NO_SHADOW_HISTORY	class=UNSEEN;surface=RUNNABLE_DIRECTIONAL;reason=NO_SHADOW_HISTORY;research=58.843487;shadow=0.000000;runs=0;fills=0;trades=0;pnl=0.000000;outcome=NONE
3	2	UNSEEN	3	58.757593	58.757593	0.000000	47	58.757593	PROMOTE	multi-hypothesis-phase5-bighunt-binance-trade-20260311..20260311-20260312_031855-3d7d91e3-t1__FULLSCAN_MAJOR__0fe810c645a6a50eb85b94740698acd0af4478f1c442ed3fd0c0c083b18169b3	/home/deploy/quantlab-evidence-archive/20260312_slim/multi-hypothesis-phase5-bighunt-binance-trade-20260311..20260311-20260312_031855-3d7d91e3-t1__FULLSCAN_MAJOR	momentum_v1	PRIMARY_DIRECTIONAL	NOT_TRANSLATABLE_YET,TRANSLATABLE	BOUND_SHADOW_RUNNABLE,UNBOUND_TRANSLATION_REJECTED	RUNNABLE_DIRECTIONAL	DIRECTIONAL,UNBOUND	BOUND_DIRECTIONAL_RUNTIME	NO_SHADOW_HISTORY	1.000000	35	35	7	163348.0	25.54	MARK=WARN;FUNDING=PASS;OI=PASS	NEW	0	0	0	0	0	0	0	0.000000			UNKNOWN	NO_HISTORY	NONE	false	INACTIVE	NO_SHADOW_HISTORY	class=UNSEEN;surface=RUNNABLE_DIRECTIONAL;reason=NO_SHADOW_HISTORY;research=58.757593;shadow=0.000000;runs=0;fills=0;trades=0;pnl=0.000000;outcome=NONE
4	3	UNSEEN	3	58.721213	58.721213	0.000000	50	58.721213	PROMOTE	multi-hypothesis-phase5-bighunt-binance-trade-20260216..20260216-20260307_201204-1f153e95-t1__FULLSCAN_MAJOR__6d4b6f0376dabaceab37c854d41dfb3738dacb226d737895cef5d02e36364e29	/home/deploy/quantlab-evidence-archive/20260307_slim/multi-hypothesis-phase5-bighunt-binance-trade-20260216..20260216-20260307_201204-1f153e95-t1__FULLSCAN_MAJOR	momentum_v1	PRIMARY_DIRECTIONAL	NOT_TRANSLATABLE_YET,TRANSLATABLE	BOUND_SHADOW_RUNNABLE,UNBOUND_TRANSLATION_REJECTED	RUNNABLE_DIRECTIONAL	DIRECTIONAL,UNBOUND	BOUND_DIRECTIONAL_RUNTIME	NO_SHADOW_HISTORY	1.000000	35	35	7	171024.0	25.42	MARK=WARN;FUNDING=PASS;OI=PASS	NEW	0	0	0	0	0	0	0	0.000000			UNKNOWN	NO_HISTORY	NONE	false	INACTIVE	NO_SHADOW_HISTORY	class=UNSEEN;surface=RUNNABLE_DIRECTIONAL;reason=NO_SHADOW_HISTORY;research=58.721213;shadow=0.000000;runs=0;fills=0;trades=0;pnl=0.000000;outcome=NONE
5	4	UNSEEN	3	58.708540	58.708540	0.000000	51	58.708540	PROMOTE	multi-hypothesis-phase5-bighunt-binance-trade-20260306..20260306-20260308_172751-ade7613d-t1__FULLSCAN_MAJOR__4fee93795b639fab7cdab65f096d823474761b06b902f20f32102a3bcfe92749	/home/deploy/quantlab-evidence-archive/20260308_slim/multi-hypothesis-phase5-bighunt-binance-trade-20260306..20260306-20260308_172751-ade7613d-t1__FULLSCAN_MAJOR	momentum_v1	PRIMARY_DIRECTIONAL	NOT_TRANSLATABLE_YET,TRANSLATABLE	BOUND_SHADOW_RUNNABLE,UNBOUND_TRANSLATION_REJECTED	RUNNABLE_DIRECTIONAL	DIRECTIONAL,UNBOUND	BOUND_DIRECTIONAL_RUNTIME	NO_SHADOW_HISTORY	1.000000	35	35	7	171892.0	25.92	MARK=WARN;FUNDING=PASS;OI=PASS	NEW	0	0	0	0	0	0	0	0.000000			UNKNOWN	NO_HISTORY	NONE	false	INACTIVE	NO_SHADOW_HISTORY	class=UNSEEN;surface=RUNNABLE_DIRECTIONAL;reason=NO_SHADOW_HISTORY;research=58.708540;shadow=0.000000;runs=0;fills=0;trades=0;pnl=0.000000;outcome=NONE
6	5	UNSEEN	3	58.667993	58.667993	0.000000	52	58.667993	PROMOTE	multi-hypothesis-phase5-bighunt-binance-trade-20260226..20260226-20260307_225643-cd573a6d-t1__FULLSCAN_MAJOR__4883ede73a477b82a880fee75595629f405790e7309dd022b34a1ab79dc01bc7	/home/deploy/quantlab-evidence-archive/20260307_slim/multi-hypothesis-phase5-bighunt-binance-trade-20260226..20260226-20260307_225643-cd573a6d-t1__FULLSCAN_MAJOR	momentum_v1	PRIMARY_DIRECTIONAL	NOT_TRANSLATABLE_YET,TRANSLATABLE	BOUND_SHADOW_RUNNABLE,UNBOUND_TRANSLATION_REJECTED	RUNNABLE_DIRECTIONAL	DIRECTIONAL,UNBOUND	BOUND_DIRECTIONAL_RUNTIME	NO_SHADOW_HISTORY	1.000000	35	35	7	175868.0	27.16	MARK=WARN;FUNDING=PASS;OI=PASS	NEW	0	0	0	0	0	0	0	0.000000			UNKNOWN	NO_HISTORY	NONE	false	INACTIVE	NO_SHADOW_HISTORY	class=UNSEEN;surface=RUNNABLE_DIRECTIONAL;reason=NO_SHADOW_HISTORY;research=58.667993;shadow=0.000000;runs=0;fills=0;trades=0;pnl=0.000000;outcome=NONE
7	6	UNSEEN	3	58.656693	58.656693	0.000000	53	58.656693	PROMOTE	multi-hypothesis-phase5-bighunt-binance-trade-20260227..20260227-20260307_231316-b910dca5-t1__FULLSCAN_MAJOR__4bfdd04262256e50f7ecfac710413af5076af34144e241bb00a49ceb8badbdae	/home/deploy/quantlab-evidence-archive/20260307_slim/multi-hypothesis-phase5-bighunt-binance-trade-20260227..20260227-20260307_231316-b910dca5-t1__FULLSCAN_MAJOR	momentum_v1	PRIMARY_DIRECTIONAL	NOT_TRANSLATABLE_YET,TRANSLATABLE	BOUND_SHADOW_RUNNABLE,UNBOUND_TRANSLATION_REJECTED	RUNNABLE_DIRECTIONAL	DIRECTIONAL,UNBOUND	BOUND_DIRECTIONAL_RUNTIME	NO_SHADOW_HISTORY	1.000000	35	35	7	177128.0	27.46	MARK=WARN;FUNDING=PASS;OI=PASS	NEW	0	0	0	0	0	0	0	0.000000			UNKNOWN	NO_HISTORY	NONE	false	INACTIVE	NO_SHADOW_HISTORY	class=UNSEEN;surface=RUNNABLE_DIRECTIONAL;reason=NO_SHADOW_HISTORY;research=58.656693;shadow=0.000000;runs=0;fills=0;trades=0;pnl=0.000000;outcome=NONE
8	7	UNSEEN	3	58.650620	58.650620	0.000000	54	58.650620	PROMOTE	multi-hypothesis-phase5-bighunt-binance-trade-20260310..20260310-20260311_034102-98e3aac7-t1__FULLSCAN_MAJOR__bf4becf653558036caf8a79e468295aeb8d3a1aa47a27fa053b3ce63ef25f9dd	/home/deploy/quantlab-evidence-archive/20260311_slim/multi-hypothesis-phase5-bighunt-binance-trade-20260310..20260310-20260311_034102-98e3aac7-t1__FULLSCAN_MAJOR	momentum_v1	PRIMARY_DIRECTIONAL	NOT_TRANSLATABLE_YET,TRANSLATABLE	BOUND_SHADOW_RUNNABLE,UNBOUND_TRANSLATION_REJECTED	RUNNABLE_DIRECTIONAL	DIRECTIONAL,UNBOUND	BOUND_DIRECTIONAL_RUNTIME	NO_SHADOW_HISTORY	1.000000	35	35	7	175676.0	28.26	MARK=WARN;FUNDING=PASS;OI=PASS	NEW	0	0	0	0	0	0	0	0.000000			UNKNOWN	NO_HISTORY	NONE	false	INACTIVE	NO_SHADOW_HISTORY	class=UNSEEN;surface=RUNNABLE_DIRECTIONAL;reason=NO_SHADOW_HISTORY;research=58.650620;shadow=0.000000;runs=0;fills=0;trades=0;pnl=0.000000;outcome=NONE
9	8	UNSEEN	3	58.642640	58.642640	0.000000	55	58.642640	PROMOTE	multi-hypothesis-phase5-bighunt-binance-trade-20260224..20260224-20260307_222217-0788837f-t1__FULLSCAN_MAJOR__16e446b1fe4b6eba575af36d8e55beb367eb345643e4c3b01f695ebad644515e	/home/deploy/quantlab-evidence-archive/20260307_slim/multi-hypothesis-phase5-bighunt-binance-trade-20260224..20260224-20260307_222217-0788837f-t1__FULLSCAN_MAJOR	momentum_v1	PRIMARY_DIRECTIONAL	NOT_TRANSLATABLE_YET,TRANSLATABLE	BOUND_SHADOW_RUNNABLE,UNBOUND_TRANSLATION_REJECTED	RUNNABLE_DIRECTIONAL	DIRECTIONAL,UNBOUND	BOUND_DIRECTIONAL_RUNTIME	NO_SHADOW_HISTORY	1.000000	35	35	7	178572.0	27.87	MARK=WARN;FUNDING=PASS;OI=PASS	NEW	0	0	0	0	0	0	0	0.000000			UNKNOWN	NO_HISTORY	NONE	false	INACTIVE	NO_SHADOW_HISTORY	class=UNSEEN;surface=RUNNABLE_DIRECTIONAL;reason=NO_SHADOW_HISTORY;research=58.642640;shadow=0.000000;runs=0;fills=0;trades=0;pnl=0.000000;outcome=NONE
10	9	UNSEEN	3	58.626153	58.626153	0.000000	57	58.626153	PROMOTE	multi-hypothesis-phase5-bighunt-binance-trade-20260309..20260309-20260310_033547-ddaf6513-t1__FULLSCAN_MAJOR__8583aea8ba258fdb42fa9252780faf84407d83a8c645d61d7ec6e4e7ce45bc7c	/home/deploy/quantlab-evidence-archive/20260310_slim/multi-hypothesis-phase5-bighunt-binance-trade-20260309..20260309-20260310_033547-ddaf6513-t1__FULLSCAN_MAJOR	momentum_v1	PRIMARY_DIRECTIONAL	NOT_TRANSLATABLE_YET,TRANSLATABLE	BOUND_SHADOW_RUNNABLE,UNBOUND_TRANSLATION_REJECTED	RUNNABLE_DIRECTIONAL	DIRECTIONAL,UNBOUND	BOUND_DIRECTIONAL_RUNTIME	NO_SHADOW_HISTORY	1.000000	35	35	7	177736.0	29.11	MARK=WARN;FUNDING=PASS;OI=PASS	NEW	0	0	0	0	0	0	0	0.000000			UNKNOWN	NO_HISTORY	NONE	false	INACTIVE	NO_SHADOW_HISTORY	class=UNSEEN;surface=RUNNABLE_DIRECTIONAL;reason=NO_SHADOW_HISTORY;research=58.626153;shadow=0.000000;runs=0;fills=0;trades=0;pnl=0.000000;outcome=NONE
11	10	UNSEEN	3	58.561120	58.561120	0.000000	58	58.561120	PROMOTE	multi-hypothesis-phase5-bighunt-binance-trade-20260305..20260305-20260308_171224-e80ab529-t1__FULLSCAN_MAJOR__b3819e896c3ea4530fe76b96b61b8c6d7355629b314dd7d2bc300dea17e82025	/home/deploy/quantlab-evidence-archive/20260308_slim/multi-hypothesis-phase5-bighunt-binance-trade-20260305..20260305-20260308_171224-e80ab529-t1__FULLSCAN_MAJOR	momentum_v1	PRIMARY_DIRECTIONAL	NOT_TRANSLATABLE_YET,TRANSLATABLE	BOUND_SHADOW_RUNNABLE,UNBOUND_TRANSLATION_REJECTED	RUNNABLE_DIRECTIONAL	DIRECTIONAL,UNBOUND	BOUND_DIRECTIONAL_RUNTIME	NO_SHADOW_HISTORY	1.000000	35	35	7	188776.0	29.7	MARK=WARN;FUNDING=PASS;OI=PASS	NEW	0	0	0	0	0	0	0	0.000000			UNKNOWN	NO_HISTORY	NONE	false	INACTIVE	NO_SHADOW_HISTORY	class=UNSEEN;surface=RUNNABLE_DIRECTIONAL;reason=NO_SHADOW_HISTORY;research=58.561120;shadow=0.000000;runs=0;fills=0;trades=0;pnl=0.000000;outcome=NONE
12	11	UNSEEN	3	58.491887	58.491887	0.000000	60	58.491887	PROMOTE	multi-hypothesis-phase5-bighunt-binance-trade-20260213..20260213-20260307_192450-53422719-t1__FULLSCAN_MAJOR__995c8ea3ef2c1772c0b95cc3a745ab8d3052d0fe0677cb33d8e26ccdffbae0f8	/home/deploy/quantlab-evidence-archive/20260307_slim/multi-hypothesis-phase5-bighunt-binance-trade-20260213..20260213-20260307_192450-53422719-t1__FULLSCAN_MAJOR	momentum_v1	PRIMARY_DIRECTIONAL	NOT_TRANSLATABLE_YET,TRANSLATABLE	BOUND_SHADOW_RUNNABLE,UNBOUND_TRANSLATION_REJECTED	RUNNABLE_DIRECTIONAL	DIRECTIONAL,UNBOUND	BOUND_DIRECTIONAL_RUNTIME	NO_SHADOW_HISTORY	1.000000	35	35	7	198156.0	31.04	MARK=WARN;FUNDING=PASS;OI=PASS	NEW	0	0	0	0	0	0	0	0.000000			UNKNOWN	NO_HISTORY	NONE	false	INACTIVE	NO_SHADOW_HISTORY	class=UNSEEN;surface=RUNNABLE_DIRECTIONAL;reason=NO_SHADOW_HISTORY;research=58.491887;shadow=0.000000;runs=0;fills=0;trades=0;pnl=0.000000;outcome=NONE
13	12	UNSEEN	3	58.470367	58.470367	0.000000	61	58.470367	PROMOTE	multi-hypothesis-phase5-bighunt-binance-trade-20260303..20260303-20260308_000514-e3a11c5a-t1__FULLSCAN_MAJOR__deb9f9a03c5cdc63fc0260d0831f4ff7d2ac01630561291eee1683dfff09ad8d	/home/deploy/quantlab-evidence-archive/20260308_slim/multi-hypothesis-phase5-bighunt-binance-trade-20260303..20260303-20260308_000514-e3a11c5a-t1__FULLSCAN_MAJOR	momentum_v1	PRIMARY_DIRECTIONAL	NOT_TRANSLATABLE_YET,TRANSLATABLE	BOUND_SHADOW_RUNNABLE,UNBOUND_TRANSLATION_REJECTED	RUNNABLE_DIRECTIONAL	DIRECTIONAL,UNBOUND	BOUND_DIRECTIONAL_RUNTIME	NO_SHADOW_HISTORY	1.000000	35	35	7	199760.0	31.85	MARK=WARN;FUNDING=PASS;OI=PASS	NEW	0	0	0	0	0	0	0	0.000000			UNKNOWN	NO_HISTORY	NONE	false	INACTIVE	NO_SHADOW_HISTORY	class=UNSEEN;surface=RUNNABLE_DIRECTIONAL;reason=NO_SHADOW_HISTORY;research=58.470367;shadow=0.000000;runs=0;fills=0;trades=0;pnl=0.000000;outcome=NONE
14	13	UNSEEN	3	58.467100	58.467100	0.000000	62	58.467100	PROMOTE	multi-hypothesis-phase5-bighunt-binance-trade-20260223..20260223-20260307_220628-17c80b3e-t1__FULLSCAN_MAJOR__2d486b31a872d4f372bab60038a269ffcfc08d2ab0d678960fa63e52bbd61fa2	/home/deploy/quantlab-evidence-archive/20260307_slim/multi-hypothesis-phase5-bighunt-binance-trade-20260223..20260223-20260307_220628-17c80b3e-t1__FULLSCAN_MAJOR	momentum_v1	PRIMARY_DIRECTIONAL	NOT_TRANSLATABLE_YET,TRANSLATABLE	BOUND_SHADOW_RUNNABLE,UNBOUND_TRANSLATION_REJECTED	RUNNABLE_DIRECTIONAL	DIRECTIONAL,UNBOUND	BOUND_DIRECTIONAL_RUNTIME	NO_SHADOW_HISTORY	1.000000	35	35	7	199580.0	32.1	MARK=WARN;FUNDING=PASS;OI=PASS	NEW	0	0	0	0	0	0	0	0.000000			UNKNOWN	NO_HISTORY	NONE	false	INACTIVE	NO_SHADOW_HISTORY	class=UNSEEN;surface=RUNNABLE_DIRECTIONAL;reason=NO_SHADOW_HISTORY;research=58.467100;shadow=0.000000;runs=0;fills=0;trades=0;pnl=0.000000;outcome=NONE
15	14	UNSEEN	3	58.443460	58.443460	0.000000	63	58.443460	PROMOTE	multi-hypothesis-phase5-day-benchmark-binance-trade-20260303-20260306_122929__FULLSCAN_MAJOR__ddc202fbb2ed6b765494fd68ed2aa0d9d3dd4a0049c29a8b5e9c9788201677f4	/home/deploy/quantlab-evidence-archive/20260306_slim/multi-hypothesis-phase5-day-benchmark-binance-trade-20260303-20260306_122929__FULLSCAN_MAJOR	momentum_v1	PRIMARY_DIRECTIONAL	NOT_TRANSLATABLE_YET,TRANSLATABLE	BOUND_SHADOW_RUNNABLE,UNBOUND_TRANSLATION_REJECTED	RUNNABLE_DIRECTIONAL	DIRECTIONAL,UNBOUND	BOUND_DIRECTIONAL_RUNTIME	NO_SHADOW_HISTORY	1.000000	35	35	7	200808.0	33.15	MARK=WARN;FUNDING=PASS;OI=PASS	NEW	0	0	0	0	0	0	0	0.000000			UNKNOWN	NO_HISTORY	NONE	false	INACTIVE	NO_SHADOW_HISTORY	class=UNSEEN;surface=RUNNABLE_DIRECTIONAL;reason=NO_SHADOW_HISTORY;research=58.443460;shadow=0.000000;runs=0;fills=0;trades=0;pnl=0.000000;outcome=NONE
16	15	UNSEEN	3	58.424753	58.424753	0.000000	64	58.424753	PROMOTE	multi-hypothesis-phase5-bighunt-binance-trade-20260228..20260228-20260307_232959-34a76040-t1__FULLSCAN_MAJOR__87b8d5ed17555a079876a4479f8f07a1a7b6617cf67e5c94d480e5f7ff7da536	/home/deploy/quantlab-evidence-archive/20260307_slim/multi-hypothesis-phase5-bighunt-binance-trade-20260228..20260228-20260307_232959-34a76040-t1__FULLSCAN_MAJOR	momentum_v1	PRIMARY_DIRECTIONAL	NOT_TRANSLATABLE_YET,TRANSLATABLE	BOUND_SHADOW_RUNNABLE,UNBOUND_TRANSLATION_REJECTED	RUNNABLE_DIRECTIONAL	DIRECTIONAL,UNBOUND	BOUND_DIRECTIONAL_RUNTIME	NO_SHADOW_HISTORY	1.000000	35	35	7	207316.0	32.32	MARK=WARN;FUNDING=PASS;OI=PASS	NEW	0	0	0	0	0	0	0	0.000000			UNKNOWN	NO_HISTORY	NONE	false	INACTIVE	NO_SHADOW_HISTORY	class=UNSEEN;surface=RUNNABLE_DIRECTIONAL;reason=NO_SHADOW_HISTORY;research=58.424753;shadow=0.000000;runs=0;fills=0;trades=0;pnl=0.000000;outcome=NONE
17	16	UNSEEN	3	58.316253	58.316253	0.000000	65	58.316253	PROMOTE	multi-hypothesis-phase5-bighunt-binance-trade-20260302..20260302-20260307_234707-8623c97c-t1__FULLSCAN_MAJOR__f879ccaa2446050bd3937a9c86272c805f17c11a2f8142d4fa3276ed43df8b5b	/home/deploy/quantlab-evidence-archive/20260307_slim/multi-hypothesis-phase5-bighunt-binance-trade-20260302..20260302-20260307_234707-8623c97c-t1__FULLSCAN_MAJOR	momentum_v1	PRIMARY_DIRECTIONAL	NOT_TRANSLATABLE_YET,TRANSLATABLE	BOUND_SHADOW_RUNNABLE,UNBOUND_TRANSLATION_REJECTED	RUNNABLE_DIRECTIONAL	DIRECTIONAL,UNBOUND	BOUND_DIRECTIONAL_RUNTIME	NO_SHADOW_HISTORY	1.000000	35	35	7	216016.0	36.22	MARK=WARN;FUNDING=PASS;OI=PASS	NEW	0	0	0	0	0	0	0	0.000000			UNKNOWN	NO_HISTORY	NONE	false	INACTIVE	NO_SHADOW_HISTORY	class=UNSEEN;surface=RUNNABLE_DIRECTIONAL;reason=NO_SHADOW_HISTORY;research=58.316253;shadow=0.000000;runs=0;fills=0;trades=0;pnl=0.000000;outcome=NONE
18	17	UNSEEN	3	58.283840	58.283840	0.000000	66	58.283840	PROMOTE	multi-hypothesis-phase5-bighunt-binance-trade-20260304..20260304-20260308_002329-ec64c4b0-t1__FULLSCAN_MAJOR__63877cedd31fa1ec9ad237bf5a783416f7b0b0dfa2c4aa58bda5cab4d164ba12	/home/deploy/quantlab-evidence-archive/20260308_slim/multi-hypothesis-phase5-bighunt-binance-trade-20260304..20260304-20260308_002329-ec64c4b0-t1__FULLSCAN_MAJOR	momentum_v1	PRIMARY_DIRECTIONAL	NOT_TRANSLATABLE_YET,TRANSLATABLE	BOUND_SHADOW_RUNNABLE,UNBOUND_TRANSLATION_REJECTED	RUNNABLE_DIRECTIONAL	DIRECTIONAL,UNBOUND	BOUND_DIRECTIONAL_RUNTIME	NO_SHADOW_HISTORY	1.000000	35	35	7	220332.0	36.87	MARK=WARN;FUNDING=PASS;OI=PASS	NEW	0	0	0	0	0	0	0	0.000000			UNKNOWN	NO_HISTORY	NONE	false	INACTIVE	NO_SHADOW_HISTORY	class=UNSEEN;surface=RUNNABLE_DIRECTIONAL;reason=NO_SHADOW_HISTORY;research=58.283840;shadow=0.000000;runs=0;fills=0;trades=0;pnl=0.000000;outcome=NONE
19	18	UNSEEN	3	58.016800	58.016800	0.000000	67	58.016800	PROMOTE	multi-hypothesis-phase5-bighunt-binance-trade-20260215..20260215-20260307_195556-31382651-t1__FULLSCAN_MAJOR__76b244b04ef9440e1fc198529b82a1d0ca05c0d7016b47273a966401ba93737b	/home/deploy/quantlab-evidence-archive/20260307_slim/multi-hypothesis-phase5-bighunt-binance-trade-20260215..20260215-20260307_195556-31382651-t1__FULLSCAN_MAJOR	momentum_v1	PRIMARY_DIRECTIONAL	NOT_TRANSLATABLE_YET,TRANSLATABLE	BOUND_SHADOW_RUNNABLE,UNBOUND_TRANSLATION_REJECTED	RUNNABLE_DIRECTIONAL	DIRECTIONAL,UNBOUND	BOUND_DIRECTIONAL_RUNTIME	NO_SHADOW_HISTORY	1.000000	35	35	7	247440.0	44.76	MARK=WARN;FUNDING=PASS;OI=PASS	NEW	0	0	0	0	0	0	0	0.000000			UNKNOWN	NO_HISTORY	NONE	false	INACTIVE	NO_SHADOW_HISTORY	class=UNSEEN;surface=RUNNABLE_DIRECTIONAL;reason=NO_SHADOW_HISTORY;research=58.016800;shadow=0.000000;runs=0;fills=0;trades=0;pnl=0.000000;outcome=NONE
20	19	UNSEEN	3	57.826040	57.826040	0.000000	68	57.826040	PROMOTE	multi-hypothesis-phase5-bighunt-binance-trade-20260222..20260222-20260307_214855-2259d678-t1__FULLSCAN_MAJOR__f6f77334020eed5b4805edea864954eb2db900003b09fe7e815c828f34c772cd	/home/deploy/quantlab-evidence-archive/20260307_slim/multi-hypothesis-phase5-bighunt-binance-trade-20260222..20260222-20260307_214855-2259d678-t1__FULLSCAN_MAJOR	momentum_v1	PRIMARY_DIRECTIONAL	NOT_TRANSLATABLE_YET,TRANSLATABLE	BOUND_SHADOW_RUNNABLE,UNBOUND_TRANSLATION_REJECTED	RUNNABLE_DIRECTIONAL	DIRECTIONAL,UNBOUND	BOUND_DIRECTIONAL_RUNTIME	NO_SHADOW_HISTORY	1.000000	45	45	9	269192.0	49.68	MARK=WARN;FUNDING=PASS;OI=PASS	NEW	0	0	0	0	0	0	0	0.000000			UNKNOWN	NO_HISTORY	NONE	false	INACTIVE	NO_SHADOW_HISTORY	class=UNSEEN;surface=RUNNABLE_DIRECTIONAL;reason=NO_SHADOW_HISTORY;research=57.826040;shadow=0.000000;runs=0;fills=0;trades=0;pnl=0.000000;outcome=NONE
21	20	UNSEEN	3	57.749787	57.749787	0.000000	69	57.749787	PROMOTE	multi-hypothesis-phase5-bighunt-binance-trade-20260221..20260221-20260307_212951-1afaaacf-t1__FULLSCAN_MAJOR__c333f8c93b634c759a777bc8833a614cfbfc6728d4155f484440b853fbdda1ce	/home/deploy/quantlab-evidence-archive/20260307_slim/multi-hypothesis-phase5-bighunt-binance-trade-20260221..20260221-20260307_212951-1afaaacf-t1__FULLSCAN_MAJOR	momentum_v1	PRIMARY_DIRECTIONAL	NOT_TRANSLATABLE_YET,TRANSLATABLE	BOUND_SHADOW_RUNNABLE,UNBOUND_TRANSLATION_REJECTED	RUNNABLE_DIRECTIONAL	DIRECTIONAL,UNBOUND	BOUND_DIRECTIONAL_RUNTIME	NO_SHADOW_HISTORY	1.000000	45	45	9	277676.0	51.71	MARK=WARN;FUNDING=PASS;OI=PASS	NEW	0	0	0	0	0	0	0	0.000000			UNKNOWN	NO_HISTORY	NONE	false	INACTIVE	NO_SHADOW_HISTORY	class=UNSEEN;surface=RUNNABLE_DIRECTIONAL;reason=NO_SHADOW_HISTORY;research=57.749787;shadow=0.000000;runs=0;fills=0;trades=0;pnl=0.000000;outcome=NONE
22	21	UNSEEN	3	57.652773	57.652773	0.000000	71	57.652773	PROMOTE	multi-hypothesis-phase5-bighunt-binance-trade-20260314..20260314-20260315_033647-54bb10e3-t1__FULLSCAN_MAJOR__047117418366ad764c2c38b0991f9aaa2929f116ad8f24a04dc3483c9cb664d3	/home/deploy/quantlab-evidence-archive/20260315_slim/multi-hypothesis-phase5-bighunt-binance-trade-20260314..20260314-20260315_033647-54bb10e3-t1__FULLSCAN_MAJOR	momentum_v1	PRIMARY_DIRECTIONAL	NOT_TRANSLATABLE_YET,TRANSLATABLE	BOUND_SHADOW_RUNNABLE,UNBOUND_TRANSLATION_REJECTED	RUNNABLE_DIRECTIONAL	DIRECTIONAL,UNBOUND	BOUND_DIRECTIONAL_RUNTIME	NO_SHADOW_HISTORY	1.000000	45	45	9	282112.0	56.2	MARK=WARN;FUNDING=PASS;OI=PASS	NEW	0	0	0	0	0	0	0	0.000000			UNKNOWN	NO_HISTORY	NONE	false	INACTIVE	NO_SHADOW_HISTORY	class=UNSEEN;surface=RUNNABLE_DIRECTIONAL;reason=NO_SHADOW_HISTORY;research=57.652773;shadow=0.000000;runs=0;fills=0;trades=0;pnl=0.000000;outcome=NONE
23	22	UNSEEN	3	57.280893	57.280893	0.000000	72	57.280893	PROMOTE	multi-hypothesis-phase5-bighunt-binance-trade-20260302..20260303-20260306_094633-d5dbd181-t1__FULLSCAN_MAJOR__ff80c569bcaa0490aa4ffb44aa9a9c286eda5828222da2a9996fe20a1495eacf	/home/deploy/quantlab-evidence-archive/20260306_slim/multi-hypothesis-phase5-bighunt-binance-trade-20260302..20260303-20260306_094633-d5dbd181-t1__FULLSCAN_MAJOR	momentum_v1	PRIMARY_DIRECTIONAL	NOT_TRANSLATABLE_YET,TRANSLATABLE	BOUND_SHADOW_RUNNABLE,UNBOUND_TRANSLATION_REJECTED	RUNNABLE_DIRECTIONAL	DIRECTIONAL,UNBOUND	BOUND_DIRECTIONAL_RUNTIME	NO_SHADOW_HISTORY	1.000000	35	35	7	324688.0	65.74	MARK=WARN;FUNDING=PASS;OI=PASS	NEW	0	0	0	0	0	0	0	0.000000			UNKNOWN	NO_HISTORY	NONE	false	INACTIVE	NO_SHADOW_HISTORY	class=UNSEEN;surface=RUNNABLE_DIRECTIONAL;reason=NO_SHADOW_HISTORY;research=57.280893;shadow=0.000000;runs=0;fills=0;trades=0;pnl=0.000000;outcome=NONE
24	23	UNSEEN	3	57.234227	57.234227	0.000000	73	57.234227	PROMOTE	multi-hypothesis-phase5-bighunt-binance-trade-20260307..20260307-20260308_174547-d26db6d0-t1__FULLSCAN_MAJOR__74f4dab401f94d366444210fa407701cb2add52e7b6b8e4c3cc4b34456e039b4	/home/deploy/quantlab-evidence-archive/20260308_slim/multi-hypothesis-phase5-bighunt-binance-trade-20260307..20260307-20260308_174547-d26db6d0-t1__FULLSCAN_MAJOR	momentum_v1	PRIMARY_DIRECTIONAL	NOT_TRANSLATABLE_YET,TRANSLATABLE	BOUND_SHADOW_RUNNABLE,UNBOUND_TRANSLATION_REJECTED	RUNNABLE_DIRECTIONAL	DIRECTIONAL,UNBOUND	BOUND_DIRECTIONAL_RUNTIME	NO_SHADOW_HISTORY	1.000000	45	45	9	328688.0	67.34	MARK=WARN;FUNDING=PASS;OI=PASS	NEW	0	0	0	0	0	0	0	0.000000			UNKNOWN	NO_HISTORY	NONE	false	INACTIVE	NO_SHADOW_HISTORY	class=UNSEEN;surface=RUNNABLE_DIRECTIONAL;reason=NO_SHADOW_HISTORY;research=57.234227;shadow=0.000000;runs=0;fills=0;trades=0;pnl=0.000000;outcome=NONE
25	24	UNSEEN	3	57.227033	57.227033	0.000000	74	57.227033	PROMOTE	multi-hypothesis-phase5-bighunt-binance-trade-20260303..20260304-20260306_113334-eacbdf5c-t1__FULLSCAN_MAJOR__2456938e47702497f5c2107075a4bd8b6e40b72f2f5af8f03eaf9692ecbd92f4	/home/deploy/quantlab-evidence-archive/20260306_slim/multi-hypothesis-phase5-bighunt-binance-trade-20260303..20260304-20260306_113334-eacbdf5c-t1__FULLSCAN_MAJOR	momentum_v1	PRIMARY_DIRECTIONAL	NOT_TRANSLATABLE_YET,TRANSLATABLE	BOUND_SHADOW_RUNNABLE,UNBOUND_TRANSLATION_REJECTED	RUNNABLE_DIRECTIONAL	DIRECTIONAL,UNBOUND	BOUND_DIRECTIONAL_RUNTIME	NO_SHADOW_HISTORY	1.000000	35	35	7	326060.0	68.56	MARK=WARN;FUNDING=PASS;OI=PASS	NEW	0	0	0	0	0	0	0	0.000000			UNKNOWN	NO_HISTORY	NONE	false	INACTIVE	NO_SHADOW_HISTORY	class=UNSEEN;surface=RUNNABLE_DIRECTIONAL;reason=NO_SHADOW_HISTORY;research=57.227033;shadow=0.000000;runs=0;fills=0;trades=0;pnl=0.000000;outcome=NONE
26	25	UNSEEN	3	57.079820	57.079820	0.000000	75	57.079820	PROMOTE	multi-hypothesis-phase5-bighunt-binance-trade-20260104..20260104-20260306_132910-64ab9364-t1__FULLSCAN_MAJOR__470998239d0ff4a287d41b412dfadc9877179b4e5991f18ae5a682060bd047c5	/home/deploy/quantlab-evidence-archive/20260306_slim/multi-hypothesis-phase5-bighunt-binance-trade-20260104..20260104-20260306_132910-64ab9364-t1__FULLSCAN_MAJOR	momentum_v1	PRIMARY_DIRECTIONAL	TRANSLATABLE	BOUND_SHADOW_RUNNABLE	RUNNABLE_DIRECTIONAL	DIRECTIONAL	BOUND_DIRECTIONAL_RUNTIME	NO_SHADOW_HISTORY	1.000000	10	10	2	502236.0	24.54	MARK=WARN;FUNDING=PASS;OI=PASS	NEW	0	0	0	0	0	0	0	0.000000			UNKNOWN	NO_HISTORY	NONE	false	INACTIVE	NO_SHADOW_HISTORY	class=UNSEEN;surface=RUNNABLE_DIRECTIONAL;reason=NO_SHADOW_HISTORY;research=57.079820;shadow=0.000000;runs=0;fills=0;trades=0;pnl=0.000000;outcome=NONE
27	26	UNSEEN	3	56.802393	56.802393	0.000000	77	56.802393	PROMOTE	multi-hypothesis-phase5-bighunt-binance-trade-20260117..20260117-20260306_210212-1a441c1e-t1__FULLSCAN_MAJOR__23cfd9796dab7d75190973d72ed41254529eea262d8094c1500f3e4b17ccbfc6	/home/deploy/quantlab-evidence-archive/20260306_slim/multi-hypothesis-phase5-bighunt-binance-trade-20260117..20260117-20260306_210212-1a441c1e-t1__FULLSCAN_MAJOR	momentum_v1	PRIMARY_DIRECTIONAL	TRANSLATABLE	BOUND_SHADOW_RUNNABLE	RUNNABLE_DIRECTIONAL	DIRECTIONAL	BOUND_DIRECTIONAL_RUNTIME	NO_SHADOW_HISTORY	1.000000	5	5	1	525688.0	34.15	MARK=WARN;FUNDING=PASS;OI=PASS	NEW	0	0	0	0	0	0	0	0.000000			UNKNOWN	NO_HISTORY	NONE	false	INACTIVE	NO_SHADOW_HISTORY	class=UNSEEN;surface=RUNNABLE_DIRECTIONAL;reason=NO_SHADOW_HISTORY;research=56.802393;shadow=0.000000;runs=0;fills=0;trades=0;pnl=0.000000;outcome=NONE
28	27	UNSEEN	3	56.795580	56.795580	0.000000	78	56.795580	PROMOTE	multi-hypothesis-phase5-day-benchmark-binance-trade-20260104-20260306_102926__FULLSCAN_MAJOR__b56c960fa2b5365433d20003eae450803cc5929382ae44940b179c73487bc969	/home/deploy/quantlab-evidence-archive/20260306_slim/multi-hypothesis-phase5-day-benchmark-binance-trade-20260104-20260306_102926__FULLSCAN_MAJOR	momentum_v1	PRIMARY_DIRECTIONAL	TRANSLATABLE	BOUND_SHADOW_RUNNABLE	RUNNABLE_DIRECTIONAL	DIRECTIONAL	BOUND_DIRECTIONAL_RUNTIME	NO_SHADOW_HISTORY	1.000000	10	10	2	562684.0	23.46	MARK=WARN;FUNDING=PASS;OI=PASS	NEW	0	0	0	0	0	0	0	0.000000			UNKNOWN	NO_HISTORY	NONE	false	INACTIVE	NO_SHADOW_HISTORY	class=UNSEEN;surface=RUNNABLE_DIRECTIONAL;reason=NO_SHADOW_HISTORY;research=56.795580;shadow=0.000000;runs=0;fills=0;trades=0;pnl=0.000000;outcome=NONE
29	28	UNSEEN	3	55.725780	55.725780	0.000000	81	55.725780	PROMOTE	multi-hypothesis-phase5-bighunt-binance-trade-20260106..20260106-20260306_175724-0759b8da-t1__FULLSCAN_MAJOR__68b8b838a4fa3fe1e421817c019c5e7c3f51c83c46196201e3c01b38b9ef821f	/home/deploy/quantlab-evidence-archive/20260306_slim/multi-hypothesis-phase5-bighunt-binance-trade-20260106..20260106-20260306_175724-0759b8da-t1__FULLSCAN_MAJOR	momentum_v1	PRIMARY_DIRECTIONAL	TRANSLATABLE	BOUND_SHADOW_RUNNABLE	RUNNABLE_DIRECTIONAL	DIRECTIONAL	BOUND_DIRECTIONAL_RUNTIME	NO_SHADOW_HISTORY	1.000000	5	5	1	698044.0	47.04	MARK=WARN;FUNDING=PASS;OI=PASS	NEW	0	0	0	0	0	0	0	0.000000			UNKNOWN	NO_HISTORY	NONE	false	INACTIVE	NO_SHADOW_HISTORY	class=UNSEEN;surface=RUNNABLE_DIRECTIONAL;reason=NO_SHADOW_HISTORY;research=55.725780;shadow=0.000000;runs=0;fills=0;trades=0;pnl=0.000000;outcome=NONE
30	29	UNSEEN	3	54.945227	54.945227	0.000000	82	54.945227	PROMOTE	multi-hypothesis-phase5-bighunt-binance-trade-20260122..20260122-20260306_221018-a5a73db4-t1__FULLSCAN_MAJOR__6b9bbac0774b191313ef8636b0787649411875663abecfc4c518f664570860f5	/home/deploy/quantlab-evidence-archive/20260306_slim/multi-hypothesis-phase5-bighunt-binance-trade-20260122..20260122-20260306_221018-a5a73db4-t1__FULLSCAN_MAJOR	momentum_v1	PRIMARY_DIRECTIONAL	TRANSLATABLE	BOUND_SHADOW_RUNNABLE	RUNNABLE_DIRECTIONAL	DIRECTIONAL	BOUND_DIRECTIONAL_RUNTIME	NO_SHADOW_HISTORY	1.000000	10	10	2	570888.0	132.02	MARK=WARN;FUNDING=PASS;OI=PASS	NEW	0	0	0	0	0	0	0	0.000000			UNKNOWN	NO_HISTORY	NONE	false	INACTIVE	NO_SHADOW_HISTORY	class=UNSEEN;surface=RUNNABLE_DIRECTIONAL;reason=NO_SHADOW_HISTORY;research=54.945227;shadow=0.000000;runs=0;fills=0;trades=0;pnl=0.000000;outcome=NONE
31	30	UNSEEN	3	54.501273	54.501273	0.000000	84	54.501273	PROMOTE	multi-hypothesis-phase5-bighunt-binance-trade-20260110..20260110-20260306_191628-45744fbd-t1__FULLSCAN_MAJOR__5486ce35eaa8fda8b67519c16f53424496e4ec23f286c51833b830e1146137ba	/home/deploy/quantlab-evidence-archive/20260306_slim/multi-hypothesis-phase5-bighunt-binance-trade-20260110..20260110-20260306_191628-45744fbd-t1__FULLSCAN_MAJOR	momentum_v1	PRIMARY_DIRECTIONAL	TRANSLATABLE	BOUND_SHADOW_RUNNABLE	RUNNABLE_DIRECTIONAL	DIRECTIONAL	BOUND_DIRECTIONAL_RUNTIME	NO_SHADOW_HISTORY	1.000000	10	10	2	81712.0	5.41	MARK=WARN;FUNDING=WARN;OI=PASS	NEW	0	0	0	0	0	0	0	0.000000			UNKNOWN	NO_HISTORY	NONE	false	INACTIVE	NO_SHADOW_HISTORY	class=UNSEEN;surface=RUNNABLE_DIRECTIONAL;reason=NO_SHADOW_HISTORY;research=54.501273;shadow=0.000000;runs=0;fills=0;trades=0;pnl=0.000000;outcome=NONE
32	31	UNSEEN	3	54.481853	54.481853	0.000000	85	54.481853	PROMOTE	multi-hypothesis-phase5-bighunt-okx-trade-20260116..20260116-20260306_205855-f52a70ed-t1__FULLSCAN_MAJOR__4b69784c2ecbc83b4c74f37b776729aa344ac86004aea99c6d31ca272f847c90	/home/deploy/quantlab-evidence-archive/20260306_slim/multi-hypothesis-phase5-bighunt-okx-trade-20260116..20260116-20260306_205855-f52a70ed-t1__FULLSCAN_MAJOR	momentum_v1	PRIMARY_DIRECTIONAL	TRANSLATABLE	BOUND_SHADOW_RUNNABLE	RUNNABLE_DIRECTIONAL	DIRECTIONAL	BOUND_DIRECTIONAL_RUNTIME	NO_SHADOW_HISTORY	1.000000	5	5	1	83696.0	5.98	MARK=WARN;FUNDING=PASS;OI=WARN	NEW	0	0	0	0	0	0	0	0.000000			UNKNOWN	NO_HISTORY	NONE	false	INACTIVE	NO_SHADOW_HISTORY	class=UNSEEN;surface=RUNNABLE_DIRECTIONAL;reason=NO_SHADOW_HISTORY;research=54.481853;shadow=0.000000;runs=0;fills=0;trades=0;pnl=0.000000;outcome=NONE
33	32	UNSEEN	3	54.088387	54.088387	0.000000	87	54.088387	PROMOTE	multi-hypothesis-phase5-bighunt-binance-trade-20260121..20260121-20260306_214501-4e811022-t1__FULLSCAN_MAJOR__7afa062325a96355adbbe0d6346dced5f8d0053b78c255359cabdf2194316a8f	/home/deploy/quantlab-evidence-archive/20260306_slim/multi-hypothesis-phase5-bighunt-binance-trade-20260121..20260121-20260306_214501-4e811022-t1__FULLSCAN_MAJOR	momentum_v1	PRIMARY_DIRECTIONAL	NOT_TRANSLATABLE_YET,TRANSLATABLE	BOUND_SHADOW_RUNNABLE,UNBOUND_TRANSLATION_REJECTED	RUNNABLE_DIRECTIONAL	DIRECTIONAL,UNBOUND	BOUND_DIRECTIONAL_RUNTIME	NO_SHADOW_HISTORY	1.000000	10	10	2	131956.0	15.11	MARK=WARN;FUNDING=WARN;OI=PASS	NEW	0	0	0	0	0	0	0	0.000000			UNKNOWN	NO_HISTORY	NONE	false	INACTIVE	NO_SHADOW_HISTORY	class=UNSEEN;surface=RUNNABLE_DIRECTIONAL;reason=NO_SHADOW_HISTORY;research=54.088387;shadow=0.000000;runs=0;fills=0;trades=0;pnl=0.000000;outcome=NONE
34	33	UNSEEN	3	54.080980	54.080980	0.000000	88	54.080980	PROMOTE	multi-hypothesis-phase5-bighunt-binance-trade-20260208..20260208-20260307_035241-27e31b23-t1__FULLSCAN_MAJOR__d20f94a082e3b2941e628382be75c0c84f3324cb7b9191cba7f4516496473681	/home/deploy/quantlab-evidence-archive/20260307_slim/multi-hypothesis-phase5-bighunt-binance-trade-20260208..20260208-20260307_035241-27e31b23-t1__FULLSCAN_MAJOR	momentum_v1	PRIMARY_DIRECTIONAL	NOT_TRANSLATABLE_YET,TRANSLATABLE	BOUND_SHADOW_RUNNABLE,UNBOUND_TRANSLATION_REJECTED	RUNNABLE_DIRECTIONAL	DIRECTIONAL,UNBOUND	BOUND_DIRECTIONAL_RUNTIME	NO_SHADOW_HISTORY	1.000000	45	45	9	651404.0	159.72	MARK=WARN;FUNDING=PASS;OI=PASS	NEW	0	0	0	0	0	0	0	0.000000			UNKNOWN	NO_HISTORY	NONE	false	INACTIVE	NO_SHADOW_HISTORY	class=UNSEEN;surface=RUNNABLE_DIRECTIONAL;reason=NO_SHADOW_HISTORY;research=54.080980;shadow=0.000000;runs=0;fills=0;trades=0;pnl=0.000000;outcome=NONE
35	34	UNSEEN	3	54.069587	54.069587	0.000000	89	54.069587	PROMOTE	multi-hypothesis-phase5-bighunt-binance-trade-20260114..20260114-20260306_195953-93f14058-t1__FULLSCAN_MAJOR__5124034542d4a116c97b8522371610001d68049b5f91123bad451397e8442b47	/home/deploy/quantlab-evidence-archive/20260306_slim/multi-hypothesis-phase5-bighunt-binance-trade-20260114..20260114-20260306_195953-93f14058-t1__FULLSCAN_MAJOR	momentum_v1	PRIMARY_DIRECTIONAL	TRANSLATABLE	BOUND_SHADOW_RUNNABLE	RUNNABLE_DIRECTIONAL	DIRECTIONAL	BOUND_DIRECTIONAL_RUNTIME	NO_SHADOW_HISTORY	1.000000	10	10	2	666416.0	155.9	MARK=WARN;FUNDING=PASS;OI=PASS	NEW	0	0	0	0	0	0	0	0.000000			UNKNOWN	NO_HISTORY	NONE	false	INACTIVE	NO_SHADOW_HISTORY	class=UNSEEN;surface=RUNNABLE_DIRECTIONAL;reason=NO_SHADOW_HISTORY;research=54.069587;shadow=0.000000;runs=0;fills=0;trades=0;pnl=0.000000;outcome=NONE
36	35	UNSEEN	3	53.759793	53.759793	0.000000	91	53.759793	PROMOTE	multi-hypothesis-phase5-bighunt-binance-trade-20260218..20260218-20260307_204156-ab940c9e-t1__FULLSCAN_MAJOR__9f96e7e73a8952a61716258a1a5a46b93e049f01fefb416d32434299c618bcfb	/home/deploy/quantlab-evidence-archive/20260307_slim/multi-hypothesis-phase5-bighunt-binance-trade-20260218..20260218-20260307_204156-ab940c9e-t1__FULLSCAN_MAJOR	momentum_v1	PRIMARY_DIRECTIONAL	NOT_TRANSLATABLE_YET,TRANSLATABLE	BOUND_SHADOW_RUNNABLE,UNBOUND_TRANSLATION_REJECTED	RUNNABLE_DIRECTIONAL	DIRECTIONAL,UNBOUND	BOUND_DIRECTIONAL_RUNTIME	NO_SHADOW_HISTORY	1.000000	35	35	7	165408.0	24.79	MARK=WARN;FUNDING=WARN;OI=PASS	NEW	0	0	0	0	0	0	0	0.000000			UNKNOWN	NO_HISTORY	NONE	false	INACTIVE	NO_SHADOW_HISTORY	class=UNSEEN;surface=RUNNABLE_DIRECTIONAL;reason=NO_SHADOW_HISTORY;research=53.759793;shadow=0.000000;runs=0;fills=0;trades=0;pnl=0.000000;outcome=NONE
37	36	UNSEEN	3	52.381520	52.381520	0.000000	95	52.381520	PROMOTE	multi-hypothesis-phase5-bighunt-binance-trade-20260210..20260210-20260307_174433-a6aebc54-t1__FULLSCAN_MAJOR__32e990d17f04bd1e999509bd49521df80cd344189f61f7f6253e472b3804023b	/home/deploy/quantlab-evidence-archive/20260307_slim/multi-hypothesis-phase5-bighunt-binance-trade-20260210..20260210-20260307_174433-a6aebc54-t1__FULLSCAN_MAJOR	momentum_v1	PRIMARY_DIRECTIONAL	NOT_TRANSLATABLE_YET,TRANSLATABLE	BOUND_SHADOW_RUNNABLE,UNBOUND_TRANSLATION_REJECTED	RUNNABLE_DIRECTIONAL	DIRECTIONAL,UNBOUND	BOUND_DIRECTIONAL_RUNTIME	NO_SHADOW_HISTORY	1.000000	45	45	9	839696.0	205.2	MARK=WARN;FUNDING=PASS;OI=PASS	NEW	0	0	0	0	0	0	0	0.000000			UNKNOWN	NO_HISTORY	NONE	false	INACTIVE	NO_SHADOW_HISTORY	class=UNSEEN;surface=RUNNABLE_DIRECTIONAL;reason=NO_SHADOW_HISTORY;research=52.381520;shadow=0.000000;runs=0;fills=0;trades=0;pnl=0.000000;outcome=NONE
38	37	UNSEEN	3	52.026067	52.026067	0.000000	96	52.026067	PROMOTE	multi-hypothesis-phase5-bighunt-binance-trade-20260211..20260211-20260307_182254-aeef712d-t1__FULLSCAN_MAJOR__109ef38d55b417d72fb6cd6e401bce04ebb6725c7e63c4fb43058018b4b69ca4	/home/deploy/quantlab-evidence-archive/20260307_slim/multi-hypothesis-phase5-bighunt-binance-trade-20260211..20260211-20260307_182254-aeef712d-t1__FULLSCAN_MAJOR	momentum_v1	PRIMARY_DIRECTIONAL	NOT_TRANSLATABLE_YET,TRANSLATABLE	BOUND_SHADOW_RUNNABLE,UNBOUND_TRANSLATION_REJECTED	RUNNABLE_DIRECTIONAL	DIRECTIONAL,UNBOUND	BOUND_DIRECTIONAL_RUNTIME	NO_SHADOW_HISTORY	1.000000	45	45	9	887120.0	212.3	MARK=WARN;FUNDING=PASS;OI=PASS	NEW	0	0	0	0	0	0	0	0.000000			UNKNOWN	NO_HISTORY	NONE	false	INACTIVE	NO_SHADOW_HISTORY	class=UNSEEN;surface=RUNNABLE_DIRECTIONAL;reason=NO_SHADOW_HISTORY;research=52.026067;shadow=0.000000;runs=0;fills=0;trades=0;pnl=0.000000;outcome=NONE
39	38	UNSEEN	3	51.717747	51.717747	0.000000	98	51.717747	PROMOTE	multi-hypothesis-phase5-bighunt-binance-trade-20260124..20260124-20260306_224806-9217e92f-t1__FULLSCAN_MAJOR__5c082b732a585add2d4dd97b244007453b25b3999e161abe14d9b0ee5d9bd628	/home/deploy/quantlab-evidence-archive/20260306_slim/multi-hypothesis-phase5-bighunt-binance-trade-20260124..20260124-20260306_224806-9217e92f-t1__FULLSCAN_MAJOR	momentum_v1	PRIMARY_DIRECTIONAL	NOT_TRANSLATABLE_YET,TRANSLATABLE	BOUND_SHADOW_RUNNABLE,UNBOUND_TRANSLATION_REJECTED	RUNNABLE_DIRECTIONAL	DIRECTIONAL,UNBOUND	BOUND_DIRECTIONAL_RUNTIME	NO_SHADOW_HISTORY	1.000000	20	20	4	1341084.0	94.61	MARK=WARN;FUNDING=PASS;OI=PASS	NEW	0	0	0	0	0	0	0	0.000000			UNKNOWN	NO_HISTORY	NONE	false	INACTIVE	NO_SHADOW_HISTORY	class=UNSEEN;surface=RUNNABLE_DIRECTIONAL;reason=NO_SHADOW_HISTORY;research=51.717747;shadow=0.000000;runs=0;fills=0;trades=0;pnl=0.000000;outcome=NONE
40	39	UNSEEN	3	50.104127	50.104127	0.000000	99	50.104127	PROMOTE	multi-hypothesis-phase5-bighunt-binance-trade-20260129..20260129-20260307_015448-7215d644-t1__FULLSCAN_MAJOR__fb237d12aefa9c9c32ae83cfa1c7d5cc157298291d8b05745e9a26843c682bbd	/home/deploy/quantlab-evidence-archive/20260307_slim/multi-hypothesis-phase5-bighunt-binance-trade-20260129..20260129-20260307_015448-7215d644-t1__FULLSCAN_MAJOR	momentum_v1	PRIMARY_DIRECTIONAL	NOT_TRANSLATABLE_YET,TRANSLATABLE	BOUND_SHADOW_RUNNABLE,UNBOUND_TRANSLATION_REJECTED	RUNNABLE_DIRECTIONAL	DIRECTIONAL,UNBOUND	BOUND_DIRECTIONAL_RUNTIME	NO_SHADOW_HISTORY	1.000000	45	45	9	1347608.0	189.47	MARK=WARN;FUNDING=PASS;OI=PASS	NEW	0	0	0	0	0	0	0	0.000000			UNKNOWN	NO_HISTORY	NONE	false	INACTIVE	NO_SHADOW_HISTORY	class=UNSEEN;surface=RUNNABLE_DIRECTIONAL;reason=NO_SHADOW_HISTORY;research=50.104127;shadow=0.000000;runs=0;fills=0;trades=0;pnl=0.000000;outcome=NONE
41	40	UNSEEN	3	50.019513	50.019513	0.000000	100	50.019513	PROMOTE	multi-hypothesis-phase5-bighunt-okx-trade-20260112..20260112-20260306_194647-f3732d7d-t1__FULLSCAN_MAJOR__a2f14ac3eefec33d888700a217e805c5e6c5b16859f76c186859fec8fd3bf141	/home/deploy/quantlab-evidence-archive/20260306_slim/multi-hypothesis-phase5-bighunt-okx-trade-20260112..20260112-20260306_194647-f3732d7d-t1__FULLSCAN_MAJOR	momentum_v1	PRIMARY_DIRECTIONAL	TRANSLATABLE	BOUND_SHADOW_RUNNABLE	RUNNABLE_DIRECTIONAL	DIRECTIONAL	BOUND_DIRECTIONAL_RUNTIME	NO_SHADOW_HISTORY	1.000000	5	5	1	560164.0	130.78	MARK=WARN;FUNDING=PASS;OI=WARN	NEW	0	0	0	0	0	0	0	0.000000			UNKNOWN	NO_HISTORY	NONE	false	INACTIVE	NO_SHADOW_HISTORY	class=UNSEEN;surface=RUNNABLE_DIRECTIONAL;reason=NO_SHADOW_HISTORY;research=50.019513;shadow=0.000000;runs=0;fills=0;trades=0;pnl=0.000000;outcome=NONE
42	41	UNSEEN	3	49.990893	49.990893	0.000000	101	49.990893	PROMOTE	multi-hypothesis-phase5-bighunt-okx-trade-20260107..20260107-20260306_183037-ccafb196-t1__FULLSCAN_MAJOR__c9b25ff2ee73679ae97b667d2e208bd1e817288901b8cf18779ba0bfe4a3c914	/home/deploy/quantlab-evidence-archive/20260306_slim/multi-hypothesis-phase5-bighunt-okx-trade-20260107..20260107-20260306_183037-ccafb196-t1__FULLSCAN_MAJOR	momentum_v1	PRIMARY_DIRECTIONAL	TRANSLATABLE	BOUND_SHADOW_RUNNABLE	RUNNABLE_DIRECTIONAL	DIRECTIONAL	BOUND_DIRECTIONAL_RUNTIME	NO_SHADOW_HISTORY	1.000000	5	5	1	566988.0	130.45	MARK=WARN;FUNDING=PASS;OI=WARN	NEW	0	0	0	0	0	0	0	0.000000			UNKNOWN	NO_HISTORY	NONE	false	INACTIVE	NO_SHADOW_HISTORY	class=UNSEEN;surface=RUNNABLE_DIRECTIONAL;reason=NO_SHADOW_HISTORY;research=49.990893;shadow=0.000000;runs=0;fills=0;trades=0;pnl=0.000000;outcome=NONE
43	42	UNSEEN	3	49.954153	49.954153	0.000000	102	49.954153	PROMOTE	multi-hypothesis-phase5-bighunt-binance-trade-20260123..20260123-20260306_223341-14b84771-t1__FULLSCAN_MAJOR__2c7ff062e01fd56541cc28fa6f89ed8acf6a7ab849ef36e08028536c36e3dd1e	/home/deploy/quantlab-evidence-archive/20260306_slim/multi-hypothesis-phase5-bighunt-binance-trade-20260123..20260123-20260306_223341-14b84771-t1__FULLSCAN_MAJOR	momentum_v1	PRIMARY_DIRECTIONAL	TRANSLATABLE	BOUND_SHADOW_RUNNABLE	RUNNABLE_DIRECTIONAL	DIRECTIONAL	BOUND_DIRECTIONAL_RUNTIME	NO_SHADOW_HISTORY	1.000000	10	10	2	569836.0	131.8	MARK=WARN;FUNDING=WARN;OI=PASS	NEW	0	0	0	0	0	0	0	0.000000			UNKNOWN	NO_HISTORY	NONE	false	INACTIVE	NO_SHADOW_HISTORY	class=UNSEEN;surface=RUNNABLE_DIRECTIONAL;reason=NO_SHADOW_HISTORY;research=49.954153;shadow=0.000000;runs=0;fills=0;trades=0;pnl=0.000000;outcome=NONE
44	43	UNSEEN	3	49.786553	49.786553	0.000000	103	49.786553	PROMOTE	multi-hypothesis-phase5-bighunt-binance-trade-20260115..20260115-20260306_203035-2a65e9d0-t1__FULLSCAN_MAJOR__ff21929d1fd4d1958a603793b6e4d5dbcba9d9b06426c1af4fc2e6d359071a50	/home/deploy/quantlab-evidence-archive/20260306_slim/multi-hypothesis-phase5-bighunt-binance-trade-20260115..20260115-20260306_203035-2a65e9d0-t1__FULLSCAN_MAJOR	momentum_v1	PRIMARY_DIRECTIONAL	TRANSLATABLE	BOUND_SHADOW_RUNNABLE	RUNNABLE_DIRECTIONAL	DIRECTIONAL	BOUND_DIRECTIONAL_RUNTIME	NO_SHADOW_HISTORY	1.000000	15	15	3	584556.0	137.44	MARK=WARN;FUNDING=WARN;OI=PASS	NEW	0	0	0	0	0	0	0	0.000000			UNKNOWN	NO_HISTORY	NONE	false	INACTIVE	NO_SHADOW_HISTORY	class=UNSEEN;surface=RUNNABLE_DIRECTIONAL;reason=NO_SHADOW_HISTORY;research=49.786553;shadow=0.000000;runs=0;fills=0;trades=0;pnl=0.000000;outcome=NONE
45	44	UNSEEN	3	49.148893	49.148893	0.000000	104	49.148893	PROMOTE	multi-hypothesis-phase5-bighunt-binance-trade-20260203..20260203-20260307_025556-bf3a78e9-t1__FULLSCAN_MAJOR__4a020d49e5cff5a25d7dec9341dad9394d46ccd737a6cf45816f018487990806	/home/deploy/quantlab-evidence-archive/20260307_slim/multi-hypothesis-phase5-bighunt-binance-trade-20260203..20260203-20260307_025556-bf3a78e9-t1__FULLSCAN_MAJOR	momentum_v1	PRIMARY_DIRECTIONAL	NOT_TRANSLATABLE_YET,TRANSLATABLE	BOUND_SHADOW_RUNNABLE,UNBOUND_TRANSLATION_REJECTED	RUNNABLE_DIRECTIONAL	DIRECTIONAL,UNBOUND	BOUND_DIRECTIONAL_RUNTIME	NO_SHADOW_HISTORY	1.000000	45	45	9	1171288.0	299.68	MARK=WARN;FUNDING=PASS;OI=PASS	NEW	0	0	0	0	0	0	0	0.000000			UNKNOWN	NO_HISTORY	NONE	false	INACTIVE	NO_SHADOW_HISTORY	class=UNSEEN;surface=RUNNABLE_DIRECTIONAL;reason=NO_SHADOW_HISTORY;research=49.148893;shadow=0.000000;runs=0;fills=0;trades=0;pnl=0.000000;outcome=NONE
46	45	UNSEEN	3	49.102947	49.102947	0.000000	105	49.102947	PROMOTE	multi-hypothesis-phase5-bighunt-binance-trade-20260105..20260105-20260306_172655-28e17bc8-t1__FULLSCAN_MAJOR__751857de5b715a097ccc2df74b09a90235c36bc8c01407718282295bd227c109	/home/deploy/quantlab-evidence-archive/20260306_slim/multi-hypothesis-phase5-bighunt-binance-trade-20260105..20260105-20260306_172655-28e17bc8-t1__FULLSCAN_MAJOR	momentum_v1	PRIMARY_DIRECTIONAL	NOT_TRANSLATABLE_YET,TRANSLATABLE	BOUND_SHADOW_RUNNABLE,UNBOUND_TRANSLATION_REJECTED	RUNNABLE_DIRECTIONAL	DIRECTIONAL,UNBOUND	BOUND_DIRECTIONAL_RUNTIME	NO_SHADOW_HISTORY	1.000000	10	10	2	710744.0	140.6	MARK=WARN;FUNDING=WARN;OI=PASS	NEW	0	0	0	0	0	0	0	0.000000			UNKNOWN	NO_HISTORY	NONE	false	INACTIVE	NO_SHADOW_HISTORY	class=UNSEEN;surface=RUNNABLE_DIRECTIONAL;reason=NO_SHADOW_HISTORY;research=49.102947;shadow=0.000000;runs=0;fills=0;trades=0;pnl=0.000000;outcome=NONE
47	46	UNSEEN	3	48.975580	48.975580	0.000000	106	48.975580	PROMOTE	multi-hypothesis-phase5-bighunt-okx-trade-20260122..20260122-20260306_221828-28523733-t1__FULLSCAN_MAJOR__066147494550bcf4b8c7d807a6124d7e254094cc9094a82fa877c3e447a97f0d	/home/deploy/quantlab-evidence-archive/20260306_slim/multi-hypothesis-phase5-bighunt-okx-trade-20260122..20260122-20260306_221828-28523733-t1__FULLSCAN_MAJOR	momentum_v1	PRIMARY_DIRECTIONAL	TRANSLATABLE	BOUND_SHADOW_RUNNABLE	RUNNABLE_DIRECTIONAL	DIRECTIONAL	BOUND_DIRECTIONAL_RUNTIME	NO_SHADOW_HISTORY	1.000000	10	10	2	679684.0	157.56	MARK=WARN;FUNDING=PASS;OI=WARN	NEW	0	0	0	0	0	0	0	0.000000			UNKNOWN	NO_HISTORY	NONE	false	INACTIVE	NO_SHADOW_HISTORY	class=UNSEEN;surface=RUNNABLE_DIRECTIONAL;reason=NO_SHADOW_HISTORY;research=48.975580;shadow=0.000000;runs=0;fills=0;trades=0;pnl=0.000000;outcome=NONE
48	47	UNSEEN	3	48.237700	48.237700	0.000000	108	48.237700	PROMOTE	multi-hypothesis-phase5-bighunt-binance-trade-20260126..20260126-20260306_234314-3c90bac0-t1__FULLSCAN_MAJOR__bd7c0351d59f666e4bca3f75240dbf81f4e23563f492f5cea7931f6631cea73d	/home/deploy/quantlab-evidence-archive/20260306_slim/multi-hypothesis-phase5-bighunt-binance-trade-20260126..20260126-20260306_234314-3c90bac0-t1__FULLSCAN_MAJOR	momentum_v1	PRIMARY_DIRECTIONAL	NOT_TRANSLATABLE_YET,TRANSLATABLE	BOUND_SHADOW_RUNNABLE,UNBOUND_TRANSLATION_REJECTED	RUNNABLE_DIRECTIONAL	DIRECTIONAL,UNBOUND	BOUND_DIRECTIONAL_RUNTIME	NO_SHADOW_HISTORY	1.000000	45	45	9	1865760.0	146.01	MARK=WARN;FUNDING=PASS;OI=PASS	NEW	0	0	0	0	0	0	0	0.000000			UNKNOWN	NO_HISTORY	NONE	false	INACTIVE	NO_SHADOW_HISTORY	class=UNSEEN;surface=RUNNABLE_DIRECTIONAL;reason=NO_SHADOW_HISTORY;research=48.237700;shadow=0.000000;runs=0;fills=0;trades=0;pnl=0.000000;outcome=NONE
49	48	UNSEEN	3	48.082353	48.082353	0.000000	109	48.082353	PROMOTE	multi-hypothesis-phase5-bighunt-binance-trade-20260127..20260127-20260307_002719-09d1bb2e-t1__FULLSCAN_MAJOR__d1f931f6386fcfb70f46c1ebaf8dd39e16dd790a36b804aeed81975472127ae0	/home/deploy/quantlab-evidence-archive/20260307_slim/multi-hypothesis-phase5-bighunt-binance-trade-20260127..20260127-20260307_002719-09d1bb2e-t1__FULLSCAN_MAJOR	momentum_v1	PRIMARY_DIRECTIONAL	NOT_TRANSLATABLE_YET,TRANSLATABLE	BOUND_SHADOW_RUNNABLE,UNBOUND_TRANSLATION_REJECTED	RUNNABLE_DIRECTIONAL	DIRECTIONAL,UNBOUND	BOUND_DIRECTIONAL_RUNTIME	NO_SHADOW_HISTORY	1.000000	45	45	9	1781596.0	180.58	MARK=WARN;FUNDING=PASS;OI=PASS	NEW	0	0	0	0	0	0	0	0.000000			UNKNOWN	NO_HISTORY	NONE	false	INACTIVE	NO_SHADOW_HISTORY	class=UNSEEN;surface=RUNNABLE_DIRECTIONAL;reason=NO_SHADOW_HISTORY;research=48.082353;shadow=0.000000;runs=0;fills=0;trades=0;pnl=0.000000;outcome=NONE
50	49	UNSEEN	3	47.746687	47.746687	0.000000	110	47.746687	PROMOTE	multi-hypothesis-phase5-bighunt-binance-trade-20260226..20260227-20260305_151319-51538807-t1__FULLSCAN_MAJOR__8ac2b96b23fa74bc83b194c6873debdbd2fe5d3c46556b1ef0a8725a137a758a	/home/deploy/quantlab-evidence-archive/20260305_slim/multi-hypothesis-phase5-bighunt-binance-trade-20260226..20260227-20260305_151319-51538807-t1__FULLSCAN_MAJOR	momentum_v1	PRIMARY_DIRECTIONAL	NOT_TRANSLATABLE_YET,TRANSLATABLE	BOUND_SHADOW_RUNNABLE,UNBOUND_TRANSLATION_REJECTED	RUNNABLE_DIRECTIONAL	DIRECTIONAL,UNBOUND	BOUND_DIRECTIONAL_RUNTIME	NO_SHADOW_HISTORY	1.000000	35	35	7	268996.0	54.5	MARK=NA;FUNDING=NA;OI=NA	NEW	0	0	0	0	0	0	0	0.000000			UNKNOWN	NO_HISTORY	NONE	false	INACTIVE	NO_SHADOW_HISTORY	class=UNSEEN;surface=RUNNABLE_DIRECTIONAL;reason=NO_SHADOW_HISTORY;research=47.746687;shadow=0.000000;runs=0;fills=0;trades=0;pnl=0.000000;outcome=NONE
51	50	UNSEEN	3	47.550833	47.550833	0.000000	111	47.550833	PROMOTE	multi-hypothesis-phase5-bighunt-binance-trade-20260227..20260228-20260305_151704-70b0f1f2-t1__FULLSCAN_MAJOR__019c89bf9e4986b03df85ef2f7f72e6367aec30c55fe59a76329e81e716e3e1d	/home/deploy/quantlab-evidence-archive/20260305_slim/multi-hypothesis-phase5-bighunt-binance-trade-20260227..20260228-20260305_151704-70b0f1f2-t1__FULLSCAN_MAJOR	momentum_v1	PRIMARY_DIRECTIONAL	NOT_TRANSLATABLE_YET,TRANSLATABLE	BOUND_SHADOW_RUNNABLE,UNBOUND_TRANSLATION_REJECTED	RUNNABLE_DIRECTIONAL	DIRECTIONAL,UNBOUND	BOUND_DIRECTIONAL_RUNTIME	NO_SHADOW_HISTORY	1.000000	35	35	7	292500.0	59.2	MARK=NA;FUNDING=NA;OI=NA	NEW	0	0	0	0	0	0	0	0.000000			UNKNOWN	NO_HISTORY	NONE	false	INACTIVE	NO_SHADOW_HISTORY	class=UNSEEN;surface=RUNNABLE_DIRECTIONAL;reason=NO_SHADOW_HISTORY;research=47.550833;shadow=0.000000;runs=0;fills=0;trades=0;pnl=0.000000;outcome=NONE
52	51	UNSEEN	3	47.452507	47.452507	0.000000	112	47.452507	PROMOTE	multi-hypothesis-phase5-bighunt-binance-trade-20260128..20260128-20260307_011221-8407b3d3-t1__FULLSCAN_MAJOR__ec98bad7de5d542800d3ad56cba327d120e6abd1f8b34f1c994f9fd2a3f2c150	/home/deploy/quantlab-evidence-archive/20260307_slim/multi-hypothesis-phase5-bighunt-binance-trade-20260128..20260128-20260307_011221-8407b3d3-t1__FULLSCAN_MAJOR	momentum_v1	PRIMARY_DIRECTIONAL	NOT_TRANSLATABLE_YET,TRANSLATABLE	BOUND_SHADOW_RUNNABLE,UNBOUND_TRANSLATION_REJECTED	RUNNABLE_DIRECTIONAL	DIRECTIONAL,UNBOUND	BOUND_DIRECTIONAL_RUNTIME	NO_SHADOW_HISTORY	1.000000	45	45	9	1981532.0	158.39	MARK=WARN;FUNDING=PASS;OI=PASS	NEW	0	0	0	0	0	0	0	0.000000			UNKNOWN	NO_HISTORY	NONE	false	INACTIVE	NO_SHADOW_HISTORY	class=UNSEEN;surface=RUNNABLE_DIRECTIONAL;reason=NO_SHADOW_HISTORY;research=47.452507;shadow=0.000000;runs=0;fills=0;trades=0;pnl=0.000000;outcome=NONE
53	52	UNSEEN	3	35.283167	35.283167	0.000000	113	35.283167	PROMOTE	multi-hypothesis-phase5-bighunt-binance-trade-20260126..20260127-20260305_083648__FULLSCAN_MAJOR__ebd38ebaf46bc6e517de467e8934695a51b2ddfaa11fd85c6c3cd7e3aa2c37d9	/home/deploy/quantlab-evidence-archive/20260305_slim/multi-hypothesis-phase5-bighunt-binance-trade-20260126..20260127-20260305_083648__FULLSCAN_MAJOR	momentum_v1	PRIMARY_DIRECTIONAL	NOT_TRANSLATABLE_YET,TRANSLATABLE	BOUND_SHADOW_RUNNABLE,UNBOUND_TRANSLATION_REJECTED	RUNNABLE_DIRECTIONAL	DIRECTIONAL,UNBOUND	BOUND_DIRECTIONAL_RUNTIME	NO_SHADOW_HISTORY	1.000000	45	45	9	2305968.0	283.01	MARK=NA;FUNDING=NA;OI=NA	NEW	0	0	0	0	0	0	0	0.000000			UNKNOWN	NO_HISTORY	NONE	false	INACTIVE	NO_SHADOW_HISTORY	class=UNSEEN;surface=RUNNABLE_DIRECTIONAL;reason=NO_SHADOW_HISTORY;research=35.283167;shadow=0.000000;runs=0;fills=0;trades=0;pnl=0.000000;outcome=NONE
54	53	UNSEEN	3	35.236000	35.236000	0.000000	114	35.236000	PROMOTE	multi-hypothesis-phase5-bighunt-binance-trade-20260126..20260127-20260305_143035-3a902547-t1__FULLSCAN_MAJOR__1b6f450b5fdc49667e1a8876dc3ebe7e852f9b681f074025f0f408840c4bc1d6	/home/deploy/quantlab-evidence-archive/20260305_slim/multi-hypothesis-phase5-bighunt-binance-trade-20260126..20260127-20260305_143035-3a902547-t1__FULLSCAN_MAJOR	momentum_v1	PRIMARY_DIRECTIONAL	NOT_TRANSLATABLE_YET,TRANSLATABLE	BOUND_SHADOW_RUNNABLE,UNBOUND_TRANSLATION_REJECTED	RUNNABLE_DIRECTIONAL	DIRECTIONAL,UNBOUND	BOUND_DIRECTIONAL_RUNTIME	NO_SHADOW_HISTORY	1.000000	45	45	9	2117556.0	285.84	MARK=NA;FUNDING=NA;OI=NA	NEW	0	0	0	0	0	0	0	0.000000			UNKNOWN	NO_HISTORY	NONE	false	INACTIVE	NO_SHADOW_HISTORY	class=UNSEEN;surface=RUNNABLE_DIRECTIONAL;reason=NO_SHADOW_HISTORY;research=35.236000;shadow=0.000000;runs=0;fills=0;trades=0;pnl=0.000000;outcome=NONE
55	54	UNSEEN	3	35.217333	35.217333	0.000000	115	35.217333	PROMOTE	multi-hypothesis-phase5-bighunt-binance-trade-20260126..20260127-20260305_092410-67fecfdd-t1__FULLSCAN_MAJOR__69497c795097c9ae2f088717297d039f279126d919515ba75c95931a0f7dcdeb	/home/deploy/quantlab-evidence-archive/20260305_slim/multi-hypothesis-phase5-bighunt-binance-trade-20260126..20260127-20260305_092410-67fecfdd-t1__FULLSCAN_MAJOR	momentum_v1	PRIMARY_DIRECTIONAL	NOT_TRANSLATABLE_YET,TRANSLATABLE	BOUND_SHADOW_RUNNABLE,UNBOUND_TRANSLATION_REJECTED	RUNNABLE_DIRECTIONAL	DIRECTIONAL,UNBOUND	BOUND_DIRECTIONAL_RUNTIME	NO_SHADOW_HISTORY	1.000000	45	45	9	2303252.0	286.96	MARK=NA;FUNDING=NA;OI=NA	NEW	0	0	0	0	0	0	0	0.000000			UNKNOWN	NO_HISTORY	NONE	false	INACTIVE	NO_SHADOW_HISTORY	class=UNSEEN;surface=RUNNABLE_DIRECTIONAL;reason=NO_SHADOW_HISTORY;research=35.217333;shadow=0.000000;runs=0;fills=0;trades=0;pnl=0.000000;outcome=NONE
56	55	UNSEEN	3	35.128333	35.128333	0.000000	117	35.128333	PROMOTE	multi-hypothesis-phase5-bighunt-binance-trade-20260127..20260128-20260305_140837-a1512783-t2__FULLSCAN_MAJOR__8736983bb5e4c7826c7d88085a27231e2fb834bc9a2f4e6cfcf149988c4330e8	/home/deploy/quantlab-evidence-archive/20260305_slim/multi-hypothesis-phase5-bighunt-binance-trade-20260127..20260128-20260305_140837-a1512783-t2__FULLSCAN_MAJOR	momentum_v1	PRIMARY_DIRECTIONAL	NOT_TRANSLATABLE_YET,TRANSLATABLE	BOUND_SHADOW_RUNNABLE,UNBOUND_TRANSLATION_REJECTED	RUNNABLE_DIRECTIONAL	DIRECTIONAL,UNBOUND	BOUND_DIRECTIONAL_RUNTIME	NO_SHADOW_HISTORY	1.000000	45	45	9	2125480.0	292.3	MARK=NA;FUNDING=NA;OI=NA	NEW	0	0	0	0	0	0	0	0.000000			UNKNOWN	NO_HISTORY	NONE	false	INACTIVE	NO_SHADOW_HISTORY	class=UNSEEN;surface=RUNNABLE_DIRECTIONAL;reason=NO_SHADOW_HISTORY;research=35.128333;shadow=0.000000;runs=0;fills=0;trades=0;pnl=0.000000;outcome=NONE
57	1	NO_SIGNAL	4	58.288327	58.788327	-0.500000	45	58.788327	PROMOTE	multi-hypothesis-phase5-bighunt-binance-trade-20260214..20260214-20260307_194028-8a3131f7-t1__FULLSCAN_MAJOR__4321db8bcf29cbd86ec527f7637e035a044bcc34acb9f9df1fc25466b724ff52	/home/deploy/quantlab-evidence-archive/20260307_slim/multi-hypothesis-phase5-bighunt-binance-trade-20260214..20260214-20260307_194028-8a3131f7-t1__FULLSCAN_MAJOR	momentum_v1	PRIMARY_DIRECTIONAL	NOT_TRANSLATABLE_YET,TRANSLATABLE	BOUND_SHADOW_RUNNABLE,UNBOUND_TRANSLATION_REJECTED	RUNNABLE_DIRECTIONAL	DIRECTIONAL,UNBOUND	BOUND_DIRECTIONAL_RUNTIME	OBSERVED_NO_FILL_BACKED_SIGNAL	1.000000	35	35	7	163068.0	23.78	MARK=WARN;FUNDING=PASS;OI=PASS	NEW	1	0	0	1	0	0	0	0.000000		2026-03-16T07:26:06Z	FLAT_NO_FILLS	FLAT_BIAS	STABLE_FLAT	false	INACTIVE	NO_FILL_ACTIVITY	class=NO_SIGNAL;surface=RUNNABLE_DIRECTIONAL;reason=OBSERVED_NO_FILL_BACKED_SIGNAL;research=58.788327;shadow=-0.500000;runs=1;fills=0;trades=0;pnl=0.000000;outcome=STABLE_FLAT
58	2	NO_SIGNAL	4	58.272287	58.772287	-0.500000	46	58.772287	PROMOTE	multi-hypothesis-phase5-bighunt-binance-trade-20260312..20260312-20260313_035447-26a42e35-t1__FULLSCAN_MAJOR__6970c1af8b30624dcdcad1701abaccb079d90e551b8bc66f1d69ea75384e0395	/home/deploy/quantlab-evidence-archive/20260313_slim/multi-hypothesis-phase5-bighunt-binance-trade-20260312..20260312-20260313_035447-26a42e35-t1__FULLSCAN_MAJOR	momentum_v1	PRIMARY_DIRECTIONAL	NOT_TRANSLATABLE_YET,TRANSLATABLE	BOUND_SHADOW_RUNNABLE,UNBOUND_TRANSLATION_REJECTED	RUNNABLE_DIRECTIONAL	DIRECTIONAL,UNBOUND	BOUND_DIRECTIONAL_RUNTIME	OBSERVED_NO_FILL_BACKED_SIGNAL	1.000000	35	35	7	163076.0	24.74	MARK=WARN;FUNDING=PASS;OI=PASS	NEW	1	0	0	1	0	0	0	0.000000		2026-03-16T07:31:10Z	FLAT_NO_FILLS	FLAT_BIAS	STABLE_FLAT	false	INACTIVE	NO_FILL_ACTIVITY	class=NO_SIGNAL;surface=RUNNABLE_DIRECTIONAL;reason=OBSERVED_NO_FILL_BACKED_SIGNAL;research=58.772287;shadow=-0.500000;runs=1;fills=0;trades=0;pnl=0.000000;outcome=STABLE_FLAT
59	3	NO_SIGNAL	4	57.748700	58.748700	-1.000000	48	58.748700	PROMOTE	multi-hypothesis-phase5-bighunt-binance-trade-20260220..20260220-20260307_211155-2b6661b0-t1__FULLSCAN_MAJOR__30395e47ca66656c9145a313820cb279cdf0c67eaf8ea62e4299d6178647a296	/home/deploy/quantlab-evidence-archive/20260307_slim/multi-hypothesis-phase5-bighunt-binance-trade-20260220..20260220-20260307_211155-2b6661b0-t1__FULLSCAN_MAJOR	momentum_v1	PRIMARY_DIRECTIONAL	TRANSLATABLE	BOUND_SHADOW_RUNNABLE	RUNNABLE_DIRECTIONAL	DIRECTIONAL	BOUND_DIRECTIONAL_RUNTIME	OBSERVED_NO_FILL_BACKED_SIGNAL	1.000000	35	35	7	167460.0	24.84	MARK=WARN;FUNDING=PASS;OI=PASS	NEW	0	0	0	0	0	0	0	0.000000			UNKNOWN	NO_HISTORY	NONE	false	ACTIVE	UNKNOWN	class=NO_SIGNAL;surface=RUNNABLE_DIRECTIONAL;reason=OBSERVED_NO_FILL_BACKED_SIGNAL;research=58.748700;shadow=-1.000000;runs=0;fills=0;trades=0;pnl=0.000000;outcome=NONE
60	4	NO_SIGNAL	4	57.723567	58.723567	-1.000000	49	58.723567	PROMOTE	multi-hypothesis-phase5-bighunt-binance-trade-20260212..20260212-20260307_190811-305e36d6-t1__FULLSCAN_MAJOR__38c9532cf07240734c43483156461431f2e36ddaf49ce3a1b35eab0e1976745f	/home/deploy/quantlab-evidence-archive/20260307_slim/multi-hypothesis-phase5-bighunt-binance-trade-20260212..20260212-20260307_190811-305e36d6-t1__FULLSCAN_MAJOR	momentum_v1	PRIMARY_DIRECTIONAL	NOT_TRANSLATABLE_YET,TRANSLATABLE	BOUND_SHADOW_RUNNABLE,UNBOUND_TRANSLATION_REJECTED	RUNNABLE_DIRECTIONAL	DIRECTIONAL,UNBOUND	BOUND_DIRECTIONAL_RUNTIME	OBSERVED_NO_FILL_BACKED_SIGNAL	1.000000	35	35	7	170620.0	25.4	MARK=WARN;FUNDING=PASS;OI=PASS	NEW	0	0	0	0	0	0	0	0.000000			UNKNOWN	NO_HISTORY	NONE	false	ACTIVE	UNKNOWN	class=NO_SIGNAL;surface=RUNNABLE_DIRECTIONAL;reason=OBSERVED_NO_FILL_BACKED_SIGNAL;research=58.723567;shadow=-1.000000;runs=0;fills=0;trades=0;pnl=0.000000;outcome=NONE
61	1	WEAK	5	86.942920	81.042920	5.900000	7	81.042920	PROMOTE_STRONG	multi-hypothesis-phase5-bighunt-binance-trade-20260107..20260107-20260306_182339-085459e1-t1__FULLSCAN_MAJOR__adadb3fb6a50be0cb204257bc83e1a485d66b86f76e4c61cd7b72de8affe21ff	/home/deploy/quantlab-evidence-archive/20260306_slim/multi-hypothesis-phase5-bighunt-binance-trade-20260107..20260107-20260306_182339-085459e1-t1__FULLSCAN_MAJOR	momentum_v1	PRIMARY_DIRECTIONAL	TRANSLATABLE	BOUND_SHADOW_RUNNABLE	RUNNABLE_DIRECTIONAL	DIRECTIONAL	BOUND_DIRECTIONAL_RUNTIME	NEGATIVE_REALIZED_SHADOW	1.000000	5	5	1	453616.0	101.34	MARK=PASS;FUNDING=PASS;OI=PASS	NEW	39	37	36	2	36	1	1	-229.148960	2026-03-15T15:21:34Z	2026-03-16T06:29:12Z	FLAT_NO_FILLS	FLAT_BIAS	STABLE_FLAT	true	INACTIVE	CLOSED_CYCLE_PRESENT	class=WEAK;surface=RUNNABLE_DIRECTIONAL;reason=NEGATIVE_REALIZED_SHADOW;research=81.042920;shadow=5.900000;runs=39;fills=37;trades=1;pnl=-229.148960;outcome=STABLE_FLAT
62	2	WEAK	5	62.779029	58.806807	3.972222	43	58.806807	PROMOTE	multi-hypothesis-phase5-bighunt-binance-trade-20260219..20260219-20260307_205704-1693779d-t1__FULLSCAN_MAJOR__17450945191bc84476ad00ca57ea1144aa94b841302c6a30666e9d055b191cfa	/home/deploy/quantlab-evidence-archive/20260307_slim/multi-hypothesis-phase5-bighunt-binance-trade-20260219..20260219-20260307_205704-1693779d-t1__FULLSCAN_MAJOR	momentum_v1	PRIMARY_DIRECTIONAL	NOT_TRANSLATABLE_YET,TRANSLATABLE	BOUND_SHADOW_RUNNABLE,UNBOUND_TRANSLATION_REJECTED	RUNNABLE_DIRECTIONAL	DIRECTIONAL,UNBOUND	BOUND_DIRECTIONAL_RUNTIME	NEGATIVE_REALIZED_SHADOW	1.000000	35	35	7	161172.0	23.24	MARK=WARN;FUNDING=PASS;OI=PASS	NEW	13	7	7	6	5	2	3	-0.555564	2026-03-16T06:31:35Z	2026-03-16T07:00:53Z	FLAT_NO_FILLS	FLAT_BIAS	STABLE_FLAT	true	INACTIVE	CLOSED_CYCLE_PRESENT	class=WEAK;surface=RUNNABLE_DIRECTIONAL;reason=NEGATIVE_REALIZED_SHADOW;research=58.806807;shadow=3.972222;runs=13;fills=7;trades=3;pnl=-0.555564;outcome=STABLE_FLAT
63	3	WEAK	5	55.790684	58.790813	-3.000129	44	58.790813	PROMOTE	multi-hypothesis-phase5-bighunt-binance-trade-20260217..20260217-20260307_202639-d50308f1-t1__FULLSCAN_MAJOR__0ed2163a25825fb69199b5b3c917e0412d8555b71f57d3507335e51aae0125ab	/home/deploy/quantlab-evidence-archive/20260307_slim/multi-hypothesis-phase5-bighunt-binance-trade-20260217..20260217-20260307_202639-d50308f1-t1__FULLSCAN_MAJOR	momentum_v1	PRIMARY_DIRECTIONAL	NOT_TRANSLATABLE_YET,TRANSLATABLE	BOUND_SHADOW_RUNNABLE,UNBOUND_TRANSLATION_REJECTED	RUNNABLE_DIRECTIONAL	DIRECTIONAL,UNBOUND	BOUND_DIRECTIONAL_RUNTIME	NEGATIVE_REALIZED_SHADOW	1.000000	35	35	7	163804.0	23.41	MARK=WARN;FUNDING=PASS;OI=PASS	NEW	8	3	3	5	2	1	2	-0.002579	2026-03-16T07:21:03Z	2026-03-16T07:21:03Z	REALIZED_LOSS	FLAT_BIAS	MIXED_RECENT	true	INACTIVE	CLOSED_CYCLE_PRESENT	class=WEAK;surface=RUNNABLE_DIRECTIONAL;reason=NEGATIVE_REALIZED_SHADOW;research=58.790813;shadow=-3.000129;runs=8;fills=3;trades=2;pnl=-0.002579;outcome=MIXED_RECENT
64	1	OBSERVE_ONLY	6	85.034273	84.534273	0.500000	1	84.534273	PROMOTE_STRONG	multi-hypothesis-phase5-bighunt-bybit-bbo-20260123..20260123-20260306_223808-e82ed9c0-t1__FULLSCAN_MAJOR__5979d5ea67bd3cb9eb515f0a91210ecc2486345d42cf93e9504bc1bec2078590	/home/deploy/quantlab-evidence-archive/20260306_slim/multi-hypothesis-phase5-bighunt-bybit-bbo-20260123..20260123-20260306_223808-e82ed9c0-t1__FULLSCAN_MAJOR	spread_reversion_v1	CONTEXT_GUARD	TRANSLATABLE	BOUND_SHADOW_RUNNABLE	OBSERVE_ONLY	OBSERVE_ONLY	BOUND_OBSERVE_ONLY_RUNTIME	OBSERVE_ONLY_BINDING	1.000000	1	1	5	85212.0	2.38	MARK=PASS;FUNDING=PASS;OI=PASS	NEW	13	0	0	13	0	0	0	0.000000		2026-03-09T04:51:40Z	FLAT_NO_FILLS	FLAT_BIAS	STABLE_FLAT	false	INACTIVE	NO_FILL_ACTIVITY	class=OBSERVE_ONLY;surface=OBSERVE_ONLY;reason=OBSERVE_ONLY_BINDING;research=84.534273;shadow=0.500000;runs=13;fills=0;trades=0;pnl=0.000000;outcome=STABLE_FLAT
65	2	OBSERVE_ONLY	6	84.530507	84.530507	0.000000	2	84.530507	PROMOTE_STRONG	multi-hypothesis-phase5-bighunt-bybit-bbo-20260108..20260108-20260306_184546-9de45c6d-t1__FULLSCAN_MAJOR__255f98f931649cfa357b4d27bbec76d309b16b8baedabaa4d76c8f4539a54b2f	/home/deploy/quantlab-evidence-archive/20260306_slim/multi-hypothesis-phase5-bighunt-bybit-bbo-20260108..20260108-20260306_184546-9de45c6d-t1__FULLSCAN_MAJOR	spread_reversion_v1	CONTEXT_GUARD	TRANSLATABLE	BOUND_SHADOW_RUNNABLE	OBSERVE_ONLY	OBSERVE_ONLY	BOUND_OBSERVE_ONLY_RUNTIME	OBSERVE_ONLY_BINDING	1.000000	1	1	5	87532.0	1.91	MARK=PASS;FUNDING=PASS;OI=PASS	NEW	0	0	0	0	0	0	0	0.000000			UNKNOWN	NO_HISTORY	NONE	false	INACTIVE	NO_SHADOW_HISTORY	class=OBSERVE_ONLY;surface=OBSERVE_ONLY;reason=OBSERVE_ONLY_BINDING;research=84.530507;shadow=0.000000;runs=0;fills=0;trades=0;pnl=0.000000;outcome=NONE
66	3	OBSERVE_ONLY	6	84.479600	84.479600	0.000000	3	84.479600	PROMOTE_STRONG	multi-hypothesis-phase5-bighunt-bybit-bbo-20260122..20260122-20260306_221422-3f8200a1-t1__FULLSCAN_MAJOR__d0c128d531f4d13acb95f5c1492ad541dd99f3364496cd6ce0c5801403dbfe96	/home/deploy/quantlab-evidence-archive/20260306_slim/multi-hypothesis-phase5-bighunt-bybit-bbo-20260122..20260122-20260306_221422-3f8200a1-t1__FULLSCAN_MAJOR	spread_reversion_v1	CONTEXT_GUARD	TRANSLATABLE	BOUND_SHADOW_RUNNABLE	OBSERVE_ONLY	OBSERVE_ONLY	BOUND_OBSERVE_ONLY_RUNTIME	OBSERVE_ONLY_BINDING	1.000000	3	3	15	95980.0	2.43	MARK=PASS;FUNDING=PASS;OI=PASS	NEW	0	0	0	0	0	0	0	0.000000			UNKNOWN	NO_HISTORY	NONE	false	INACTIVE	NO_SHADOW_HISTORY	class=OBSERVE_ONLY;surface=OBSERVE_ONLY;reason=OBSERVE_ONLY_BINDING;research=84.479600;shadow=0.000000;runs=0;fills=0;trades=0;pnl=0.000000;outcome=NONE
67	4	OBSERVE_ONLY	6	84.441987	84.441987	0.000000	4	84.441987	PROMOTE_STRONG	multi-hypothesis-phase5-bighunt-bybit-bbo-20260115..20260115-20260306_203542-67a6cf84-t1__FULLSCAN_MAJOR__5d1c022d828df2bc3c95613148ef5ab02c68b515ee8569008de83dbbe586e8ad	/home/deploy/quantlab-evidence-archive/20260306_slim/multi-hypothesis-phase5-bighunt-bybit-bbo-20260115..20260115-20260306_203542-67a6cf84-t1__FULLSCAN_MAJOR	spread_reversion_v1	CONTEXT_GUARD	TRANSLATABLE	BOUND_SHADOW_RUNNABLE	OBSERVE_ONLY	OBSERVE_ONLY	BOUND_OBSERVE_ONLY_RUNTIME	OBSERVE_ONLY_BINDING	1.000000	1	1	5	103736.0	2.36	MARK=PASS;FUNDING=PASS;OI=PASS	NEW	0	0	0	0	0	0	0	0.000000			UNKNOWN	NO_HISTORY	NONE	false	INACTIVE	NO_SHADOW_HISTORY	class=OBSERVE_ONLY;surface=OBSERVE_ONLY;reason=OBSERVE_ONLY_BINDING;research=84.441987;shadow=0.000000;runs=0;fills=0;trades=0;pnl=0.000000;outcome=NONE
68	5	OBSERVE_ONLY	6	84.441547	84.441547	0.000000	5	84.441547	PROMOTE_STRONG	multi-hypothesis-phase5-bighunt-bybit-bbo-20260124..20260124-20260306_225148-5980ca43-t1__FULLSCAN_MAJOR__6d279d08dd446e44ae4841d873e7cc8f848607d9d64794c63350a3e6c68fa550	/home/deploy/quantlab-evidence-archive/20260306_slim/multi-hypothesis-phase5-bighunt-bybit-bbo-20260124..20260124-20260306_225148-5980ca43-t1__FULLSCAN_MAJOR	spread_reversion_v1	CONTEXT_GUARD	TRANSLATABLE	BOUND_SHADOW_RUNNABLE	OBSERVE_ONLY	OBSERVE_ONLY	BOUND_OBSERVE_ONLY_RUNTIME	OBSERVE_ONLY_BINDING	1.000000	5	5	25	103324.0	2.51	MARK=PASS;FUNDING=PASS;OI=PASS	NEW	0	0	0	0	0	0	0	0.000000			UNKNOWN	NO_HISTORY	NONE	false	INACTIVE	NO_SHADOW_HISTORY	class=OBSERVE_ONLY;surface=OBSERVE_ONLY;reason=OBSERVE_ONLY_BINDING;research=84.441547;shadow=0.000000;runs=0;fills=0;trades=0;pnl=0.000000;outcome=NONE
69	6	OBSERVE_ONLY	6	59.590820	59.590820	0.000000	38	59.590820	PROMOTE	multi-hypothesis-phase5-bighunt-bybit-bbo-20260110..20260110-20260306_191708-c7000844-t1__FULLSCAN_MAJOR__0ad17f23e150de63e15707976dbaed17fb6de1ecd029fde053d3a21c1abad06e	/home/deploy/quantlab-evidence-archive/20260306_slim/multi-hypothesis-phase5-bighunt-bybit-bbo-20260110..20260110-20260306_191708-c7000844-t1__FULLSCAN_MAJOR	spread_reversion_v1	CONTEXT_GUARD	TRANSLATABLE	BOUND_SHADOW_RUNNABLE	OBSERVE_ONLY	OBSERVE_ONLY	BOUND_OBSERVE_ONLY_RUNTIME	OBSERVE_ONLY_BINDING	1.000000	2	2	10	76736.0	1.53	MARK=PASS;FUNDING=WARN;OI=PASS	NEW	0	0	0	0	0	0	0	0.000000			UNKNOWN	NO_HISTORY	NONE	false	INACTIVE	NO_SHADOW_HISTORY	class=OBSERVE_ONLY;surface=OBSERVE_ONLY;reason=OBSERVE_ONLY_BINDING;research=59.590820;shadow=0.000000;runs=0;fills=0;trades=0;pnl=0.000000;outcome=NONE
70	7	OBSERVE_ONLY	6	58.829580	58.829580	0.000000	41	58.829580	PROMOTE	multi-hypothesis-phase5-bighunt-okx-bbo-20260309..20260309-20260310_034219-a2d96e91-t1__FULLSCAN_MAJOR__ce51651dd813d42b1b2372a4150cb12f157c4c4b6c7e377813cb5e549a08d703	/home/deploy/quantlab-evidence-archive/20260310_slim/multi-hypothesis-phase5-bighunt-okx-bbo-20260309..20260309-20260310_034219-a2d96e91-t1__FULLSCAN_MAJOR	spread_reversion_v1	CONTEXT_GUARD	TRANSLATABLE	BOUND_SHADOW_RUNNABLE	OBSERVE_ONLY	OBSERVE_ONLY	BOUND_OBSERVE_ONLY_RUNTIME	OBSERVE_ONLY_BINDING	1.000000	3	3	15	209584.0	7.35	MARK=PASS;FUNDING=PASS;OI=WARN	NEW	0	0	0	0	0	0	0	0.000000			UNKNOWN	NO_HISTORY	NONE	false	INACTIVE	NO_SHADOW_HISTORY	class=OBSERVE_ONLY;surface=OBSERVE_ONLY;reason=OBSERVE_ONLY_BINDING;research=58.829580;shadow=0.000000;runs=0;fills=0;trades=0;pnl=0.000000;outcome=NONE
71	8	OBSERVE_ONLY	6	58.816560	58.816560	0.000000	42	58.816560	PROMOTE	multi-hypothesis-phase5-bighunt-okx-bbo-20260310..20260310-20260311_034752-0732265c-t1__FULLSCAN_MAJOR__855ff51f051ac3e82a5975ef21c49db25dfcec5338d2b1bdb418e2417ff30052	/home/deploy/quantlab-evidence-archive/20260311_slim/multi-hypothesis-phase5-bighunt-okx-bbo-20260310..20260310-20260311_034752-0732265c-t1__FULLSCAN_MAJOR	spread_reversion_v1	CONTEXT_GUARD	TRANSLATABLE	BOUND_SHADOW_RUNNABLE	OBSERVE_ONLY	OBSERVE_ONLY	BOUND_OBSERVE_ONLY_RUNTIME	OBSERVE_ONLY_BINDING	1.000000	3	3	15	211488.0	7.56	MARK=PASS;FUNDING=PASS;OI=WARN	NEW	0	0	0	0	0	0	0	0.000000			UNKNOWN	NO_HISTORY	NONE	false	INACTIVE	NO_SHADOW_HISTORY	class=OBSERVE_ONLY;surface=OBSERVE_ONLY;reason=OBSERVE_ONLY_BINDING;research=58.816560;shadow=0.000000;runs=0;fills=0;trades=0;pnl=0.000000;outcome=NONE
72	9	OBSERVE_ONLY	6	58.633980	58.633980	0.000000	56	58.633980	PROMOTE	multi-hypothesis-phase5-bighunt-okx-bbo-20260122..20260122-20260306_221750-26b2837d-t1__FULLSCAN_MAJOR__27ed60069409f4691020ffec211cae8fc28cb9efeb2d7b05d4f1905ec1226ae6	/home/deploy/quantlab-evidence-archive/20260306_slim/multi-hypothesis-phase5-bighunt-okx-bbo-20260122..20260122-20260306_221750-26b2837d-t1__FULLSCAN_MAJOR	spread_reversion_v1	CONTEXT_GUARD	TRANSLATABLE	BOUND_SHADOW_RUNNABLE	OBSERVE_ONLY	OBSERVE_ONLY	BOUND_OBSERVE_ONLY_RUNTIME	OBSERVE_ONLY_BINDING	1.000000	1	1	5	243104.0	9.03	MARK=PASS;FUNDING=PASS;OI=WARN	NEW	0	0	0	0	0	0	0	0.000000			UNKNOWN	NO_HISTORY	NONE	false	INACTIVE	NO_SHADOW_HISTORY	class=OBSERVE_ONLY;surface=OBSERVE_ONLY;reason=OBSERVE_ONLY_BINDING;research=58.633980;shadow=0.000000;runs=0;fills=0;trades=0;pnl=0.000000;outcome=NONE
73	10	OBSERVE_ONLY	6	58.532973	58.532973	0.000000	59	58.532973	PROMOTE	multi-hypothesis-phase5-bighunt-okx-bbo-20260311..20260311-20260312_032554-b2d5e16c-t1__FULLSCAN_MAJOR__7a6da285408158ccdb3a6d493953d82ee1e15b49c7f24cba1161b4ec7b4c4bb9	/home/deploy/quantlab-evidence-archive/20260312_slim/multi-hypothesis-phase5-bighunt-okx-bbo-20260311..20260311-20260312_032554-b2d5e16c-t1__FULLSCAN_MAJOR	spread_reversion_v1	CONTEXT_GUARD	TRANSLATABLE	BOUND_SHADOW_RUNNABLE	OBSERVE_ONLY	OBSERVE_ONLY	BOUND_OBSERVE_ONLY_RUNTIME	OBSERVE_ONLY_BINDING	1.000000	6	6	30	255172.0	11.47	MARK=PASS;FUNDING=PASS;OI=WARN	NEW	0	0	0	0	0	0	0	0.000000			UNKNOWN	NO_HISTORY	NONE	false	INACTIVE	NO_SHADOW_HISTORY	class=OBSERVE_ONLY;surface=OBSERVE_ONLY;reason=OBSERVE_ONLY_BINDING;research=58.532973;shadow=0.000000;runs=0;fills=0;trades=0;pnl=0.000000;outcome=NONE
74	11	OBSERVE_ONLY	6	54.401480	54.401480	0.000000	86	54.401480	PROMOTE	multi-hypothesis-phase5-bighunt-bybit-bbo-20260314..20260314-20260315_034045-4857fa1e-t1__FULLSCAN_MAJOR__ca05ec582987925b2212a3f18ac64a97e56503866a7e4cf5346465b6fe526c53	/home/deploy/quantlab-evidence-archive/20260315_slim/multi-hypothesis-phase5-bighunt-bybit-bbo-20260314..20260314-20260315_034045-4857fa1e-t1__FULLSCAN_MAJOR	spread_reversion_v1	CONTEXT_GUARD	TRANSLATABLE	BOUND_SHADOW_RUNNABLE	OBSERVE_ONLY	OBSERVE_ONLY	BOUND_OBSERVE_ONLY_RUNTIME	OBSERVE_ONLY_BINDING	1.000000	7	7	35	110004.0	2.91	MARK=PASS;FUNDING=WARN;OI=WARN	NEW	0	0	0	0	0	0	0	0.000000			UNKNOWN	NO_HISTORY	NONE	false	INACTIVE	NO_SHADOW_HISTORY	class=OBSERVE_ONLY;surface=OBSERVE_ONLY;reason=OBSERVE_ONLY_BINDING;research=54.401480;shadow=0.000000;runs=0;fills=0;trades=0;pnl=0.000000;outcome=NONE
75	12	OBSERVE_ONLY	6	54.054767	54.054767	0.000000	90	54.054767	PROMOTE	multi-hypothesis-phase5-bighunt-bybit-bbo-20260312..20260312-20260313_035655-e71f84fd-t1__FULLSCAN_MAJOR__2d06dd88514d06bca9d9d469f1a07c1f2f4d724e6837632bdf8129a7bffeb98f	/home/deploy/quantlab-evidence-archive/20260313_slim/multi-hypothesis-phase5-bighunt-bybit-bbo-20260312..20260312-20260313_035655-e71f84fd-t1__FULLSCAN_MAJOR	spread_reversion_v1	CONTEXT_GUARD	TRANSLATABLE	BOUND_SHADOW_RUNNABLE	OBSERVE_ONLY	OBSERVE_ONLY	BOUND_OBSERVE_ONLY_RUNTIME	OBSERVE_ONLY_BINDING	1.000000	4	4	20	171280.0	5.33	MARK=PASS;FUNDING=WARN;OI=WARN	NEW	0	0	0	0	0	0	0	0.000000			UNKNOWN	NO_HISTORY	NONE	false	INACTIVE	NO_SHADOW_HISTORY	class=OBSERVE_ONLY;surface=OBSERVE_ONLY;reason=OBSERVE_ONLY_BINDING;research=54.054767;shadow=0.000000;runs=0;fills=0;trades=0;pnl=0.000000;outcome=NONE
76	13	OBSERVE_ONLY	6	53.618173	53.618173	0.000000	93	53.618173	PROMOTE	multi-hypothesis-phase5-bighunt-okx-bbo-20260107..20260107-20260306_182939-72489212-t1__FULLSCAN_MAJOR__6ac2df69162aa2bfb7a888b94c87fe6d923e54c36ff2ae75833c34ca7890b3bc	/home/deploy/quantlab-evidence-archive/20260306_slim/multi-hypothesis-phase5-bighunt-okx-bbo-20260107..20260107-20260306_182939-72489212-t1__FULLSCAN_MAJOR	spread_reversion_v1	CONTEXT_GUARD	TRANSLATABLE	BOUND_SHADOW_RUNNABLE	OBSERVE_ONLY	OBSERVE_ONLY	BOUND_OBSERVE_ONLY_RUNTIME	OBSERVE_ONLY_BINDING	1.000000	3	3	15	246432.0	8.98	MARK=PASS;FUNDING=WARN;OI=WARN	NEW	0	0	0	0	0	0	0	0.000000			UNKNOWN	NO_HISTORY	NONE	false	INACTIVE	NO_SHADOW_HISTORY	class=OBSERVE_ONLY;surface=OBSERVE_ONLY;reason=OBSERVE_ONLY_BINDING;research=53.618173;shadow=0.000000;runs=0;fills=0;trades=0;pnl=0.000000;outcome=NONE
77	1	UNRUNNABLE	7	84.219813	84.219813	0.000000	6	84.219813	PROMOTE_STRONG	multi-hypothesis-phase5-bighunt-bybit-trade-20260124..20260124-20260306_225229-2fedebed-t1__FULLSCAN_MAJOR__3ae0e007060d81a7180ef37ac6ce9b44a0baa407b2edb9c69a835ffb62783ad8	/home/deploy/quantlab-evidence-archive/20260306_slim/multi-hypothesis-phase5-bighunt-bybit-trade-20260124..20260124-20260306_225229-2fedebed-t1__FULLSCAN_MAJOR	momentum_v1	PRIMARY_DIRECTIONAL	NOT_TRANSLATABLE_YET,TRANSLATABLE	UNBOUND_CONFIG_GAP,UNBOUND_TRANSLATION_REJECTED	UNRUNNABLE	UNBOUND	UNBOUND_CONFIG_GAP	UNRUNNABLE_BINDING	1.000000	25	25	5	115404.0	12.19	MARK=PASS;FUNDING=PASS;OI=PASS	NEW	0	0	0	0	0	0	0	0.000000			UNKNOWN	NO_HISTORY	NONE	false	INACTIVE	NO_SHADOW_HISTORY	class=UNRUNNABLE;surface=UNRUNNABLE;reason=UNRUNNABLE_BINDING;research=84.219813;shadow=0.000000;runs=0;fills=0;trades=0;pnl=0.000000;outcome=NONE
78	2	UNRUNNABLE	7	80.168433	80.168433	0.000000	9	80.168433	PROMOTE_STRONG	multi-hypothesis-phase5-bighunt-bybit-trade-20260122..20260122-20260306_221458-eabfbabb-t1__FULLSCAN_MAJOR__1924f3b3a098dc26c0a1fd89bf59f91d62c1020ab127f8adb71ee775ba525391	/home/deploy/quantlab-evidence-archive/20260306_slim/multi-hypothesis-phase5-bighunt-bybit-trade-20260122..20260122-20260306_221458-eabfbabb-t1__FULLSCAN_MAJOR	momentum_v1	PRIMARY_DIRECTIONAL	TRANSLATABLE	UNBOUND_CONFIG_GAP	UNRUNNABLE	UNBOUND	UNBOUND_CONFIG_GAP	UNRUNNABLE_BINDING	1.000000	10	10	2	546380.0	125.98	MARK=PASS;FUNDING=PASS;OI=PASS	NEW	0	0	0	0	0	0	0	0.000000			UNKNOWN	NO_HISTORY	NONE	false	INACTIVE	NO_SHADOW_HISTORY	class=UNRUNNABLE;surface=UNRUNNABLE;reason=UNRUNNABLE_BINDING;research=80.168433;shadow=0.000000;runs=0;fills=0;trades=0;pnl=0.000000;outcome=NONE
79	3	UNRUNNABLE	7	79.526407	79.526407	0.000000	10	79.526407	PROMOTE_STRONG	multi-hypothesis-phase5-bighunt-binance-bbo-20260214..20260214-20260307_193745-90a25ab8-t1__FULLSCAN_MAJOR__d25d0eb32d0b9a3b47bc55e50d0e730f7bd126e4bd24699b209822f620c4f0b5	/home/deploy/quantlab-evidence-archive/20260307_slim/multi-hypothesis-phase5-bighunt-binance-bbo-20260214..20260214-20260307_193745-90a25ab8-t1__FULLSCAN_MAJOR	spread_reversion_v1	CONTEXT_GUARD	TRANSLATABLE	UNBOUND_CONFIG_GAP	UNRUNNABLE	UNBOUND	UNBOUND_CONFIG_GAP	UNRUNNABLE_BINDING	1.000000	4	4	20	933452.0	48.38	MARK=PASS;FUNDING=PASS;OI=PASS	NEW	0	0	0	0	0	0	0	0.000000			UNKNOWN	NO_HISTORY	NONE	false	INACTIVE	NO_SHADOW_HISTORY	class=UNRUNNABLE;surface=UNRUNNABLE;reason=UNRUNNABLE_BINDING;research=79.526407;shadow=0.000000;runs=0;fills=0;trades=0;pnl=0.000000;outcome=NONE
80	4	UNRUNNABLE	7	79.401660	79.401660	0.000000	11	79.401660	PROMOTE_STRONG	multi-hypothesis-phase5-bighunt-binance-bbo-20260210..20260210-20260307_174138-86147e75-t1__FULLSCAN_MAJOR__bab7bb4f99d92d1795350640795fd1b3ba08bc521cac5f5f7e4284555c9de45d	/home/deploy/quantlab-evidence-archive/20260307_slim/multi-hypothesis-phase5-bighunt-binance-bbo-20260210..20260210-20260307_174138-86147e75-t1__FULLSCAN_MAJOR	spread_reversion_v1	CONTEXT_GUARD	TRANSLATABLE	UNBOUND_CONFIG_GAP	UNRUNNABLE	UNBOUND	UNBOUND_CONFIG_GAP	UNRUNNABLE_BINDING	1.000000	3	3	15	951868.0	50.34	MARK=PASS;FUNDING=PASS;OI=PASS	NEW	0	0	0	0	0	0	0	0.000000			UNKNOWN	NO_HISTORY	NONE	false	INACTIVE	NO_SHADOW_HISTORY	class=UNRUNNABLE;surface=UNRUNNABLE;reason=UNRUNNABLE_BINDING;research=79.401660;shadow=0.000000;runs=0;fills=0;trades=0;pnl=0.000000;outcome=NONE
81	5	UNRUNNABLE	7	78.429940	78.429940	0.000000	12	78.429940	PROMOTE_STRONG	multi-hypothesis-phase5-bighunt-binance-bbo-20260311..20260311-20260312_024855-d0cf569e-t1__FULLSCAN_MAJOR__e836adcc23859aa5504c8d7d56f6ac69dcc665b317ab591bf7838337e99f8324	/home/deploy/quantlab-evidence-archive/20260312_slim/multi-hypothesis-phase5-bighunt-binance-bbo-20260311..20260311-20260312_024855-d0cf569e-t1__FULLSCAN_MAJOR	spread_reversion_v1	CONTEXT_GUARD	TRANSLATABLE	UNBOUND_CONFIG_GAP	UNRUNNABLE	UNBOUND	UNBOUND_CONFIG_GAP	UNRUNNABLE_BINDING	1.000000	4	4	20	1102912.0	63.33	MARK=PASS;FUNDING=PASS;OI=PASS	NEW	0	0	0	0	0	0	0	0.000000			UNKNOWN	NO_HISTORY	NONE	false	INACTIVE	NO_SHADOW_HISTORY	class=UNRUNNABLE;surface=UNRUNNABLE;reason=UNRUNNABLE_BINDING;research=78.429940;shadow=0.000000;runs=0;fills=0;trades=0;pnl=0.000000;outcome=NONE
82	6	UNRUNNABLE	7	78.069260	78.069260	0.000000	13	78.069260	PROMOTE_STRONG	multi-hypothesis-phase5-bighunt-binance-bbo-20260220..20260220-20260307_210827-9176ddd1-t1__FULLSCAN_MAJOR__71ea8f4020a1b3ec44dd14fa0abafc060a919b123431a152da424caf5bf9c585	/home/deploy/quantlab-evidence-archive/20260307_slim/multi-hypothesis-phase5-bighunt-binance-bbo-20260220..20260220-20260307_210827-9176ddd1-t1__FULLSCAN_MAJOR	spread_reversion_v1	CONTEXT_GUARD	TRANSLATABLE	UNBOUND_CONFIG_GAP	UNRUNNABLE	UNBOUND	UNBOUND_CONFIG_GAP	UNRUNNABLE_BINDING	1.000000	4	4	20	1172248.0	64.17	MARK=PASS;FUNDING=PASS;OI=PASS	NEW	0	0	0	0	0	0	0	0.000000			UNKNOWN	NO_HISTORY	NONE	false	INACTIVE	NO_SHADOW_HISTORY	class=UNRUNNABLE;surface=UNRUNNABLE;reason=UNRUNNABLE_BINDING;research=78.069260;shadow=0.000000;runs=0;fills=0;trades=0;pnl=0.000000;outcome=NONE
83	7	UNRUNNABLE	7	77.850033	77.850033	0.000000	14	77.850033	PROMOTE_STRONG	multi-hypothesis-phase5-bighunt-binance-bbo-20260306..20260306-20260308_172429-c8f82a9d-t1__FULLSCAN_MAJOR__1703a2f755828f19ce7d28670373631783a5d9909236c9d263898fdcad58374a	/home/deploy/quantlab-evidence-archive/20260308_slim/multi-hypothesis-phase5-bighunt-binance-bbo-20260306..20260306-20260308_172429-c8f82a9d-t1__FULLSCAN_MAJOR	spread_reversion_v1	CONTEXT_GUARD	TRANSLATABLE	UNBOUND_CONFIG_GAP	UNRUNNABLE	UNBOUND	UNBOUND_CONFIG_GAP	UNRUNNABLE_BINDING	1.000000	4	4	20	1212960.0	65.11	MARK=PASS;FUNDING=PASS;OI=PASS	NEW	0	0	0	0	0	0	0	0.000000			UNKNOWN	NO_HISTORY	NONE	false	INACTIVE	NO_SHADOW_HISTORY	class=UNRUNNABLE;surface=UNRUNNABLE;reason=UNRUNNABLE_BINDING;research=77.850033;shadow=0.000000;runs=0;fills=0;trades=0;pnl=0.000000;outcome=NONE
84	8	UNRUNNABLE	7	77.718793	77.718793	0.000000	15	77.718793	PROMOTE_STRONG	multi-hypothesis-phase5-bighunt-binance-bbo-20260216..20260216-20260307_200846-e872e59c-t1__FULLSCAN_MAJOR__b75cf8af56ea4662d10829dc867d1aabf16aed633a0aa02ff81c086ec36952a9	/home/deploy/quantlab-evidence-archive/20260307_slim/multi-hypothesis-phase5-bighunt-binance-bbo-20260216..20260216-20260307_200846-e872e59c-t1__FULLSCAN_MAJOR	spread_reversion_v1	CONTEXT_GUARD	TRANSLATABLE	UNBOUND_CONFIG_GAP	UNRUNNABLE	UNBOUND	UNBOUND_CONFIG_GAP	UNRUNNABLE_BINDING	1.000000	4	4	20	1236408.0	65.95	MARK=PASS;FUNDING=PASS;OI=PASS	NEW	0	0	0	0	0	0	0	0.000000			UNKNOWN	NO_HISTORY	NONE	false	INACTIVE	NO_SHADOW_HISTORY	class=UNRUNNABLE;surface=UNRUNNABLE;reason=UNRUNNABLE_BINDING;research=77.718793;shadow=0.000000;runs=0;fills=0;trades=0;pnl=0.000000;outcome=NONE
85	9	UNRUNNABLE	7	77.665593	77.665593	0.000000	16	77.665593	PROMOTE_STRONG	multi-hypothesis-phase5-bighunt-binance-bbo-20260219..20260219-20260307_205350-8c85a2eb-t1__FULLSCAN_MAJOR__3bbd6d784cef43e77c81e203ecab773eff3e7aa5eccdcf3f8318c4967dceb807	/home/deploy/quantlab-evidence-archive/20260307_slim/multi-hypothesis-phase5-bighunt-binance-bbo-20260219..20260219-20260307_205350-8c85a2eb-t1__FULLSCAN_MAJOR	spread_reversion_v1	CONTEXT_GUARD	TRANSLATABLE	UNBOUND_CONFIG_GAP	UNRUNNABLE	UNBOUND	UNBOUND_CONFIG_GAP	UNRUNNABLE_BINDING	1.000000	4	4	20	1240648.0	67.87	MARK=PASS;FUNDING=PASS;OI=PASS	NEW	0	0	0	0	0	0	0	0.000000			UNKNOWN	NO_HISTORY	NONE	false	INACTIVE	NO_SHADOW_HISTORY	class=UNRUNNABLE;surface=UNRUNNABLE;reason=UNRUNNABLE_BINDING;research=77.665593;shadow=0.000000;runs=0;fills=0;trades=0;pnl=0.000000;outcome=NONE
86	10	UNRUNNABLE	7	77.532227	77.532227	0.000000	17	77.532227	PROMOTE_STRONG	multi-hypothesis-phase5-bighunt-binance-bbo-20260218..20260218-20260307_203844-ecabc73c-t1__FULLSCAN_MAJOR__715bd30913d2e9bb8872f264b8b52c0801bd1e7861ed322e79356e037f277a0c	/home/deploy/quantlab-evidence-archive/20260307_slim/multi-hypothesis-phase5-bighunt-binance-bbo-20260218..20260218-20260307_203844-ecabc73c-t1__FULLSCAN_MAJOR	spread_reversion_v1	CONTEXT_GUARD	TRANSLATABLE	UNBOUND_CONFIG_GAP	UNRUNNABLE	UNBOUND	UNBOUND_CONFIG_GAP	UNRUNNABLE_BINDING	1.000000	4	4	20	1265988.0	68.27	MARK=PASS;FUNDING=PASS;OI=PASS	NEW	0	0	0	0	0	0	0	0.000000			UNKNOWN	NO_HISTORY	NONE	false	INACTIVE	NO_SHADOW_HISTORY	class=UNRUNNABLE;surface=UNRUNNABLE;reason=UNRUNNABLE_BINDING;research=77.532227;shadow=0.000000;runs=0;fills=0;trades=0;pnl=0.000000;outcome=NONE
87	11	UNRUNNABLE	7	77.462713	77.462713	0.000000	18	77.462713	PROMOTE_STRONG	multi-hypothesis-phase5-bighunt-binance-bbo-20260215..20260215-20260307_195214-325cbe5c-t1__FULLSCAN_MAJOR__bd2a4d320b3b8cafc1b272133dcbe2688c4eb54ae2010719ed257dbef98adac8	/home/deploy/quantlab-evidence-archive/20260307_slim/multi-hypothesis-phase5-bighunt-binance-bbo-20260215..20260215-20260307_195214-325cbe5c-t1__FULLSCAN_MAJOR	spread_reversion_v1	CONTEXT_GUARD	TRANSLATABLE	UNBOUND_CONFIG_GAP	UNRUNNABLE	UNBOUND	UNBOUND_CONFIG_GAP	UNRUNNABLE_BINDING	1.000000	4	4	20	1280024.0	68.23	MARK=PASS;FUNDING=PASS;OI=PASS	NEW	0	0	0	0	0	0	0	0.000000			UNKNOWN	NO_HISTORY	NONE	false	INACTIVE	NO_SHADOW_HISTORY	class=UNRUNNABLE;surface=UNRUNNABLE;reason=UNRUNNABLE_BINDING;research=77.462713;shadow=0.000000;runs=0;fills=0;trades=0;pnl=0.000000;outcome=NONE
88	12	UNRUNNABLE	7	77.456613	77.456613	0.000000	19	77.456613	PROMOTE_STRONG	multi-hypothesis-phase5-bighunt-binance-bbo-20260208..20260208-20260307_034832-0180ff20-t1__FULLSCAN_MAJOR__65f7f57b37b7eb88e3d6d3ce0a5cfd5ca153cf3c5254ea651fe2b8c30ef9d88f	/home/deploy/quantlab-evidence-archive/20260307_slim/multi-hypothesis-phase5-bighunt-binance-bbo-20260208..20260208-20260307_034832-0180ff20-t1__FULLSCAN_MAJOR	spread_reversion_v1	CONTEXT_GUARD	TRANSLATABLE	UNBOUND_CONFIG_GAP	UNRUNNABLE	UNBOUND	UNBOUND_CONFIG_GAP	UNRUNNABLE_BINDING	1.000000	4	4	20	1263744.0	73.48	MARK=PASS;FUNDING=PASS;OI=PASS	NEW	0	0	0	0	0	0	0	0.000000			UNKNOWN	NO_HISTORY	NONE	false	INACTIVE	NO_SHADOW_HISTORY	class=UNRUNNABLE;surface=UNRUNNABLE;reason=UNRUNNABLE_BINDING;research=77.456613;shadow=0.000000;runs=0;fills=0;trades=0;pnl=0.000000;outcome=NONE
89	13	UNRUNNABLE	7	77.356433	77.356433	0.000000	20	77.356433	PROMOTE_STRONG	multi-hypothesis-phase5-bighunt-binance-bbo-20260217..20260217-20260307_202313-762018c2-t1__FULLSCAN_MAJOR__d67035e0d3dbaf8133a210e477206694d1840283ecec40a20fe06a259c7d308b	/home/deploy/quantlab-evidence-archive/20260307_slim/multi-hypothesis-phase5-bighunt-binance-bbo-20260217..20260217-20260307_202313-762018c2-t1__FULLSCAN_MAJOR	spread_reversion_v1	CONTEXT_GUARD	TRANSLATABLE	UNBOUND_CONFIG_GAP	UNRUNNABLE	UNBOUND	UNBOUND_CONFIG_GAP	UNRUNNABLE_BINDING	1.000000	4	4	20	1301880.0	68.05	MARK=PASS;FUNDING=PASS;OI=PASS	NEW	0	0	0	0	0	0	0	0.000000			UNKNOWN	NO_HISTORY	NONE	false	INACTIVE	NO_SHADOW_HISTORY	class=UNRUNNABLE;surface=UNRUNNABLE;reason=UNRUNNABLE_BINDING;research=77.356433;shadow=0.000000;runs=0;fills=0;trades=0;pnl=0.000000;outcome=NONE
90	14	UNRUNNABLE	7	76.817787	76.817787	0.000000	21	76.817787	PROMOTE_STRONG	multi-hypothesis-phase5-bighunt-binance-bbo-20260227..20260227-20260307_230949-251cd9d2-t1__FULLSCAN_MAJOR__d492ccfe409b2806f2662e5bf7033149215e39fbdffd6f0055c7f7c551fc2b33	/home/deploy/quantlab-evidence-archive/20260307_slim/multi-hypothesis-phase5-bighunt-binance-bbo-20260227..20260227-20260307_230949-251cd9d2-t1__FULLSCAN_MAJOR	spread_reversion_v1	CONTEXT_GUARD	TRANSLATABLE	UNBOUND_CONFIG_GAP	UNRUNNABLE	UNBOUND	UNBOUND_CONFIG_GAP	UNRUNNABLE_BINDING	1.000000	4	4	20	1388876.0	74.27	MARK=PASS;FUNDING=PASS;OI=PASS	NEW	0	0	0	0	0	0	0	0.000000			UNKNOWN	NO_HISTORY	NONE	false	INACTIVE	NO_SHADOW_HISTORY	class=UNRUNNABLE;surface=UNRUNNABLE;reason=UNRUNNABLE_BINDING;research=76.817787;shadow=0.000000;runs=0;fills=0;trades=0;pnl=0.000000;outcome=NONE
91	15	UNRUNNABLE	7	76.293333	76.293333	0.000000	22	76.293333	PROMOTE_STRONG	multi-hypothesis-phase5-bighunt-binance-bbo-20260212..20260212-20260307_190431-4985ed81-t1__FULLSCAN_MAJOR__a55a36bafb1ad2595c3c7a75d92480fec60bcd200d8039d67c217df7a5ee74b7	/home/deploy/quantlab-evidence-archive/20260307_slim/multi-hypothesis-phase5-bighunt-binance-bbo-20260212..20260212-20260307_190431-4985ed81-t1__FULLSCAN_MAJOR	spread_reversion_v1	CONTEXT_GUARD	TRANSLATABLE	UNBOUND_CONFIG_GAP	UNRUNNABLE	UNBOUND	UNBOUND_CONFIG_GAP	UNRUNNABLE_BINDING	1.000000	4	4	20	1476000.0	79.6	MARK=PASS;FUNDING=PASS;OI=PASS	NEW	0	0	0	0	0	0	0	0.000000			UNKNOWN	NO_HISTORY	NONE	false	INACTIVE	NO_SHADOW_HISTORY	class=UNRUNNABLE;surface=UNRUNNABLE;reason=UNRUNNABLE_BINDING;research=76.293333;shadow=0.000000;runs=0;fills=0;trades=0;pnl=0.000000;outcome=NONE
92	16	UNRUNNABLE	7	75.972900	75.972900	0.000000	23	75.972900	PROMOTE_STRONG	multi-hypothesis-phase5-bighunt-binance-bbo-20260309..20260309-20260310_030547-cdca1cc9-t1__FULLSCAN_MAJOR__976c0a03010ab9d80334cdc2290f9c1695f66cbd24e1011342b14abfe182b1b1	/home/deploy/quantlab-evidence-archive/20260310_slim/multi-hypothesis-phase5-bighunt-binance-bbo-20260309..20260309-20260310_030547-cdca1cc9-t1__FULLSCAN_MAJOR	spread_reversion_v1	CONTEXT_GUARD	TRANSLATABLE	UNBOUND_CONFIG_GAP	UNRUNNABLE	UNBOUND	UNBOUND_CONFIG_GAP	UNRUNNABLE_BINDING	1.000000	4	4	20	1502520.0	90.87	MARK=PASS;FUNDING=PASS;OI=PASS	NEW	0	0	0	0	0	0	0	0.000000			UNKNOWN	NO_HISTORY	NONE	false	INACTIVE	NO_SHADOW_HISTORY	class=UNRUNNABLE;surface=UNRUNNABLE;reason=UNRUNNABLE_BINDING;research=75.972900;shadow=0.000000;runs=0;fills=0;trades=0;pnl=0.000000;outcome=NONE
93	17	UNRUNNABLE	7	75.717640	75.717640	0.000000	24	75.717640	PROMOTE_STRONG	multi-hypothesis-phase5-bighunt-binance-bbo-20260223..20260223-20260307_220253-d31f1609-t1__FULLSCAN_MAJOR__fdef8a7ae467f8c95ffc58dc8f273394d653a784b56f869896bb26f5b966fe93	/home/deploy/quantlab-evidence-archive/20260307_slim/multi-hypothesis-phase5-bighunt-binance-bbo-20260223..20260223-20260307_220253-d31f1609-t1__FULLSCAN_MAJOR	spread_reversion_v1	CONTEXT_GUARD	TRANSLATABLE	UNBOUND_CONFIG_GAP	UNRUNNABLE	UNBOUND	UNBOUND_CONFIG_GAP	UNRUNNABLE_BINDING	1.000000	4	4	20	1555372.0	90.33	MARK=PASS;FUNDING=PASS;OI=PASS	NEW	0	0	0	0	0	0	0	0.000000			UNKNOWN	NO_HISTORY	NONE	false	INACTIVE	NO_SHADOW_HISTORY	class=UNRUNNABLE;surface=UNRUNNABLE;reason=UNRUNNABLE_BINDING;research=75.717640;shadow=0.000000;runs=0;fills=0;trades=0;pnl=0.000000;outcome=NONE
94	18	UNRUNNABLE	7	75.677153	75.677153	0.000000	25	75.677153	PROMOTE_STRONG	multi-hypothesis-phase5-bighunt-binance-bbo-20260228..20260228-20260307_232612-5a6e300c-t1__FULLSCAN_MAJOR__ab964bd8ee5762f07add0cf6683330cb5115dadd0433c1afb0aa7898211fb2b1	/home/deploy/quantlab-evidence-archive/20260307_slim/multi-hypothesis-phase5-bighunt-binance-bbo-20260228..20260228-20260307_232612-5a6e300c-t1__FULLSCAN_MAJOR	spread_reversion_v1	CONTEXT_GUARD	TRANSLATABLE	UNBOUND_CONFIG_GAP	UNRUNNABLE	UNBOUND	UNBOUND_CONFIG_GAP	UNRUNNABLE_BINDING	1.000000	4	4	20	1574836.0	86.92	MARK=PASS;FUNDING=PASS;OI=PASS	NEW	0	0	0	0	0	0	0	0.000000			UNKNOWN	NO_HISTORY	NONE	false	INACTIVE	NO_SHADOW_HISTORY	class=UNRUNNABLE;surface=UNRUNNABLE;reason=UNRUNNABLE_BINDING;research=75.677153;shadow=0.000000;runs=0;fills=0;trades=0;pnl=0.000000;outcome=NONE
95	19	UNRUNNABLE	7	75.627753	75.627753	0.000000	26	75.627753	PROMOTE_STRONG	multi-hypothesis-phase5-bighunt-binance-bbo-20260213..20260213-20260307_192118-cda6bc51-t1__FULLSCAN_MAJOR__871e721b5c167914c653696adcfbc0bdd85557bf9f260049d2f7917cfa08315a	/home/deploy/quantlab-evidence-archive/20260307_slim/multi-hypothesis-phase5-bighunt-binance-bbo-20260213..20260213-20260307_192118-cda6bc51-t1__FULLSCAN_MAJOR	spread_reversion_v1	CONTEXT_GUARD	TRANSLATABLE	UNBOUND_CONFIG_GAP	UNRUNNABLE	UNBOUND	UNBOUND_CONFIG_GAP	UNRUNNABLE_BINDING	1.000000	4	4	20	1586516.0	86.38	MARK=PASS;FUNDING=PASS;OI=PASS	NEW	0	0	0	0	0	0	0	0.000000			UNKNOWN	NO_HISTORY	NONE	false	INACTIVE	NO_SHADOW_HISTORY	class=UNRUNNABLE;surface=UNRUNNABLE;reason=UNRUNNABLE_BINDING;research=75.627753;shadow=0.000000;runs=0;fills=0;trades=0;pnl=0.000000;outcome=NONE
96	20	UNRUNNABLE	7	75.621347	75.621347	0.000000	27	75.621347	PROMOTE_STRONG	multi-hypothesis-phase5-bighunt-binance-bbo-20260226..20260226-20260307_225235-5c7ebec0-t1__FULLSCAN_MAJOR__8139dffe988202b46a221d10ea947a56804044afdbedc991a12b1d5e23637015	/home/deploy/quantlab-evidence-archive/20260307_slim/multi-hypothesis-phase5-bighunt-binance-bbo-20260226..20260226-20260307_225235-5c7ebec0-t1__FULLSCAN_MAJOR	spread_reversion_v1	CONTEXT_GUARD	TRANSLATABLE	UNBOUND_CONFIG_GAP	UNRUNNABLE	UNBOUND	UNBOUND_CONFIG_GAP	UNRUNNABLE_BINDING	1.000000	4	4	20	1584264.0	87.44	MARK=PASS;FUNDING=PASS;OI=PASS	NEW	0	0	0	0	0	0	0	0.000000			UNKNOWN	NO_HISTORY	NONE	false	INACTIVE	NO_SHADOW_HISTORY	class=UNRUNNABLE;surface=UNRUNNABLE;reason=UNRUNNABLE_BINDING;research=75.621347;shadow=0.000000;runs=0;fills=0;trades=0;pnl=0.000000;outcome=NONE
97	21	UNRUNNABLE	7	75.560007	75.560007	0.000000	28	75.560007	PROMOTE_STRONG	multi-hypothesis-phase5-bighunt-binance-bbo-20260305..20260305-20260308_170759-2209dce6-t1__FULLSCAN_MAJOR__03b61cb964a963bcb0f04a530b2ec56d6e1765a1630f8bdf3e20b29f1898b1dc	/home/deploy/quantlab-evidence-archive/20260308_slim/multi-hypothesis-phase5-bighunt-binance-bbo-20260305..20260305-20260308_170759-2209dce6-t1__FULLSCAN_MAJOR	spread_reversion_v1	CONTEXT_GUARD	TRANSLATABLE	UNBOUND_CONFIG_GAP	UNRUNNABLE	UNBOUND	UNBOUND_CONFIG_GAP	UNRUNNABLE_BINDING	1.000000	4	4	20	1549732.0	101.48	MARK=PASS;FUNDING=PASS;OI=PASS	NEW	0	0	0	0	0	0	0	0.000000			UNKNOWN	NO_HISTORY	NONE	false	INACTIVE	NO_SHADOW_HISTORY	class=UNRUNNABLE;surface=UNRUNNABLE;reason=UNRUNNABLE_BINDING;research=75.560007;shadow=0.000000;runs=0;fills=0;trades=0;pnl=0.000000;outcome=NONE
98	22	UNRUNNABLE	7	75.410433	75.410433	0.000000	29	75.410433	PROMOTE_STRONG	multi-hypothesis-phase5-bighunt-binance-bbo-20260209..20260209-20260307_042520-a29fe303-t1__FULLSCAN_MAJOR__4904e17e9dc96306dfe258a26ad0654b6c63f71986578e10e7459aa0b197fa8c	/home/deploy/quantlab-evidence-archive/20260307_slim/multi-hypothesis-phase5-bighunt-binance-bbo-20260209..20260209-20260307_042520-a29fe303-t1__FULLSCAN_MAJOR	spread_reversion_v1	CONTEXT_GUARD	TRANSLATABLE	UNBOUND_CONFIG_GAP	UNRUNNABLE	UNBOUND	UNBOUND_CONFIG_GAP	UNRUNNABLE_BINDING	1.000000	4	4	20	1603580.0	94.3	MARK=PASS;FUNDING=PASS;OI=PASS	NEW	0	0	0	0	0	0	0	0.000000			UNKNOWN	NO_HISTORY	NONE	false	INACTIVE	NO_SHADOW_HISTORY	class=UNRUNNABLE;surface=UNRUNNABLE;reason=UNRUNNABLE_BINDING;research=75.410433;shadow=0.000000;runs=0;fills=0;trades=0;pnl=0.000000;outcome=NONE
99	23	UNRUNNABLE	7	75.261713	75.261713	0.000000	30	75.261713	PROMOTE_STRONG	multi-hypothesis-phase5-bighunt-binance-bbo-20260224..20260224-20260307_221836-ac97948a-t1__FULLSCAN_MAJOR__70d25ce0a72e9e21119a04f2098d00aabfcc477aafc59584cfb274959db29507	/home/deploy/quantlab-evidence-archive/20260307_slim/multi-hypothesis-phase5-bighunt-binance-bbo-20260224..20260224-20260307_221836-ac97948a-t1__FULLSCAN_MAJOR	spread_reversion_v1	CONTEXT_GUARD	TRANSLATABLE	UNBOUND_CONFIG_GAP	UNRUNNABLE	UNBOUND	UNBOUND_CONFIG_GAP	UNRUNNABLE_BINDING	1.000000	4	4	20	1645824.0	90.55	MARK=PASS;FUNDING=PASS;OI=PASS	NEW	0	0	0	0	0	0	0	0.000000			UNKNOWN	NO_HISTORY	NONE	false	INACTIVE	NO_SHADOW_HISTORY	class=UNRUNNABLE;surface=UNRUNNABLE;reason=UNRUNNABLE_BINDING;research=75.261713;shadow=0.000000;runs=0;fills=0;trades=0;pnl=0.000000;outcome=NONE
100	24	UNRUNNABLE	7	75.046753	75.046753	0.000000	31	75.046753	PROMOTE_STRONG	multi-hypothesis-phase5-bighunt-binance-bbo-20260225..20260225-20260307_223502-7c751e1e-t1__FULLSCAN_MAJOR__a30c6460047d46f07ab7f7ab96f3f7fb23d5e200e2e24d838766bf65ed66fa62	/home/deploy/quantlab-evidence-archive/20260307_slim/multi-hypothesis-phase5-bighunt-binance-bbo-20260225..20260225-20260307_223502-7c751e1e-t1__FULLSCAN_MAJOR	spread_reversion_v1	CONTEXT_GUARD	TRANSLATABLE	UNBOUND_CONFIG_GAP	UNRUNNABLE	UNBOUND	UNBOUND_CONFIG_GAP	UNRUNNABLE_BINDING	1.000000	4	4	20	1686516.0	91.24	MARK=PASS;FUNDING=PASS;OI=PASS	NEW	0	0	0	0	0	0	0	0.000000			UNKNOWN	NO_HISTORY	NONE	false	INACTIVE	NO_SHADOW_HISTORY	class=UNRUNNABLE;surface=UNRUNNABLE;reason=UNRUNNABLE_BINDING;research=75.046753;shadow=0.000000;runs=0;fills=0;trades=0;pnl=0.000000;outcome=NONE
101	25	UNRUNNABLE	7	74.921613	74.921613	0.000000	32	74.921613	PROMOTE_STRONG	multi-hypothesis-phase5-bighunt-binance-bbo-20260304..20260304-20260308_001847-fbb6924f-t1__FULLSCAN_MAJOR__8239f055c163d51093dd09d27042301451fa1e79e067ed79f1458668ea768b6d	/home/deploy/quantlab-evidence-archive/20260308_slim/multi-hypothesis-phase5-bighunt-binance-bbo-20260304..20260304-20260308_001847-fbb6924f-t1__FULLSCAN_MAJOR	spread_reversion_v1	CONTEXT_GUARD	TRANSLATABLE	UNBOUND_CONFIG_GAP	UNRUNNABLE	UNBOUND	UNBOUND_CONFIG_GAP	UNRUNNABLE_BINDING	1.000000	4	4	20	1706744.0	92.68	MARK=PASS;FUNDING=PASS;OI=PASS	NEW	0	0	0	0	0	0	0	0.000000			UNKNOWN	NO_HISTORY	NONE	false	INACTIVE	NO_SHADOW_HISTORY	class=UNRUNNABLE;surface=UNRUNNABLE;reason=UNRUNNABLE_BINDING;research=74.921613;shadow=0.000000;runs=0;fills=0;trades=0;pnl=0.000000;outcome=NONE
102	26	UNRUNNABLE	7	74.206753	74.206753	0.000000	33	74.206753	PROMOTE_STRONG	multi-hypothesis-phase5-bighunt-binance-bbo-20260211..20260211-20260307_181839-965021cb-t1__FULLSCAN_MAJOR__0d897cc04c751eedbff20bd6a3cb719d63f60bde55dc06dabcedd226853d44db	/home/deploy/quantlab-evidence-archive/20260307_slim/multi-hypothesis-phase5-bighunt-binance-bbo-20260211..20260211-20260307_181839-965021cb-t1__FULLSCAN_MAJOR	spread_reversion_v1	CONTEXT_GUARD	TRANSLATABLE	UNBOUND_CONFIG_GAP	UNRUNNABLE	UNBOUND	UNBOUND_CONFIG_GAP	UNRUNNABLE_BINDING	1.000000	4	4	20	1811816.0	104.05	MARK=PASS;FUNDING=PASS;OI=PASS	NEW	0	0	0	0	0	0	0	0.000000			UNKNOWN	NO_HISTORY	NONE	false	INACTIVE	NO_SHADOW_HISTORY	class=UNRUNNABLE;surface=UNRUNNABLE;reason=UNRUNNABLE_BINDING;research=74.206753;shadow=0.000000;runs=0;fills=0;trades=0;pnl=0.000000;outcome=NONE
103	27	UNRUNNABLE	7	74.117073	74.117073	0.000000	34	74.117073	PROMOTE_STRONG	multi-hypothesis-phase5-bighunt-binance-bbo-20260303..20260303-20260307_235954-59046c90-t1__FULLSCAN_MAJOR__1da49fd0bde8dbc0a4b4d4e2a2c35bbf8ed10e0e33c0ddc0c5bc5f69e8fe4b34	/home/deploy/quantlab-evidence-archive/20260307_slim/multi-hypothesis-phase5-bighunt-binance-bbo-20260303..20260303-20260307_235954-59046c90-t1__FULLSCAN_MAJOR	spread_reversion_v1	CONTEXT_GUARD	TRANSLATABLE	UNBOUND_CONFIG_GAP	UNRUNNABLE	UNBOUND	UNBOUND_CONFIG_GAP	UNRUNNABLE_BINDING	1.000000	4	4	20	1738452.0	131.44	MARK=PASS;FUNDING=PASS;OI=PASS	NEW	0	0	0	0	0	0	0	0.000000			UNKNOWN	NO_HISTORY	NONE	false	INACTIVE	NO_SHADOW_HISTORY	class=UNRUNNABLE;surface=UNRUNNABLE;reason=UNRUNNABLE_BINDING;research=74.117073;shadow=0.000000;runs=0;fills=0;trades=0;pnl=0.000000;outcome=NONE
104	28	UNRUNNABLE	7	73.659460	73.659460	0.000000	35	73.659460	PROMOTE_STRONG	multi-hypothesis-phase5-bighunt-binance-bbo-20260302..20260302-20260307_234227-7f3371f6-t1__FULLSCAN_MAJOR__9fc1698eeec0681f0d5a08774bbf3018f5eefa7f36f3bd91b3b32abf58dc4974	/home/deploy/quantlab-evidence-archive/20260307_slim/multi-hypothesis-phase5-bighunt-binance-bbo-20260302..20260302-20260307_234227-7f3371f6-t1__FULLSCAN_MAJOR	spread_reversion_v1	CONTEXT_GUARD	TRANSLATABLE	UNBOUND_CONFIG_GAP	UNRUNNABLE	UNBOUND	UNBOUND_CONFIG_GAP	UNRUNNABLE_BINDING	1.000000	4	4	20	1904908.0	108.96	MARK=PASS;FUNDING=PASS;OI=PASS	NEW	0	0	0	0	0	0	0	0.000000			UNKNOWN	NO_HISTORY	NONE	false	INACTIVE	NO_SHADOW_HISTORY	class=UNRUNNABLE;surface=UNRUNNABLE;reason=UNRUNNABLE_BINDING;research=73.659460;shadow=0.000000;runs=0;fills=0;trades=0;pnl=0.000000;outcome=NONE
105	29	UNRUNNABLE	7	73.635160	73.635160	0.000000	36	73.635160	PROMOTE_STRONG	multi-hypothesis-phase5-bighunt-binance-bbo-20260124..20260124-20260306_224433-eb46ae1e-t1__FULLSCAN_MAJOR__f2f4dcb1050ed9860d1d6e050d4d3fe6f7892bd3fc527ee87cd76097d654a7d4	/home/deploy/quantlab-evidence-archive/20260306_slim/multi-hypothesis-phase5-bighunt-binance-bbo-20260124..20260124-20260306_224433-eb46ae1e-t1__FULLSCAN_MAJOR	spread_reversion_v1	CONTEXT_GUARD	TRANSLATABLE	UNBOUND_CONFIG_GAP	UNRUNNABLE	UNBOUND	UNBOUND_CONFIG_GAP	UNRUNNABLE_BINDING	1.000000	4	4	20	1903968.0	110.7	MARK=PASS;FUNDING=PASS;OI=PASS	NEW	0	0	0	0	0	0	0	0.000000			UNKNOWN	NO_HISTORY	NONE	false	INACTIVE	NO_SHADOW_HISTORY	class=UNRUNNABLE;surface=UNRUNNABLE;reason=UNRUNNABLE_BINDING;research=73.635160;shadow=0.000000;runs=0;fills=0;trades=0;pnl=0.000000;outcome=NONE
106	30	UNRUNNABLE	7	72.815500	72.815500	0.000000	37	72.815500	PROMOTE_STRONG	multi-hypothesis-phase5-bighunt-binance-bbo-20260110..20260110-20260306_191204-345c74a2-t1__FULLSCAN_MAJOR__e61803be266b8630ee6e690644227b5e8457ebcbca1e6a47341edf2a65c71f8f	/home/deploy/quantlab-evidence-archive/20260306_slim/multi-hypothesis-phase5-bighunt-binance-bbo-20260110..20260110-20260306_191204-345c74a2-t1__FULLSCAN_MAJOR	spread_reversion_v1	CONTEXT_GUARD	TRANSLATABLE	UNBOUND_CONFIG_GAP	UNRUNNABLE	UNBOUND	UNBOUND_CONFIG_GAP	UNRUNNABLE_BINDING	1.000000	4	4	20	2307368.0	131.07	MARK=PASS;FUNDING=PASS;OI=PASS	NEW	0	0	0	0	0	0	0	0.000000			UNKNOWN	NO_HISTORY	NONE	false	INACTIVE	NO_SHADOW_HISTORY	class=UNRUNNABLE;surface=UNRUNNABLE;reason=UNRUNNABLE_BINDING;research=72.815500;shadow=0.000000;runs=0;fills=0;trades=0;pnl=0.000000;outcome=NONE
107	31	UNRUNNABLE	7	59.030307	59.030307	0.000000	39	59.030307	PROMOTE	multi-hypothesis-phase5-bighunt-binance-trade-20260226..20260227-20260306_063952-e2efix1__FULLSCAN_MAJOR__0d68a8be923d9a3b598f9a947312ae19f1529cdfd3e7eea40d8078200ffbaab0	/home/deploy/quantlab-evidence-archive/20260306_slim/multi-hypothesis-phase5-bighunt-binance-trade-20260226..20260227-20260306_063952-e2efix1__FULLSCAN_MAJOR			NOT_TRANSLATABLE_YET	UNBOUND_TRANSLATION_REJECTED	UNRUNNABLE	UNBOUND	UNBOUND_TRANSLATION_REJECTED	UNRUNNABLE_BINDING	1.000000	5	5	1	129972.0	19.19	MARK=WARN;FUNDING=PASS;OI=PASS	NEW	0	0	0	0	0	0	0	0.000000			UNKNOWN	NO_HISTORY	NONE	false	INACTIVE	NO_SHADOW_HISTORY	class=UNRUNNABLE;surface=UNRUNNABLE;reason=UNRUNNABLE_BINDING;research=59.030307;shadow=0.000000;runs=0;fills=0;trades=0;pnl=0.000000;outcome=NONE
108	32	UNRUNNABLE	7	57.662800	57.662800	0.000000	70	57.662800	PROMOTE	multi-hypothesis-phase5-bighunt-bybit-trade-20260312..20260312-20260313_172659-ff24f995-t1__FULLSCAN_MAJOR__830ad7e3cc0bbf6fcb9257a0e93c48cff2c3ab21e08a9e3fbd1743d7235aabcc	/home/deploy/quantlab-evidence-archive/20260313_slim/multi-hypothesis-phase5-bighunt-bybit-trade-20260312..20260312-20260313_172659-ff24f995-t1__FULLSCAN_MAJOR	momentum_v1	PRIMARY_DIRECTIONAL	NOT_TRANSLATABLE_YET,TRANSLATABLE	UNBOUND_CONFIG_GAP,UNBOUND_TRANSLATION_REJECTED	UNRUNNABLE	UNBOUND	UNBOUND_CONFIG_GAP	UNRUNNABLE_BINDING	1.000000	35	35	7	286940.0	54.15	MARK=WARN;FUNDING=PASS;OI=PASS	NEW	0	0	0	0	0	0	0	0.000000			UNKNOWN	NO_HISTORY	NONE	false	INACTIVE	NO_SHADOW_HISTORY	class=UNRUNNABLE;surface=UNRUNNABLE;reason=UNRUNNABLE_BINDING;research=57.662800;shadow=0.000000;runs=0;fills=0;trades=0;pnl=0.000000;outcome=NONE
109	33	UNRUNNABLE	7	57.063600	57.063600	0.000000	76	57.063600	PROMOTE	multi-hypothesis-phase5-bighunt-binance-bbo-20260314..20260314-20260315_023647-46f73195-t1__FULLSCAN_MAJOR__fbe42a459e537748bb967ca1b06e52a0bdc0b477eaeab02f3147da711ca1acb4	/home/deploy/quantlab-evidence-archive/20260315_slim/multi-hypothesis-phase5-bighunt-binance-bbo-20260314..20260314-20260315_023647-46f73195-t1__FULLSCAN_MAJOR	spread_reversion_v1	CONTEXT_GUARD	TRANSLATABLE	UNBOUND_CONFIG_GAP	UNRUNNABLE	UNBOUND	UNBOUND_CONFIG_GAP	UNRUNNABLE_BINDING	1.000000	1	1	5	504180.0	24.93	MARK=PASS;FUNDING=WARN;OI=PASS	NEW	0	0	0	0	0	0	0	0.000000			UNKNOWN	NO_HISTORY	NONE	false	INACTIVE	NO_SHADOW_HISTORY	class=UNRUNNABLE;surface=UNRUNNABLE;reason=UNRUNNABLE_BINDING;research=57.063600;shadow=0.000000;runs=0;fills=0;trades=0;pnl=0.000000;outcome=NONE
110	34	UNRUNNABLE	7	56.438313	56.438313	0.000000	79	56.438313	PROMOTE	multi-hypothesis-phase5-bighunt-binance-bbo-20260315..20260315-20260316_023946-5fcbb937-t1__FULLSCAN_MAJOR__1f499d89b647c80f4aa603a1806f55baa4aa07a655e2355fe0adc709227033ab	/home/deploy/quantlab-evidence-archive/20260316_slim/multi-hypothesis-phase5-bighunt-binance-bbo-20260315..20260315-20260316_023946-5fcbb937-t1__FULLSCAN_MAJOR	spread_reversion_v1	CONTEXT_GUARD	TRANSLATABLE	UNBOUND_CONFIG_GAP	UNRUNNABLE	UNBOUND	UNBOUND_CONFIG_GAP	UNRUNNABLE_BINDING	1.000000	2	2	10	613304.0	29.71	MARK=PASS;FUNDING=WARN;OI=PASS	NEW	0	0	0	0	0	0	0	0.000000			UNKNOWN	NO_HISTORY	NONE	false	INACTIVE	NO_SHADOW_HISTORY	class=UNRUNNABLE;surface=UNRUNNABLE;reason=UNRUNNABLE_BINDING;research=56.438313;shadow=0.000000;runs=0;fills=0;trades=0;pnl=0.000000;outcome=NONE
111	35	UNRUNNABLE	7	55.987600	55.987600	0.000000	80	55.987600	PROMOTE	multi-hypothesis-phase5-bighunt-binance-trade-20260118..20260118-20260306_211057-cb510e52-t1__FULLSCAN_MAJOR__63b33fd2370496d343ef304c15065e4d427c54328a76562f17eb3c3079769ba1	/home/deploy/quantlab-evidence-archive/20260306_slim/multi-hypothesis-phase5-bighunt-binance-trade-20260118..20260118-20260306_211057-cb510e52-t1__FULLSCAN_MAJOR			NOT_TRANSLATABLE_YET	UNBOUND_TRANSLATION_REJECTED	UNRUNNABLE	UNBOUND	UNBOUND_TRANSLATION_REJECTED	UNRUNNABLE_BINDING	1.000000	5	5	1	659580.0	42.87	MARK=WARN;FUNDING=PASS;OI=PASS	NEW	0	0	0	0	0	0	0	0.000000			UNKNOWN	NO_HISTORY	NONE	false	INACTIVE	NO_SHADOW_HISTORY	class=UNRUNNABLE;surface=UNRUNNABLE;reason=UNRUNNABLE_BINDING;research=55.987600;shadow=0.000000;runs=0;fills=0;trades=0;pnl=0.000000;outcome=NONE
112	36	UNRUNNABLE	7	54.525207	54.525207	0.000000	83	54.525207	PROMOTE	multi-hypothesis-phase5-bighunt-binance-bbo-20260310..20260310-20260311_024102-8179e3e9-t1__FULLSCAN_MAJOR__63ceb70f040925549aa5ab201355dbc2896f01907237a3bcfa73eaadd2e10f55	/home/deploy/quantlab-evidence-archive/20260311_slim/multi-hypothesis-phase5-bighunt-binance-bbo-20260310..20260310-20260311_024102-8179e3e9-t1__FULLSCAN_MAJOR	spread_reversion_v1	CONTEXT_GUARD	TRANSLATABLE	UNBOUND_CONFIG_GAP	UNRUNNABLE	UNBOUND	UNBOUND_CONFIG_GAP	UNRUNNABLE_BINDING	1.000000	2	2	10	923392.0	51.47	MARK=PASS;FUNDING=WARN;OI=PASS	NEW	0	0	0	0	0	0	0	0.000000			UNKNOWN	NO_HISTORY	NONE	false	INACTIVE	NO_SHADOW_HISTORY	class=UNRUNNABLE;surface=UNRUNNABLE;reason=UNRUNNABLE_BINDING;research=54.525207;shadow=0.000000;runs=0;fills=0;trades=0;pnl=0.000000;outcome=NONE
113	37	UNRUNNABLE	7	54.270307	54.270307	0.000000			PROMOTE	multi-hypothesis-phase5-bighunt-binance-bbo-20260316..20260316-20260317_024346-4d30a871-t1__FULLSCAN_MAJOR__bb15a3ed0e4cbf19b4eae03a92a9d21742227ccc4c6858b43d79bca8013885d4	/home/deploy/quantlab-evidence-archive/20260317_slim/multi-hypothesis-phase5-bighunt-binance-bbo-20260316..20260316-20260317_024346-4d30a871-t1__FULLSCAN_MAJOR					UNRUNNABLE		NO_RUNTIME_BINDING_ROWS	UNRUNNABLE_BINDING	1.000000	2	2	10	973572.0	51.71	MARK=PASS;FUNDING=WARN;OI=PASS	NEW	0	0	0	0	0	0	0	0.000000			UNKNOWN	NO_HISTORY	NONE	false	INACTIVE	NO_SHADOW_HISTORY	class=UNRUNNABLE;surface=UNRUNNABLE;reason=UNRUNNABLE_BINDING;research=54.270307;shadow=0.000000;runs=0;fills=0;trades=0;pnl=0.000000;outcome=NONE
114	38	UNRUNNABLE	7	53.632873	53.632873	0.000000	92	53.632873	PROMOTE	multi-hypothesis-phase5-bighunt-binance-bbo-20260312..20260312-20260313_025446-01247540-t1__FULLSCAN_MAJOR__bf3a7cb6c4b11e27446b771897e8f5728bfa396e80b73da591c710d3292b85a5	/home/deploy/quantlab-evidence-archive/20260313_slim/multi-hypothesis-phase5-bighunt-binance-bbo-20260312..20260312-20260313_025446-01247540-t1__FULLSCAN_MAJOR	spread_reversion_v1	CONTEXT_GUARD	TRANSLATABLE	UNBOUND_CONFIG_GAP	UNRUNNABLE	UNBOUND	UNBOUND_CONFIG_GAP	UNRUNNABLE_BINDING	1.000000	3	3	15	1070692.0	60.82	MARK=PASS;FUNDING=WARN;OI=PASS	NEW	0	0	0	0	0	0	0	0.000000			UNKNOWN	NO_HISTORY	NONE	false	INACTIVE	NO_SHADOW_HISTORY	class=UNRUNNABLE;surface=UNRUNNABLE;reason=UNRUNNABLE_BINDING;research=53.632873;shadow=0.000000;runs=0;fills=0;trades=0;pnl=0.000000;outcome=NONE
115	39	UNRUNNABLE	7	52.817873	52.817873	0.000000	94	52.817873	PROMOTE	multi-hypothesis-phase5-bighunt-binance-bbo-20260313..20260313-20260314_025946-034f0945-t1__FULLSCAN_MAJOR__e5cbeac4c685b7bd584ee118ae74b4e2684ddafe83959d32272daa1780cfb96d	/home/deploy/quantlab-evidence-archive/20260314_slim/multi-hypothesis-phase5-bighunt-binance-bbo-20260313..20260313-20260314_025946-034f0945-t1__FULLSCAN_MAJOR	spread_reversion_v1	CONTEXT_GUARD	TRANSLATABLE	UNBOUND_CONFIG_GAP	UNRUNNABLE	UNBOUND	UNBOUND_CONFIG_GAP	UNRUNNABLE_BINDING	1.000000	3	3	15	1211692.0	67.42	MARK=PASS;FUNDING=WARN;OI=PASS	NEW	0	0	0	0	0	0	0	0.000000			UNKNOWN	NO_HISTORY	NONE	false	INACTIVE	NO_SHADOW_HISTORY	class=UNRUNNABLE;surface=UNRUNNABLE;reason=UNRUNNABLE_BINDING;research=52.817873;shadow=0.000000;runs=0;fills=0;trades=0;pnl=0.000000;outcome=NONE
116	40	UNRUNNABLE	7	51.810887	51.810887	0.000000	97	51.810887	PROMOTE	multi-hypothesis-phase5-bighunt-binance-bbo-20260117..20260117-20260306_205929-f0bba16a-t1__FULLSCAN_MAJOR__b07af4244cccf07f7143255dda988fb0109289a84e6849ff97070a789b6933f7	/home/deploy/quantlab-evidence-archive/20260306_slim/multi-hypothesis-phase5-bighunt-binance-bbo-20260117..20260117-20260306_205929-f0bba16a-t1__FULLSCAN_MAJOR	spread_reversion_v1	CONTEXT_GUARD	TRANSLATABLE	UNBOUND_CONFIG_GAP	UNRUNNABLE	UNBOUND	UNBOUND_CONFIG_GAP	UNRUNNABLE_BINDING	1.000000	4	4	20	1379356.0	77.54	MARK=PASS;FUNDING=WARN;OI=PASS	NEW	0	0	0	0	0	0	0	0.000000			UNKNOWN	NO_HISTORY	NONE	false	INACTIVE	NO_SHADOW_HISTORY	class=UNRUNNABLE;surface=UNRUNNABLE;reason=UNRUNNABLE_BINDING;research=51.810887;shadow=0.000000;runs=0;fills=0;trades=0;pnl=0.000000;outcome=NONE
117	41	UNRUNNABLE	7	48.496173	48.496173	0.000000	107	48.496173	PROMOTE	multi-hypothesis-phase5-bighunt-binance-bbo-20260118..20260118-20260306_210650-27d6b9da-t1__FULLSCAN_MAJOR__9e7fc63c1349c5e4c0aa7cd1291e7478d4f05cde889d06aa23924240e1417253	/home/deploy/quantlab-evidence-archive/20260306_slim/multi-hypothesis-phase5-bighunt-binance-bbo-20260118..20260118-20260306_210650-27d6b9da-t1__FULLSCAN_MAJOR	spread_reversion_v1	CONTEXT_GUARD	TRANSLATABLE	UNBOUND_CONFIG_GAP	UNRUNNABLE	UNBOUND	UNBOUND_CONFIG_GAP	UNRUNNABLE_BINDING	1.000000	4	4	20	1933032.0	110.32	MARK=PASS;FUNDING=WARN;OI=PASS	NEW	0	0	0	0	0	0	0	0.000000			UNKNOWN	NO_HISTORY	NONE	false	INACTIVE	NO_SHADOW_HISTORY	class=UNRUNNABLE;surface=UNRUNNABLE;reason=UNRUNNABLE_BINDING;research=48.496173;shadow=0.000000;runs=0;fills=0;trades=0;pnl=0.000000;outcome=NONE
118	42	UNRUNNABLE	7	35.161667	35.161667	0.000000	116	35.161667	PROMOTE	multi-hypothesis-phase5-mini-fullscan-trade-state-20260305_072046__FULLSCAN_MAJOR__9709a89edd8ac89da2f29e17cf403c04ce1488383aff7204e582bd1a70243325	/home/deploy/quantlab-evidence-archive/20260305_slim/multi-hypothesis-phase5-mini-fullscan-trade-state-20260305_072046__FULLSCAN_MAJOR			INSUFFICIENT_CONTRACT	UNBOUND_TRANSLATION_REJECTED	UNRUNNABLE	UNBOUND	UNBOUND_TRANSLATION_REJECTED	UNRUNNABLE_BINDING	1.000000	45	45	9	2121568.0	290.3	MARK=NA;FUNDING=NA;OI=NA	NEW	0	0	0	0	0	0	0	0.000000			UNKNOWN	NO_HISTORY	NONE	false	INACTIVE	NO_SHADOW_HISTORY	class=UNRUNNABLE;surface=UNRUNNABLE;reason=UNRUNNABLE_BINDING;research=35.161667;shadow=0.000000;runs=0;fills=0;trades=0;pnl=0.000000;outcome=NONE
