scope	group	count	min	p10	p25	median	p75	p90	max
overall	all	18	0.704696	0.756059	0.793659	0.872906	1.119656	1.209125	1.356353
symbol	adausdt	6	1.101261	1.113524	1.126871	1.162177	1.231468	1.300117	1.356353
symbol	avaxusdt	6	0.791002	0.796316	0.809173	0.850146	0.931584	0.960636	0.968657
symbol	linkusdt	6	0.704696	0.724302	0.748248	0.771142	0.821165	0.855933	0.877319
quality_tag	DD	3	0.781018	0.798513	0.824755	0.868493	1.056187	1.168804	1.243882
quality_tag	GD	3	0.834547	0.858160	0.893581	0.952615	1.154484	1.275605	1.356353
quality_tag	GG	12	0.704696	0.745645	0.783568	0.854560	1.107393	1.129691	1.194229
