exchange	symbol	date	stream	feature	delta_ms	h_ms	pressure_threshold	event_count	mean_abs_pressure	mean_signed_fwd_return_bps	t_stat	label
binance	adausdt	20260324	trade	signed_trade_volume_imbalance	100	100	0.050000	106359	0.975644109341175	-1.238564951795134	-164.689385034978585	ANTI_EDGE
binance	adausdt	20260324	trade	signed_trade_volume_imbalance	100	100	0.100000	106157	0.977357944849439	-1.239911773913975	-164.754977387617686	ANTI_EDGE
binance	adausdt	20260324	trade	signed_trade_volume_imbalance	100	100	0.200000	105676	0.981134375873939	-1.246568476206238	-165.577523504256447	ANTI_EDGE
binance	adausdt	20260324	trade	signed_trade_volume_imbalance	100	250	0.050000	106359	0.975644109341175	-1.193139828120738	-157.192568782900139	ANTI_EDGE
binance	adausdt	20260324	trade	signed_trade_volume_imbalance	100	250	0.100000	106157	0.977357944849439	-1.194614823381689	-157.294150038379769	ANTI_EDGE
binance	adausdt	20260324	trade	signed_trade_volume_imbalance	100	250	0.200000	105676	0.981134375873939	-1.200959476819395	-158.123065806006537	ANTI_EDGE
binance	adausdt	20260324	trade	signed_trade_volume_imbalance	100	500	0.050000	106359	0.975644109341175	-1.207067052789930	-149.230916848022730	ANTI_EDGE
binance	adausdt	20260324	trade	signed_trade_volume_imbalance	100	500	0.100000	106157	0.977357944849439	-1.208391716761166	-149.260409755095480	ANTI_EDGE
binance	adausdt	20260324	trade	signed_trade_volume_imbalance	100	500	0.200000	105676	0.981134375873939	-1.214367118408159	-149.975043240843803	ANTI_EDGE
binance	adausdt	20260324	trade	signed_trade_volume_imbalance	250	100	0.050000	104915	0.948342111681985	-1.066071335863128	-136.932684660065235	ANTI_EDGE
binance	adausdt	20260324	trade	signed_trade_volume_imbalance	250	100	0.100000	104365	0.952951082928089	-1.071062663088858	-137.356058685363820	ANTI_EDGE
binance	adausdt	20260324	trade	signed_trade_volume_imbalance	250	100	0.200000	103359	0.960791726237301	-1.081093808643860	-138.303522481491541	ANTI_EDGE
binance	adausdt	20260324	trade	signed_trade_volume_imbalance	250	250	0.050000	104915	0.948342111681985	-1.028389290670861	-131.043918252973810	ANTI_EDGE
binance	adausdt	20260324	trade	signed_trade_volume_imbalance	250	250	0.100000	104365	0.952951082928089	-1.033659194957848	-131.515410800608407	ANTI_EDGE
binance	adausdt	20260324	trade	signed_trade_volume_imbalance	250	250	0.200000	103359	0.960791726237301	-1.043512967408888	-132.526150882740609	ANTI_EDGE
binance	adausdt	20260324	trade	signed_trade_volume_imbalance	250	500	0.050000	104915	0.948342111681985	-1.026849811655514	-122.973056239293882	ANTI_EDGE
binance	adausdt	20260324	trade	signed_trade_volume_imbalance	250	500	0.100000	104365	0.952951082928089	-1.032443514710283	-123.438186373171291	ANTI_EDGE
binance	adausdt	20260324	trade	signed_trade_volume_imbalance	250	500	0.200000	103359	0.960791726237301	-1.041990361534192	-124.363721898021936	ANTI_EDGE
binance	adausdt	20260324	trade	signed_trade_volume_imbalance	500	100	0.050000	104982	0.911489181108711	-0.896719917437612	-112.070302588795514	ANTI_EDGE
binance	adausdt	20260324	trade	signed_trade_volume_imbalance	500	100	0.100000	104028	0.919166125778528	-0.903757460509830	-112.574986707328634	ANTI_EDGE
binance	adausdt	20260324	trade	signed_trade_volume_imbalance	500	100	0.200000	102319	0.932056716334439	-0.918916733513669	-113.806476477197606	ANTI_EDGE
binance	adausdt	20260324	trade	signed_trade_volume_imbalance	500	250	0.050000	104982	0.911489181108711	-0.853115664487985	-105.957663469446686	ANTI_EDGE
binance	adausdt	20260324	trade	signed_trade_volume_imbalance	500	250	0.100000	104028	0.919166125778528	-0.859319908240577	-106.375233216162641	ANTI_EDGE
binance	adausdt	20260324	trade	signed_trade_volume_imbalance	500	250	0.200000	102319	0.932056716334439	-0.873581756807378	-107.569784963249433	ANTI_EDGE
binance	adausdt	20260324	trade	signed_trade_volume_imbalance	500	500	0.050000	104982	0.911489181108711	-0.855898531603996	-100.241954030858935	ANTI_EDGE
binance	adausdt	20260324	trade	signed_trade_volume_imbalance	500	500	0.100000	104028	0.919166125778528	-0.862640386245549	-100.687650972556199	ANTI_EDGE
binance	adausdt	20260324	trade	signed_trade_volume_imbalance	500	500	0.200000	102319	0.932056716334439	-0.875979668264286	-101.709968730432493	ANTI_EDGE
binance	adausdt	20260325	trade	signed_trade_volume_imbalance	100	100	0.050000	107165	0.974853675484877	-1.139658973727259	-164.885991808557009	ANTI_EDGE
binance	adausdt	20260325	trade	signed_trade_volume_imbalance	100	100	0.100000	106869	0.977342958295157	-1.142677733781461	-165.222531430857373	ANTI_EDGE
binance	adausdt	20260325	trade	signed_trade_volume_imbalance	100	100	0.200000	106410	0.980912473731507	-1.147427948836343	-165.817149011795237	ANTI_EDGE
binance	adausdt	20260325	trade	signed_trade_volume_imbalance	100	250	0.050000	107165	0.974853675484877	-1.145383494534421	-156.612850141086426	ANTI_EDGE
binance	adausdt	20260325	trade	signed_trade_volume_imbalance	100	250	0.100000	106869	0.977342958295157	-1.148823061895082	-157.057101379906754	ANTI_EDGE
binance	adausdt	20260325	trade	signed_trade_volume_imbalance	100	250	0.200000	106410	0.980912473731507	-1.153113381339049	-157.485737311921781	ANTI_EDGE
binance	adausdt	20260325	trade	signed_trade_volume_imbalance	100	500	0.050000	107165	0.974853675484877	-1.140936580639317	-147.861090648477813	ANTI_EDGE
binance	adausdt	20260325	trade	signed_trade_volume_imbalance	100	500	0.100000	106869	0.977342958295157	-1.144572757101136	-148.312839397693921	ANTI_EDGE
binance	adausdt	20260325	trade	signed_trade_volume_imbalance	100	500	0.200000	106410	0.980912473731507	-1.148915636322461	-148.766792233557396	ANTI_EDGE
binance	adausdt	20260325	trade	signed_trade_volume_imbalance	250	100	0.050000	106826	0.950234138180054	-0.994498693238122	-139.561235108562045	ANTI_EDGE
binance	adausdt	20260325	trade	signed_trade_volume_imbalance	250	100	0.100000	106273	0.954787376042049	-0.999637146584159	-140.092818445273565	ANTI_EDGE
binance	adausdt	20260325	trade	signed_trade_volume_imbalance	250	100	0.200000	105302	0.962216404462336	-1.009308681044679	-141.169030707331643	ANTI_EDGE
binance	adausdt	20260325	trade	signed_trade_volume_imbalance	250	250	0.050000	106826	0.950234138180054	-1.003818646080937	-133.560710183790491	ANTI_EDGE
binance	adausdt	20260325	trade	signed_trade_volume_imbalance	250	250	0.100000	106273	0.954787376042049	-1.008550527780628	-133.991850790609362	ANTI_EDGE
binance	adausdt	20260325	trade	signed_trade_volume_imbalance	250	250	0.200000	105302	0.962216404462336	-1.018621225093309	-135.000481228528486	ANTI_EDGE
binance	adausdt	20260325	trade	signed_trade_volume_imbalance	250	500	0.050000	106826	0.950234138180054	-1.005348248298771	-127.258894453120107	ANTI_EDGE
binance	adausdt	20260325	trade	signed_trade_volume_imbalance	250	500	0.100000	106273	0.954787376042049	-1.009948956629015	-127.646318359763868	ANTI_EDGE
binance	adausdt	20260325	trade	signed_trade_volume_imbalance	250	500	0.200000	105302	0.962216404462336	-1.019894091427865	-128.568306148078278	ANTI_EDGE
binance	adausdt	20260325	trade	signed_trade_volume_imbalance	500	100	0.050000	106541	0.919919091645765	-0.829721535696316	-113.244557102318595	ANTI_EDGE
binance	adausdt	20260325	trade	signed_trade_volume_imbalance	500	100	0.100000	105731	0.926395416315036	-0.835583901316224	-113.767750884267414	ANTI_EDGE
binance	adausdt	20260325	trade	signed_trade_volume_imbalance	500	100	0.200000	104160	0.938119828252520	-0.847979467291771	-114.911526435320781	ANTI_EDGE
binance	adausdt	20260325	trade	signed_trade_volume_imbalance	500	250	0.050000	106541	0.919919091645765	-0.837113213147612	-108.579875394705795	ANTI_EDGE
binance	adausdt	20260325	trade	signed_trade_volume_imbalance	500	250	0.100000	105731	0.926395416315036	-0.843174860636112	-109.084229600033908	ANTI_EDGE
binance	adausdt	20260325	trade	signed_trade_volume_imbalance	500	250	0.200000	104160	0.938119828252520	-0.855368258860143	-110.066836455821388	ANTI_EDGE
binance	adausdt	20260325	trade	signed_trade_volume_imbalance	500	500	0.050000	106541	0.919919091645765	-0.833950264359912	-103.049828482034840	ANTI_EDGE
binance	adausdt	20260325	trade	signed_trade_volume_imbalance	500	500	0.100000	105731	0.926395416315036	-0.840546274200042	-103.570533956849303	ANTI_EDGE
binance	adausdt	20260325	trade	signed_trade_volume_imbalance	500	500	0.200000	104160	0.938119828252520	-0.853368729253692	-104.588454391101692	ANTI_EDGE
binance	adausdt	20260326	trade	signed_trade_volume_imbalance	100	100	0.050000	118835	0.971344110637394	-1.205250248992290	-184.448892410685460	ANTI_EDGE
binance	adausdt	20260326	trade	signed_trade_volume_imbalance	100	100	0.100000	118503	0.973855291443101	-1.209098338594831	-185.051440051364608	ANTI_EDGE
binance	adausdt	20260326	trade	signed_trade_volume_imbalance	100	100	0.200000	117856	0.978376388837109	-1.214878239526756	-186.072215099820227	ANTI_EDGE
binance	adausdt	20260326	trade	signed_trade_volume_imbalance	100	250	0.050000	118835	0.971344110637394	-1.200702783389339	-174.989560406526834	ANTI_EDGE
binance	adausdt	20260326	trade	signed_trade_volume_imbalance	100	250	0.100000	118503	0.973855291443101	-1.204663323640005	-175.558027535403738	ANTI_EDGE
binance	adausdt	20260326	trade	signed_trade_volume_imbalance	100	250	0.200000	117856	0.978376388837109	-1.210249876464894	-176.368677338260824	ANTI_EDGE
binance	adausdt	20260326	trade	signed_trade_volume_imbalance	100	500	0.050000	118834	0.971343869495218	-1.204875909670970	-166.013175501504037	ANTI_EDGE
binance	adausdt	20260326	trade	signed_trade_volume_imbalance	100	500	0.100000	118502	0.973855070816372	-1.209040179908270	-166.641577607665994	ANTI_EDGE
binance	adausdt	20260326	trade	signed_trade_volume_imbalance	100	500	0.200000	117855	0.978376205360708	-1.215022288261172	-167.607361316533144	ANTI_EDGE
binance	adausdt	20260326	trade	signed_trade_volume_imbalance	250	100	0.050000	118482	0.943381618418298	-1.054588360254725	-155.944027098249222	ANTI_EDGE
binance	adausdt	20260326	trade	signed_trade_volume_imbalance	250	100	0.100000	117800	0.948408805505264	-1.060731918848786	-156.718213069951588	ANTI_EDGE
binance	adausdt	20260326	trade	signed_trade_volume_imbalance	250	100	0.200000	116517	0.957216625458218	-1.070588451081405	-157.945647567471951	ANTI_EDGE
binance	adausdt	20260326	trade	signed_trade_volume_imbalance	250	250	0.050000	118482	0.943381618418298	-1.047236580516645	-147.906589708148516	ANTI_EDGE
binance	adausdt	20260326	trade	signed_trade_volume_imbalance	250	250	0.100000	117800	0.948408805505264	-1.052962301042980	-148.679095466553946	ANTI_EDGE
binance	adausdt	20260326	trade	signed_trade_volume_imbalance	250	250	0.200000	116517	0.957216625458218	-1.063366318179685	-149.943913002754471	ANTI_EDGE
binance	adausdt	20260326	trade	signed_trade_volume_imbalance	250	500	0.050000	118481	0.943381140549428	-1.050375969719898	-140.647589112259084	ANTI_EDGE
binance	adausdt	20260326	trade	signed_trade_volume_imbalance	250	500	0.100000	117799	0.948408367545735	-1.056552995353342	-141.431204139683700	ANTI_EDGE
binance	adausdt	20260326	trade	signed_trade_volume_imbalance	250	500	0.200000	116516	0.957216258269381	-1.066398665782493	-142.517155735855567	ANTI_EDGE
binance	adausdt	20260326	trade	signed_trade_volume_imbalance	500	100	0.050000	118143	0.908557180207395	-0.872820001191764	-124.948114370978971	ANTI_EDGE
binance	adausdt	20260326	trade	signed_trade_volume_imbalance	500	100	0.100000	117054	0.916302363966425	-0.881746773800707	-125.935887024834244	ANTI_EDGE
binance	adausdt	20260326	trade	signed_trade_volume_imbalance	500	100	0.200000	115019	0.929887068880353	-0.896557314075788	-127.413910399649836	ANTI_EDGE
binance	adausdt	20260326	trade	signed_trade_volume_imbalance	500	250	0.050000	118143	0.908557180207395	-0.866896314999551	-118.881178753793023	ANTI_EDGE
binance	adausdt	20260326	trade	signed_trade_volume_imbalance	500	250	0.100000	117054	0.916302363966425	-0.876260441267402	-119.905582998108997	ANTI_EDGE
binance	adausdt	20260326	trade	signed_trade_volume_imbalance	500	250	0.200000	115019	0.929887068880353	-0.891038284300054	-121.347192557220282	ANTI_EDGE
binance	adausdt	20260326	trade	signed_trade_volume_imbalance	500	500	0.050000	118142	0.908556406199677	-0.863741733822309	-112.552177517023267	ANTI_EDGE
binance	adausdt	20260326	trade	signed_trade_volume_imbalance	500	500	0.100000	117053	0.916301648925922	-0.871810786957608	-113.320491246390176	ANTI_EDGE
binance	adausdt	20260326	trade	signed_trade_volume_imbalance	500	500	0.200000	115018	0.929886459298104	-0.886179776941841	-114.687373033525262	ANTI_EDGE
binance	adausdt	20260327	trade	signed_trade_volume_imbalance	100	100	0.050000	108201	0.971623232268717	-1.274163290692717	-174.361847618838169	ANTI_EDGE
binance	adausdt	20260327	trade	signed_trade_volume_imbalance	100	100	0.100000	107915	0.973997660360593	-1.277165519546668	-174.765213947612352	ANTI_EDGE
binance	adausdt	20260327	trade	signed_trade_volume_imbalance	100	100	0.200000	107315	0.978618094400045	-1.285247933010685	-175.976323655534230	ANTI_EDGE
binance	adausdt	20260327	trade	signed_trade_volume_imbalance	100	250	0.050000	108201	0.971623232268717	-1.272568023542920	-164.198177705749742	ANTI_EDGE
binance	adausdt	20260327	trade	signed_trade_volume_imbalance	100	250	0.100000	107915	0.973997660360593	-1.275451495947295	-164.586740729911980	ANTI_EDGE
binance	adausdt	20260327	trade	signed_trade_volume_imbalance	100	250	0.200000	107315	0.978618094400045	-1.282619372829932	-165.567016806835255	ANTI_EDGE
binance	adausdt	20260327	trade	signed_trade_volume_imbalance	100	500	0.050000	108201	0.971623232268717	-1.269089856228352	-151.965224001708094	ANTI_EDGE
binance	adausdt	20260327	trade	signed_trade_volume_imbalance	100	500	0.100000	107915	0.973997660360593	-1.271523451259592	-152.322200335206531	ANTI_EDGE
binance	adausdt	20260327	trade	signed_trade_volume_imbalance	100	500	0.200000	107315	0.978618094400045	-1.278024853118398	-153.148790715279432	ANTI_EDGE
binance	adausdt	20260327	trade	signed_trade_volume_imbalance	250	100	0.050000	107771	0.943492598015556	-1.133510977725041	-150.478488283319649	ANTI_EDGE
binance	adausdt	20260327	trade	signed_trade_volume_imbalance	250	100	0.100000	107176	0.948307608955792	-1.140329025738865	-151.343734396596773	ANTI_EDGE
binance	adausdt	20260327	trade	signed_trade_volume_imbalance	250	100	0.200000	105988	0.957274729974412	-1.153263360986706	-152.938789047020492	ANTI_EDGE
binance	adausdt	20260327	trade	signed_trade_volume_imbalance	250	250	0.050000	107771	0.943492598015556	-1.130146895710894	-141.884283384122398	ANTI_EDGE
binance	adausdt	20260327	trade	signed_trade_volume_imbalance	250	250	0.100000	107176	0.948307608955792	-1.136719343116708	-142.682020186197178	ANTI_EDGE
binance	adausdt	20260327	trade	signed_trade_volume_imbalance	250	250	0.200000	105988	0.957274729974412	-1.148319422643555	-144.079511149757508	ANTI_EDGE
binance	adausdt	20260327	trade	signed_trade_volume_imbalance	250	500	0.050000	107771	0.943492598015556	-1.122198544182437	-131.140025810424959	ANTI_EDGE
binance	adausdt	20260327	trade	signed_trade_volume_imbalance	250	500	0.100000	107176	0.948307608955792	-1.127711736578176	-131.719886225388933	ANTI_EDGE
binance	adausdt	20260327	trade	signed_trade_volume_imbalance	250	500	0.200000	105988	0.957274729974412	-1.138814884406138	-132.865607021313537	ANTI_EDGE
binance	adausdt	20260327	trade	signed_trade_volume_imbalance	500	100	0.050000	107409	0.908306525327942	-0.951350592179010	-122.402514683224638	ANTI_EDGE
binance	adausdt	20260327	trade	signed_trade_volume_imbalance	500	100	0.100000	106409	0.916136896163982	-0.960999626008776	-123.468772841737959	ANTI_EDGE
binance	adausdt	20260327	trade	signed_trade_volume_imbalance	500	100	0.200000	104524	0.929971120116643	-0.979087379104156	-125.393908241091822	ANTI_EDGE
binance	adausdt	20260327	trade	signed_trade_volume_imbalance	500	250	0.050000	107409	0.908306525327942	-0.940561239034205	-114.657281339067751	ANTI_EDGE
binance	adausdt	20260327	trade	signed_trade_volume_imbalance	500	250	0.100000	106409	0.916136896163982	-0.951238540620933	-115.850095948952656	ANTI_EDGE
binance	adausdt	20260327	trade	signed_trade_volume_imbalance	500	250	0.200000	104524	0.929971120116643	-0.967407616788806	-117.377473549029290	ANTI_EDGE
binance	adausdt	20260327	trade	signed_trade_volume_imbalance	500	500	0.050000	107409	0.908306525327942	-0.928800526992542	-105.878592048195372	ANTI_EDGE
binance	adausdt	20260327	trade	signed_trade_volume_imbalance	500	500	0.100000	106409	0.916136896163982	-0.938601697551151	-106.965739751772915	ANTI_EDGE
binance	adausdt	20260327	trade	signed_trade_volume_imbalance	500	500	0.200000	104524	0.929971120116643	-0.954643880958904	-108.367910657437889	ANTI_EDGE
binance	adausdt	20260328	trade	signed_trade_volume_imbalance	100	100	0.050000	97270	0.975480001388524	-1.422678055311432	-191.231700915782739	ANTI_EDGE
binance	adausdt	20260328	trade	signed_trade_volume_imbalance	100	100	0.100000	97045	0.977568140282976	-1.426553357122128	-191.809454928362157	ANTI_EDGE
binance	adausdt	20260328	trade	signed_trade_volume_imbalance	100	100	0.200000	96541	0.981919556516391	-1.434074571421613	-192.849885164044053	ANTI_EDGE
binance	adausdt	20260328	trade	signed_trade_volume_imbalance	100	250	0.050000	97270	0.975480001388524	-1.414916412209989	-183.355345590265784	ANTI_EDGE
binance	adausdt	20260328	trade	signed_trade_volume_imbalance	100	250	0.100000	97045	0.977568140282976	-1.419305066905424	-184.119879221307571	ANTI_EDGE
binance	adausdt	20260328	trade	signed_trade_volume_imbalance	100	250	0.200000	96541	0.981919556516391	-1.427062675183503	-185.406027866137947	ANTI_EDGE
binance	adausdt	20260328	trade	signed_trade_volume_imbalance	100	500	0.050000	97270	0.975480001388524	-1.410987146710919	-174.439567406326375	ANTI_EDGE
binance	adausdt	20260328	trade	signed_trade_volume_imbalance	100	500	0.100000	97045	0.977568140282976	-1.414912442836325	-175.052227687970998	ANTI_EDGE
binance	adausdt	20260328	trade	signed_trade_volume_imbalance	100	500	0.200000	96541	0.981919556516391	-1.423190086439951	-176.186773880475442	ANTI_EDGE
binance	adausdt	20260328	trade	signed_trade_volume_imbalance	250	100	0.050000	96883	0.947832742959860	-1.274768139773128	-165.060946906569626	ANTI_EDGE
binance	adausdt	20260328	trade	signed_trade_volume_imbalance	250	100	0.100000	96388	0.952311706484872	-1.282022162670245	-165.919267940624536	ANTI_EDGE
binance	adausdt	20260328	trade	signed_trade_volume_imbalance	250	100	0.200000	95279	0.961691837513265	-1.296261672943001	-167.606106068344673	ANTI_EDGE
binance	adausdt	20260328	trade	signed_trade_volume_imbalance	250	250	0.050000	96883	0.947832742959860	-1.266244154503048	-158.450718719036502	ANTI_EDGE
binance	adausdt	20260328	trade	signed_trade_volume_imbalance	250	250	0.100000	96388	0.952311706484872	-1.273657440082204	-159.280846386380858	ANTI_EDGE
binance	adausdt	20260328	trade	signed_trade_volume_imbalance	250	250	0.200000	95279	0.961691837513265	-1.287704602128648	-160.978250512096423	ANTI_EDGE
binance	adausdt	20260328	trade	signed_trade_volume_imbalance	250	500	0.050000	96883	0.947832742959860	-1.264549010449151	-151.494473780035435	ANTI_EDGE
binance	adausdt	20260328	trade	signed_trade_volume_imbalance	250	500	0.100000	96388	0.952311706484872	-1.271254787749323	-152.207450035417651	ANTI_EDGE
binance	adausdt	20260328	trade	signed_trade_volume_imbalance	250	500	0.200000	95279	0.961691837513265	-1.286124260143809	-154.092495450062586	ANTI_EDGE
binance	adausdt	20260328	trade	signed_trade_volume_imbalance	500	100	0.050000	96521	0.912404701468669	-1.095454444510578	-136.655578655570054	ANTI_EDGE
binance	adausdt	20260328	trade	signed_trade_volume_imbalance	500	100	0.100000	95673	0.919821133507020	-1.105385281406345	-137.643843712096924	ANTI_EDGE
binance	adausdt	20260328	trade	signed_trade_volume_imbalance	500	100	0.200000	93868	0.934665375044379	-1.124974636823875	-139.499175611652674	ANTI_EDGE
binance	adausdt	20260328	trade	signed_trade_volume_imbalance	500	250	0.050000	96521	0.912404701468669	-1.083155274579530	-130.850516847898973	ANTI_EDGE
binance	adausdt	20260328	trade	signed_trade_volume_imbalance	500	250	0.100000	95673	0.919821133507020	-1.093345355234218	-131.855246366816601	ANTI_EDGE
binance	adausdt	20260328	trade	signed_trade_volume_imbalance	500	250	0.200000	93868	0.934665375044379	-1.113117048390115	-133.697500548693142	ANTI_EDGE
binance	adausdt	20260328	trade	signed_trade_volume_imbalance	500	500	0.050000	96521	0.912404701468669	-1.085321602513553	-125.992413199670409	ANTI_EDGE
binance	adausdt	20260328	trade	signed_trade_volume_imbalance	500	500	0.100000	95673	0.919821133507020	-1.095461111548794	-127.044728459738650	ANTI_EDGE
binance	adausdt	20260328	trade	signed_trade_volume_imbalance	500	500	0.200000	93868	0.934665375044379	-1.117156523948684	-129.258055134951775	ANTI_EDGE
binance	avaxusdt	20260324	trade	signed_trade_volume_imbalance	100	100	0.050000	96593	0.975899962954333	0.124915939453921	26.716964964021933	NO_EDGE
binance	avaxusdt	20260324	trade	signed_trade_volume_imbalance	100	100	0.100000	96441	0.977323059098941	0.125093539940725	26.951027668659528	NO_EDGE
binance	avaxusdt	20260324	trade	signed_trade_volume_imbalance	100	100	0.200000	96050	0.980696682948210	0.127164810111302	27.915557905934797	NO_EDGE
binance	avaxusdt	20260324	trade	signed_trade_volume_imbalance	100	250	0.050000	96593	0.975899962954333	0.189861795523849	38.499142921415462	NO_EDGE
binance	avaxusdt	20260324	trade	signed_trade_volume_imbalance	100	250	0.100000	96441	0.977323059098941	0.189789089403967	38.576799364697273	NO_EDGE
binance	avaxusdt	20260324	trade	signed_trade_volume_imbalance	100	250	0.200000	96050	0.980696682948210	0.190928507041597	39.312034238107913	NO_EDGE
binance	avaxusdt	20260324	trade	signed_trade_volume_imbalance	100	500	0.050000	96593	0.975899962954333	0.208979644214552	38.170349814884943	DIRECTIONAL
binance	avaxusdt	20260324	trade	signed_trade_volume_imbalance	100	500	0.100000	96441	0.977323059098941	0.208504382227792	38.194139630896373	DIRECTIONAL
binance	avaxusdt	20260324	trade	signed_trade_volume_imbalance	100	500	0.200000	96050	0.980696682948210	0.207606419785777	38.367464014955601	DIRECTIONAL
binance	avaxusdt	20260324	trade	signed_trade_volume_imbalance	250	100	0.050000	96187	0.954874101826258	0.147633838974863	31.547893957180023	NO_EDGE
binance	avaxusdt	20260324	trade	signed_trade_volume_imbalance	250	100	0.100000	95896	0.957537621185698	0.147455162464738	31.805201510228734	NO_EDGE
binance	avaxusdt	20260324	trade	signed_trade_volume_imbalance	250	100	0.200000	95193	0.963538600763957	0.144324926138547	32.331129488341183	NO_EDGE
binance	avaxusdt	20260324	trade	signed_trade_volume_imbalance	250	250	0.050000	96187	0.954874101826258	0.208940786471040	42.327574682513990	DIRECTIONAL
binance	avaxusdt	20260324	trade	signed_trade_volume_imbalance	250	250	0.100000	95896	0.957537621185698	0.209394707118271	42.545438456873732	DIRECTIONAL
binance	avaxusdt	20260324	trade	signed_trade_volume_imbalance	250	250	0.200000	95193	0.963538600763957	0.206307078153475	43.221039938861459	DIRECTIONAL
binance	avaxusdt	20260324	trade	signed_trade_volume_imbalance	250	500	0.050000	96187	0.954874101826258	0.230605092355051	42.087347245878938	DIRECTIONAL
binance	avaxusdt	20260324	trade	signed_trade_volume_imbalance	250	500	0.100000	95896	0.957537621185698	0.230604603620315	42.235147530342388	DIRECTIONAL
binance	avaxusdt	20260324	trade	signed_trade_volume_imbalance	250	500	0.200000	95193	0.963538600763957	0.226357687578362	42.422136619465746	DIRECTIONAL
binance	avaxusdt	20260324	trade	signed_trade_volume_imbalance	500	100	0.050000	95562	0.925490528741280	0.148780591909554	31.620314335932463	NO_EDGE
binance	avaxusdt	20260324	trade	signed_trade_volume_imbalance	500	100	0.100000	95113	0.929501893912672	0.149764692351803	32.279619954782113	NO_EDGE
binance	avaxusdt	20260324	trade	signed_trade_volume_imbalance	500	100	0.200000	93860	0.939951035352617	0.146751526891104	33.064494315148146	NO_EDGE
binance	avaxusdt	20260324	trade	signed_trade_volume_imbalance	500	250	0.050000	95562	0.925490528741280	0.212019399074042	42.762459113637796	DIRECTIONAL
binance	avaxusdt	20260324	trade	signed_trade_volume_imbalance	500	250	0.100000	95113	0.929501893912672	0.213518722593662	43.531442863098789	DIRECTIONAL
binance	avaxusdt	20260324	trade	signed_trade_volume_imbalance	500	250	0.200000	93860	0.939951035352617	0.209167862991597	44.220055201972812	DIRECTIONAL
binance	avaxusdt	20260324	trade	signed_trade_volume_imbalance	500	500	0.050000	95562	0.925490528741280	0.237441089574780	43.143624812919683	DIRECTIONAL
binance	avaxusdt	20260324	trade	signed_trade_volume_imbalance	500	500	0.100000	95113	0.929501893912672	0.238015976345018	43.489200572657474	DIRECTIONAL
binance	avaxusdt	20260324	trade	signed_trade_volume_imbalance	500	500	0.200000	93860	0.939951035352617	0.230801862647520	43.489172336560188	DIRECTIONAL
binance	avaxusdt	20260325	trade	signed_trade_volume_imbalance	100	100	0.050000	80528	0.975524365295040	0.048717892437047	10.439697240446247	NO_EDGE
binance	avaxusdt	20260325	trade	signed_trade_volume_imbalance	100	100	0.100000	80358	0.977437498376575	0.047267328929162	10.246430475889611	NO_EDGE
binance	avaxusdt	20260325	trade	signed_trade_volume_imbalance	100	100	0.200000	80047	0.980669775410681	0.047192988298992	10.494262006121444	NO_EDGE
binance	avaxusdt	20260325	trade	signed_trade_volume_imbalance	100	250	0.050000	80528	0.975524365295040	0.088915273205153	17.323188468407281	NO_EDGE
binance	avaxusdt	20260325	trade	signed_trade_volume_imbalance	100	250	0.100000	80358	0.977437498376575	0.087268154490450	17.268144643565286	NO_EDGE
binance	avaxusdt	20260325	trade	signed_trade_volume_imbalance	100	250	0.200000	80047	0.980669775410681	0.085324038099063	17.231018907794979	NO_EDGE
binance	avaxusdt	20260325	trade	signed_trade_volume_imbalance	100	500	0.050000	80528	0.975524365295040	0.119170517820116	21.163122712550848	NO_EDGE
binance	avaxusdt	20260325	trade	signed_trade_volume_imbalance	100	500	0.100000	80358	0.977437498376575	0.117585523334911	21.101531574110357	NO_EDGE
binance	avaxusdt	20260325	trade	signed_trade_volume_imbalance	100	500	0.200000	80047	0.980669775410681	0.114223084645815	20.802914537187405	NO_EDGE
binance	avaxusdt	20260325	trade	signed_trade_volume_imbalance	250	100	0.050000	80191	0.958609167334074	0.068630416128391	14.650319372851470	NO_EDGE
binance	avaxusdt	20260325	trade	signed_trade_volume_imbalance	250	100	0.100000	79991	0.960814048752280	0.068995068248795	14.873427164658384	NO_EDGE
binance	avaxusdt	20260325	trade	signed_trade_volume_imbalance	250	100	0.200000	79464	0.966205596221338	0.067515818705177	15.063868830605070	NO_EDGE
binance	avaxusdt	20260325	trade	signed_trade_volume_imbalance	250	250	0.050000	80191	0.958609167334074	0.110270912986135	21.346018830622995	NO_EDGE
binance	avaxusdt	20260325	trade	signed_trade_volume_imbalance	250	250	0.100000	79991	0.960814048752280	0.111036015901363	21.603805087315553	NO_EDGE
binance	avaxusdt	20260325	trade	signed_trade_volume_imbalance	250	250	0.200000	79464	0.966205596221338	0.111674808162903	22.381018053917817	NO_EDGE
binance	avaxusdt	20260325	trade	signed_trade_volume_imbalance	250	500	0.050000	80191	0.958609167334074	0.149232373110585	26.446331468295089	NO_EDGE
binance	avaxusdt	20260325	trade	signed_trade_volume_imbalance	250	500	0.100000	79991	0.960814048752280	0.148310914791978	26.421503991274143	NO_EDGE
binance	avaxusdt	20260325	trade	signed_trade_volume_imbalance	250	500	0.200000	79464	0.966205596221338	0.143691818168335	26.183955310873479	NO_EDGE
binance	avaxusdt	20260325	trade	signed_trade_volume_imbalance	500	100	0.050000	79878	0.935182467072549	0.081862497791238	17.231333805764599	NO_EDGE
binance	avaxusdt	20260325	trade	signed_trade_volume_imbalance	500	100	0.100000	79511	0.939157883366659	0.081357902064685	17.428633484918787	NO_EDGE
binance	avaxusdt	20260325	trade	signed_trade_volume_imbalance	500	100	0.200000	78811	0.946204781280020	0.079261090843368	17.447104320378191	NO_EDGE
binance	avaxusdt	20260325	trade	signed_trade_volume_imbalance	500	250	0.050000	79878	0.935182467072549	0.122633603716602	23.481970986493984	NO_EDGE
binance	avaxusdt	20260325	trade	signed_trade_volume_imbalance	500	250	0.100000	79511	0.939157883366659	0.119483519363909	23.162231746083375	NO_EDGE
binance	avaxusdt	20260325	trade	signed_trade_volume_imbalance	500	250	0.200000	78811	0.946204781280020	0.118280859295005	23.382887204510464	NO_EDGE
binance	avaxusdt	20260325	trade	signed_trade_volume_imbalance	500	500	0.050000	79878	0.935182467072549	0.159690094836166	27.983446486729456	NO_EDGE
binance	avaxusdt	20260325	trade	signed_trade_volume_imbalance	500	500	0.100000	79511	0.939157883366659	0.156868320284637	27.716552463555107	NO_EDGE
binance	avaxusdt	20260325	trade	signed_trade_volume_imbalance	500	500	0.200000	78811	0.946204781280020	0.154534902143698	27.807080847888386	NO_EDGE
binance	avaxusdt	20260326	trade	signed_trade_volume_imbalance	100	100	0.050000	98897	0.963749207289214	0.033888796774171	4.880531449750079	NO_EDGE
binance	avaxusdt	20260326	trade	signed_trade_volume_imbalance	100	100	0.100000	98577	0.966637414390374	0.031797861944832	4.625898047430921	NO_EDGE
binance	avaxusdt	20260326	trade	signed_trade_volume_imbalance	100	100	0.200000	98028	0.971224676869789	0.028105114212401	4.172049822196986	NO_EDGE
binance	avaxusdt	20260326	trade	signed_trade_volume_imbalance	100	250	0.050000	98895	0.963748474172419	0.083673153797977	11.176708530605255	NO_EDGE
binance	avaxusdt	20260326	trade	signed_trade_volume_imbalance	100	250	0.100000	98575	0.966636737492872	0.080366965832544	10.873934649127751	NO_EDGE
binance	avaxusdt	20260326	trade	signed_trade_volume_imbalance	100	250	0.200000	98026	0.971224089774057	0.078162886375719	10.781331680754107	NO_EDGE
binance	avaxusdt	20260326	trade	signed_trade_volume_imbalance	100	500	0.050000	98895	0.963748474172419	0.095306815535297	11.719727301603960	NO_EDGE
binance	avaxusdt	20260326	trade	signed_trade_volume_imbalance	100	500	0.100000	98575	0.966636737492872	0.091809880569802	11.392333316820134	NO_EDGE
binance	avaxusdt	20260326	trade	signed_trade_volume_imbalance	100	500	0.200000	98026	0.971224089774057	0.086307679375194	10.922429684940939	NO_EDGE
binance	avaxusdt	20260326	trade	signed_trade_volume_imbalance	250	100	0.050000	98446	0.940516146628000	0.049745858515385	7.137296308549496	NO_EDGE
binance	avaxusdt	20260326	trade	signed_trade_volume_imbalance	250	100	0.100000	97946	0.944927699922265	0.050135799392860	7.297552986432062	NO_EDGE
binance	avaxusdt	20260326	trade	signed_trade_volume_imbalance	250	100	0.200000	97125	0.951678891793204	0.048336273987599	7.144775935568747	NO_EDGE
binance	avaxusdt	20260326	trade	signed_trade_volume_imbalance	250	250	0.050000	98444	0.940514938146968	0.070349717441487	9.366689022180170	NO_EDGE
binance	avaxusdt	20260326	trade	signed_trade_volume_imbalance	250	250	0.100000	97944	0.944926575355164	0.068981023249610	9.325056458580979	NO_EDGE
binance	avaxusdt	20260326	trade	signed_trade_volume_imbalance	250	250	0.200000	97123	0.951677896743459	0.068482124544583	9.405301700693466	NO_EDGE
binance	avaxusdt	20260326	trade	signed_trade_volume_imbalance	250	500	0.050000	98444	0.940514938146968	0.081149388571601	9.935464681299297	NO_EDGE
binance	avaxusdt	20260326	trade	signed_trade_volume_imbalance	250	500	0.100000	97944	0.944926575355164	0.081369552352117	10.077668813917331	NO_EDGE
binance	avaxusdt	20260326	trade	signed_trade_volume_imbalance	250	500	0.200000	97123	0.951677896743459	0.079145284980195	9.956712977686315	NO_EDGE
binance	avaxusdt	20260326	trade	signed_trade_volume_imbalance	500	100	0.050000	98034	0.910006595164968	0.055931051435548	7.928354977372546	NO_EDGE
binance	avaxusdt	20260326	trade	signed_trade_volume_imbalance	500	100	0.100000	97353	0.915852920655417	0.053139708555718	7.595904524449211	NO_EDGE
binance	avaxusdt	20260326	trade	signed_trade_volume_imbalance	500	100	0.200000	95959	0.927060224227367	0.057180869626196	8.490139046553930	NO_EDGE
binance	avaxusdt	20260326	trade	signed_trade_volume_imbalance	500	250	0.050000	98032	0.910004759164380	0.070608488055197	9.275211573281238	NO_EDGE
binance	avaxusdt	20260326	trade	signed_trade_volume_imbalance	500	250	0.100000	97351	0.915851191919619	0.073396424267131	9.745796440980051	NO_EDGE
binance	avaxusdt	20260326	trade	signed_trade_volume_imbalance	500	250	0.200000	95957	0.927058703967755	0.075796262417148	10.406632180716842	NO_EDGE
binance	avaxusdt	20260326	trade	signed_trade_volume_imbalance	500	500	0.050000	98032	0.910004759164380	0.074842760282761	9.057070795634610	NO_EDGE
binance	avaxusdt	20260326	trade	signed_trade_volume_imbalance	500	500	0.100000	97351	0.915851191919619	0.077544324601543	9.468964379820063	NO_EDGE
binance	avaxusdt	20260326	trade	signed_trade_volume_imbalance	500	500	0.200000	95957	0.927058703967755	0.082745021413895	10.403311484584288	NO_EDGE
binance	avaxusdt	20260327	trade	signed_trade_volume_imbalance	100	100	0.050000	114787	0.969632148083879	-0.059964973951054	-14.297326403085162	NO_EDGE
binance	avaxusdt	20260327	trade	signed_trade_volume_imbalance	100	100	0.100000	114564	0.971375408632368	-0.059598565345132	-14.233641264902285	NO_EDGE
binance	avaxusdt	20260327	trade	signed_trade_volume_imbalance	100	100	0.200000	114092	0.974788069625669	-0.060111198738296	-14.440152927191349	NO_EDGE
binance	avaxusdt	20260327	trade	signed_trade_volume_imbalance	100	250	0.050000	114786	0.969631883523289	-0.043519018619328	-8.495923562476174	NO_EDGE
binance	avaxusdt	20260327	trade	signed_trade_volume_imbalance	100	250	0.100000	114563	0.971375158773414	-0.042845529632903	-8.390556327736089	NO_EDGE
binance	avaxusdt	20260327	trade	signed_trade_volume_imbalance	100	250	0.200000	114091	0.974787848644782	-0.043088983253105	-8.499469885808528	NO_EDGE
binance	avaxusdt	20260327	trade	signed_trade_volume_imbalance	100	500	0.050000	114786	0.969631883523289	-0.012015233796962	-1.950954924643961	NO_EDGE
binance	avaxusdt	20260327	trade	signed_trade_volume_imbalance	100	500	0.100000	114563	0.971375158773414	-0.011192953472847	-1.823413119573883	NO_EDGE
binance	avaxusdt	20260327	trade	signed_trade_volume_imbalance	100	500	0.200000	114091	0.974787848644782	-0.012148631920336	-2.000781077694754	NO_EDGE
binance	avaxusdt	20260327	trade	signed_trade_volume_imbalance	250	100	0.050000	113991	0.944597708598073	-0.038232533946124	-9.061202791143762	NO_EDGE
binance	avaxusdt	20260327	trade	signed_trade_volume_imbalance	250	100	0.100000	113592	0.947656048501678	-0.037406050576797	-8.886490289322682	NO_EDGE
binance	avaxusdt	20260327	trade	signed_trade_volume_imbalance	250	100	0.200000	112739	0.953707869325121	-0.037837428537668	-9.016817466444284	NO_EDGE
binance	avaxusdt	20260327	trade	signed_trade_volume_imbalance	250	250	0.050000	113990	0.944597222570427	-0.016599194373286	-3.222503791945745	NO_EDGE
binance	avaxusdt	20260327	trade	signed_trade_volume_imbalance	250	250	0.100000	113591	0.947655587690949	-0.015119321985229	-2.950915411012805	NO_EDGE
binance	avaxusdt	20260327	trade	signed_trade_volume_imbalance	250	250	0.200000	112738	0.953707458708198	-0.014041289890933	-2.754766522844137	NO_EDGE
binance	avaxusdt	20260327	trade	signed_trade_volume_imbalance	250	500	0.050000	113990	0.944597222570427	0.022113564622480	3.562541815515344	NO_EDGE
binance	avaxusdt	20260327	trade	signed_trade_volume_imbalance	250	500	0.100000	113591	0.947655587690949	0.022270652496174	3.617506830955171	NO_EDGE
binance	avaxusdt	20260327	trade	signed_trade_volume_imbalance	250	500	0.200000	112738	0.953707458708198	0.020466141889731	3.357719632729089	NO_EDGE
binance	avaxusdt	20260327	trade	signed_trade_volume_imbalance	500	100	0.050000	113254	0.912218912397050	-0.003933090529619	-0.926631200138794	NO_EDGE
binance	avaxusdt	20260327	trade	signed_trade_volume_imbalance	500	100	0.100000	112632	0.916845622667034	-0.003861465315340	-0.910813532630411	NO_EDGE
binance	avaxusdt	20260327	trade	signed_trade_volume_imbalance	500	100	0.200000	111151	0.927104979854676	-0.005345162565656	-1.268635805350895	NO_EDGE
binance	avaxusdt	20260327	trade	signed_trade_volume_imbalance	500	250	0.050000	113253	0.912218137308641	0.022216568950445	4.297505695235582	NO_EDGE
binance	avaxusdt	20260327	trade	signed_trade_volume_imbalance	500	250	0.100000	112631	0.916844884376712	0.023987091173128	4.661104556828084	NO_EDGE
binance	avaxusdt	20260327	trade	signed_trade_volume_imbalance	500	250	0.200000	111150	0.927104324029033	0.024308747687712	4.802960285750785	NO_EDGE
binance	avaxusdt	20260327	trade	signed_trade_volume_imbalance	500	500	0.050000	113253	0.912218137308641	0.054584326450624	8.788298677513877	NO_EDGE
binance	avaxusdt	20260327	trade	signed_trade_volume_imbalance	500	500	0.100000	112631	0.916844884376712	0.057340526083380	9.297124434466726	NO_EDGE
binance	avaxusdt	20260327	trade	signed_trade_volume_imbalance	500	500	0.200000	111150	0.927104324029033	0.063921297569077	10.562704674084618	NO_EDGE
binance	avaxusdt	20260328	trade	signed_trade_volume_imbalance	100	100	0.050000	76487	0.977824499906919	-0.148931825535637	-27.053784103919416	NO_EDGE
binance	avaxusdt	20260328	trade	signed_trade_volume_imbalance	100	100	0.100000	76373	0.979170700099409	-0.149446624225750	-27.488324360096712	NO_EDGE
binance	avaxusdt	20260328	trade	signed_trade_volume_imbalance	100	100	0.200000	76077	0.982406290343442	-0.151476536593221	-29.018946776024560	NO_EDGE
binance	avaxusdt	20260328	trade	signed_trade_volume_imbalance	100	250	0.050000	76487	0.977824499906919	-0.122789990567326	-20.657196750011238	NO_EDGE
binance	avaxusdt	20260328	trade	signed_trade_volume_imbalance	100	250	0.100000	76373	0.979170700099409	-0.123902418793279	-21.035810365241996	NO_EDGE
binance	avaxusdt	20260328	trade	signed_trade_volume_imbalance	100	250	0.200000	76077	0.982406290343442	-0.125658080462465	-22.086835105979457	NO_EDGE
binance	avaxusdt	20260328	trade	signed_trade_volume_imbalance	100	500	0.050000	76487	0.977824499906919	-0.098135076307637	-14.655901310305993	NO_EDGE
binance	avaxusdt	20260328	trade	signed_trade_volume_imbalance	100	500	0.100000	76373	0.979170700099409	-0.099625276835434	-15.028538434875795	NO_EDGE
binance	avaxusdt	20260328	trade	signed_trade_volume_imbalance	100	500	0.200000	76077	0.982406290343442	-0.101613762409674	-15.810571364153718	NO_EDGE
binance	avaxusdt	20260328	trade	signed_trade_volume_imbalance	250	100	0.050000	75957	0.960733426520179	-0.133928323255398	-24.579096185803635	NO_EDGE
binance	avaxusdt	20260328	trade	signed_trade_volume_imbalance	250	100	0.100000	75768	0.962943429855638	-0.133608044669588	-24.885098897490096	NO_EDGE
binance	avaxusdt	20260328	trade	signed_trade_volume_imbalance	250	100	0.200000	75344	0.967544309473310	-0.132360673407168	-25.607376167742714	NO_EDGE
binance	avaxusdt	20260328	trade	signed_trade_volume_imbalance	250	250	0.050000	75957	0.960733426520179	-0.103200646703498	-17.431806427738493	NO_EDGE
binance	avaxusdt	20260328	trade	signed_trade_volume_imbalance	250	250	0.100000	75768	0.962943429855638	-0.104080029606499	-17.859263006429785	NO_EDGE
binance	avaxusdt	20260328	trade	signed_trade_volume_imbalance	250	250	0.200000	75344	0.967544309473310	-0.102603072706035	-18.111683080100281	NO_EDGE
binance	avaxusdt	20260328	trade	signed_trade_volume_imbalance	250	500	0.050000	75957	0.960733426520179	-0.077467130802368	-11.620739204476351	NO_EDGE
binance	avaxusdt	20260328	trade	signed_trade_volume_imbalance	250	500	0.100000	75768	0.962943429855638	-0.077853903676196	-11.826282675604222	NO_EDGE
binance	avaxusdt	20260328	trade	signed_trade_volume_imbalance	250	500	0.200000	75344	0.967544309473310	-0.077790788944661	-12.131768149770570	NO_EDGE
binance	avaxusdt	20260328	trade	signed_trade_volume_imbalance	500	100	0.050000	75384	0.937354044128129	-0.113522022874236	-20.948363920971889	NO_EDGE
binance	avaxusdt	20260328	trade	signed_trade_volume_imbalance	500	100	0.100000	75071	0.940949663972431	-0.115485126871127	-21.997026758376826	NO_EDGE
binance	avaxusdt	20260328	trade	signed_trade_volume_imbalance	500	100	0.200000	74343	0.948743525875110	-0.114195909543132	-24.333468786053533	NO_EDGE
binance	avaxusdt	20260328	trade	signed_trade_volume_imbalance	500	250	0.050000	75384	0.937354044128129	-0.085230323574531	-14.513456984339623	NO_EDGE
binance	avaxusdt	20260328	trade	signed_trade_volume_imbalance	500	250	0.100000	75071	0.940949663972431	-0.087527501666791	-15.289579507620653	NO_EDGE
binance	avaxusdt	20260328	trade	signed_trade_volume_imbalance	500	250	0.200000	74343	0.948743525875110	-0.086383126173881	-16.162907341422855	NO_EDGE
binance	avaxusdt	20260328	trade	signed_trade_volume_imbalance	500	500	0.050000	75384	0.937354044128129	-0.071651770806010	-10.812459012959032	NO_EDGE
binance	avaxusdt	20260328	trade	signed_trade_volume_imbalance	500	500	0.100000	75071	0.940949663972431	-0.073968527721584	-11.457552361241904	NO_EDGE
binance	avaxusdt	20260328	trade	signed_trade_volume_imbalance	500	500	0.200000	74343	0.948743525875110	-0.067476991810796	-11.040196235185716	NO_EDGE
binance	bnbusdt	20260324	trade	signed_trade_volume_imbalance	100	100	0.050000	262394	0.975685784243027	0.225174614037473	200.297038211614762	DIRECTIONAL
binance	bnbusdt	20260324	trade	signed_trade_volume_imbalance	100	100	0.100000	262022	0.976962449306912	0.225376523741390	200.384525034987263	DIRECTIONAL
binance	bnbusdt	20260324	trade	signed_trade_volume_imbalance	100	100	0.200000	261014	0.980139157396338	0.226172528094681	200.782528575589566	DIRECTIONAL
binance	bnbusdt	20260324	trade	signed_trade_volume_imbalance	100	250	0.050000	262394	0.975685784243027	0.277690022877125	199.672561021703387	DIRECTIONAL
binance	bnbusdt	20260324	trade	signed_trade_volume_imbalance	100	250	0.100000	262022	0.976962449306912	0.277894762105778	199.754861953504872	DIRECTIONAL
binance	bnbusdt	20260324	trade	signed_trade_volume_imbalance	100	250	0.200000	261014	0.980139157396338	0.278888903496021	200.215668212685358	DIRECTIONAL
binance	bnbusdt	20260324	trade	signed_trade_volume_imbalance	100	500	0.050000	262394	0.975685784243027	0.312520165744945	183.750291971124142	DIRECTIONAL
binance	bnbusdt	20260324	trade	signed_trade_volume_imbalance	100	500	0.100000	262022	0.976962449306912	0.312715130809372	183.853673788954978	DIRECTIONAL
binance	bnbusdt	20260324	trade	signed_trade_volume_imbalance	100	500	0.200000	261014	0.980139157396338	0.313847547189912	184.388759042502471	DIRECTIONAL
binance	bnbusdt	20260324	trade	signed_trade_volume_imbalance	250	100	0.050000	261370	0.951194170075824	0.224946530631002	199.418917508701128	DIRECTIONAL
binance	bnbusdt	20260324	trade	signed_trade_volume_imbalance	250	100	0.100000	260559	0.953916583205186	0.225351630482651	199.591674242242362	DIRECTIONAL
binance	bnbusdt	20260324	trade	signed_trade_volume_imbalance	250	100	0.200000	258553	0.960117607864211	0.226730914469618	200.439927984216780	DIRECTIONAL
binance	bnbusdt	20260324	trade	signed_trade_volume_imbalance	250	250	0.050000	261370	0.951194170075824	0.277347946015557	198.773702388390859	DIRECTIONAL
binance	bnbusdt	20260324	trade	signed_trade_volume_imbalance	250	250	0.100000	260559	0.953916583205186	0.277882948691576	198.986170514329899	DIRECTIONAL
binance	bnbusdt	20260324	trade	signed_trade_volume_imbalance	250	250	0.200000	258553	0.960117607864211	0.279498697141048	199.825106344585805	DIRECTIONAL
binance	bnbusdt	20260324	trade	signed_trade_volume_imbalance	250	500	0.050000	261370	0.951194170075824	0.311552346855280	182.498029140824571	DIRECTIONAL
binance	bnbusdt	20260324	trade	signed_trade_volume_imbalance	250	500	0.100000	260559	0.953916583205186	0.312183429825567	182.723120243215618	DIRECTIONAL
binance	bnbusdt	20260324	trade	signed_trade_volume_imbalance	250	500	0.200000	258553	0.960117607864211	0.314154628181203	183.626491661436773	DIRECTIONAL
binance	bnbusdt	20260324	trade	signed_trade_volume_imbalance	500	100	0.050000	260530	0.917103841822975	0.216880916009646	190.678680147731797	DIRECTIONAL
binance	bnbusdt	20260324	trade	signed_trade_volume_imbalance	500	100	0.100000	259143	0.921610016850297	0.217852535720887	191.173378271802108	DIRECTIONAL
binance	bnbusdt	20260324	trade	signed_trade_volume_imbalance	500	100	0.200000	255757	0.931778770780317	0.220411265837052	192.552425130515360	DIRECTIONAL
binance	bnbusdt	20260324	trade	signed_trade_volume_imbalance	500	250	0.050000	260530	0.917103841822975	0.266621799185696	189.513867652357931	DIRECTIONAL
binance	bnbusdt	20260324	trade	signed_trade_volume_imbalance	500	250	0.100000	259143	0.921610016850297	0.267759377016377	189.998730245069737	DIRECTIONAL
binance	bnbusdt	20260324	trade	signed_trade_volume_imbalance	500	250	0.200000	255757	0.931778770780317	0.270907439012810	191.459895985056136	DIRECTIONAL
binance	bnbusdt	20260324	trade	signed_trade_volume_imbalance	500	500	0.050000	260530	0.917103841822975	0.301148588402454	175.255774405329959	DIRECTIONAL
binance	bnbusdt	20260324	trade	signed_trade_volume_imbalance	500	500	0.100000	259143	0.921610016850297	0.302510970840376	175.793435836126520	DIRECTIONAL
binance	bnbusdt	20260324	trade	signed_trade_volume_imbalance	500	500	0.200000	255757	0.931778770780317	0.305867084147189	177.075662130966066	DIRECTIONAL
binance	bnbusdt	20260325	trade	signed_trade_volume_imbalance	100	100	0.050000	232486	0.973998626939683	0.183117232681275	147.477605813360810	NO_EDGE
binance	bnbusdt	20260325	trade	signed_trade_volume_imbalance	100	100	0.100000	232131	0.975374203388135	0.183409395377850	147.636300895724190	NO_EDGE
binance	bnbusdt	20260325	trade	signed_trade_volume_imbalance	100	100	0.200000	231291	0.978352875487350	0.183878239175978	147.745681912490710	NO_EDGE
binance	bnbusdt	20260325	trade	signed_trade_volume_imbalance	100	250	0.050000	232486	0.973998626939683	0.225409578989416	151.925727165423297	DIRECTIONAL
binance	bnbusdt	20260325	trade	signed_trade_volume_imbalance	100	250	0.100000	232131	0.975374203388135	0.225788777833825	152.081367605128378	DIRECTIONAL
binance	bnbusdt	20260325	trade	signed_trade_volume_imbalance	100	250	0.200000	231291	0.978352875487350	0.226407146249279	152.264847217677243	DIRECTIONAL
binance	bnbusdt	20260325	trade	signed_trade_volume_imbalance	100	500	0.050000	232486	0.973998626939683	0.261086394476378	143.857881983415552	DIRECTIONAL
binance	bnbusdt	20260325	trade	signed_trade_volume_imbalance	100	500	0.100000	232131	0.975374203388135	0.261463129002221	143.968956229838255	DIRECTIONAL
binance	bnbusdt	20260325	trade	signed_trade_volume_imbalance	100	500	0.200000	231291	0.978352875487350	0.262032553148419	144.129587221421104	DIRECTIONAL
binance	bnbusdt	20260325	trade	signed_trade_volume_imbalance	250	100	0.050000	231468	0.949857969528319	0.184232242210956	147.805607216670438	NO_EDGE
binance	bnbusdt	20260325	trade	signed_trade_volume_imbalance	250	100	0.100000	230709	0.952736765130601	0.184764605057045	147.968210305943842	NO_EDGE
binance	bnbusdt	20260325	trade	signed_trade_volume_imbalance	250	100	0.200000	228985	0.958749805885519	0.186116130574914	148.590985865557428	NO_EDGE
binance	bnbusdt	20260325	trade	signed_trade_volume_imbalance	250	250	0.050000	231468	0.949857969528319	0.226780928370381	152.396064928951887	DIRECTIONAL
binance	bnbusdt	20260325	trade	signed_trade_volume_imbalance	250	250	0.100000	230709	0.952736765130601	0.227456434297747	152.542944381081412	DIRECTIONAL
binance	bnbusdt	20260325	trade	signed_trade_volume_imbalance	250	250	0.200000	228985	0.958749805885519	0.229150761267907	153.086842267648393	DIRECTIONAL
binance	bnbusdt	20260325	trade	signed_trade_volume_imbalance	250	500	0.050000	231468	0.949857969528319	0.262689677270933	144.249856431509272	DIRECTIONAL
binance	bnbusdt	20260325	trade	signed_trade_volume_imbalance	250	500	0.100000	230709	0.952736765130601	0.263501299696127	144.404841269624313	DIRECTIONAL
binance	bnbusdt	20260325	trade	signed_trade_volume_imbalance	250	500	0.200000	228985	0.958749805885519	0.265528953236918	145.055723731041155	DIRECTIONAL
binance	bnbusdt	20260325	trade	signed_trade_volume_imbalance	500	100	0.050000	230770	0.917599448600953	0.181720727169122	145.238740532194100	NO_EDGE
binance	bnbusdt	20260325	trade	signed_trade_volume_imbalance	500	100	0.100000	229445	0.922465458720961	0.182814146242473	145.673198204250326	NO_EDGE
binance	bnbusdt	20260325	trade	signed_trade_volume_imbalance	500	100	0.200000	226571	0.932244828896475	0.185113721868309	146.514598092408391	NO_EDGE
binance	bnbusdt	20260325	trade	signed_trade_volume_imbalance	500	250	0.050000	230770	0.917599448600953	0.222804404083037	149.156649472598275	DIRECTIONAL
binance	bnbusdt	20260325	trade	signed_trade_volume_imbalance	500	250	0.100000	229445	0.922465458720961	0.224180252298144	149.637446967102278	DIRECTIONAL
binance	bnbusdt	20260325	trade	signed_trade_volume_imbalance	500	250	0.200000	226571	0.932244828896475	0.226973494917316	150.535625042932651	DIRECTIONAL
binance	bnbusdt	20260325	trade	signed_trade_volume_imbalance	500	500	0.050000	230770	0.917599448600953	0.257210086548075	140.743509458172554	DIRECTIONAL
binance	bnbusdt	20260325	trade	signed_trade_volume_imbalance	500	500	0.100000	229445	0.922465458720961	0.258788416053334	141.198060004455328	DIRECTIONAL
binance	bnbusdt	20260325	trade	signed_trade_volume_imbalance	500	500	0.200000	226571	0.932244828896475	0.262233009889297	142.333605435927296	DIRECTIONAL
binance	bnbusdt	20260326	trade	signed_trade_volume_imbalance	100	100	0.050000	222965	0.971670279750971	0.187911142250757	135.336985258724241	NO_EDGE
binance	bnbusdt	20260326	trade	signed_trade_volume_imbalance	100	100	0.100000	222559	0.973304252945944	0.188468821817132	136.055276263266478	NO_EDGE
binance	bnbusdt	20260326	trade	signed_trade_volume_imbalance	100	100	0.200000	221659	0.976638492735104	0.189409940101018	136.869818825598060	NO_EDGE
binance	bnbusdt	20260326	trade	signed_trade_volume_imbalance	100	250	0.050000	222965	0.971670279750971	0.229979140632888	131.142099915752397	DIRECTIONAL
binance	bnbusdt	20260326	trade	signed_trade_volume_imbalance	100	250	0.100000	222559	0.973304252945944	0.230663211132049	131.722485583183726	DIRECTIONAL
binance	bnbusdt	20260326	trade	signed_trade_volume_imbalance	100	250	0.200000	221659	0.976638492735104	0.231575920441569	132.450310524131282	DIRECTIONAL
binance	bnbusdt	20260326	trade	signed_trade_volume_imbalance	100	500	0.050000	222965	0.971670279750971	0.266346621295571	119.893815585056188	DIRECTIONAL
binance	bnbusdt	20260326	trade	signed_trade_volume_imbalance	100	500	0.100000	222559	0.973304252945944	0.266938333362660	120.326084149659764	DIRECTIONAL
binance	bnbusdt	20260326	trade	signed_trade_volume_imbalance	100	500	0.200000	221659	0.976638492735104	0.268078262591389	121.237372403581517	DIRECTIONAL
binance	bnbusdt	20260326	trade	signed_trade_volume_imbalance	250	100	0.050000	222180	0.946245082235140	0.189140929509860	135.687158021497339	NO_EDGE
binance	bnbusdt	20260326	trade	signed_trade_volume_imbalance	250	100	0.100000	221412	0.949267853203865	0.190044789483672	136.229802642671132	NO_EDGE
binance	bnbusdt	20260326	trade	signed_trade_volume_imbalance	250	100	0.200000	219516	0.956160302314286	0.191955371371005	137.526397116144693	NO_EDGE
binance	bnbusdt	20260326	trade	signed_trade_volume_imbalance	250	250	0.050000	222180	0.946245082235140	0.231977443045577	131.923628898565568	DIRECTIONAL
binance	bnbusdt	20260326	trade	signed_trade_volume_imbalance	250	250	0.100000	221412	0.949267853203865	0.233213433182637	132.631778644858713	DIRECTIONAL
binance	bnbusdt	20260326	trade	signed_trade_volume_imbalance	250	250	0.200000	219516	0.956160302314286	0.235799353021406	134.229177782964769	DIRECTIONAL
binance	bnbusdt	20260326	trade	signed_trade_volume_imbalance	250	500	0.050000	222180	0.946245082235140	0.266502864560282	119.682594346819982	DIRECTIONAL
binance	bnbusdt	20260326	trade	signed_trade_volume_imbalance	250	500	0.100000	221412	0.949267853203865	0.268049321716261	120.714934465797072	DIRECTIONAL
binance	bnbusdt	20260326	trade	signed_trade_volume_imbalance	250	500	0.200000	219516	0.956160302314286	0.271753955352708	123.052461458617202	DIRECTIONAL
binance	bnbusdt	20260326	trade	signed_trade_volume_imbalance	500	100	0.050000	221249	0.913308447747482	0.185634303227512	133.085689126030871	NO_EDGE
binance	bnbusdt	20260326	trade	signed_trade_volume_imbalance	500	100	0.100000	219860	0.918604795162884	0.186751622376065	133.834509283515558	NO_EDGE
binance	bnbusdt	20260326	trade	signed_trade_volume_imbalance	500	100	0.200000	216688	0.929826681514342	0.188999344441736	134.828108806746172	NO_EDGE
binance	bnbusdt	20260326	trade	signed_trade_volume_imbalance	500	250	0.050000	221249	0.913308447747482	0.225696382223919	128.571977928093304	DIRECTIONAL
binance	bnbusdt	20260326	trade	signed_trade_volume_imbalance	500	250	0.100000	219860	0.918604795162884	0.227655331329601	129.953660906007372	DIRECTIONAL
binance	bnbusdt	20260326	trade	signed_trade_volume_imbalance	500	250	0.200000	216688	0.929826681514342	0.230570705755842	131.254448208700950	DIRECTIONAL
binance	bnbusdt	20260326	trade	signed_trade_volume_imbalance	500	500	0.050000	221249	0.913308447747482	0.261308815814091	118.410007340811177	DIRECTIONAL
binance	bnbusdt	20260326	trade	signed_trade_volume_imbalance	500	500	0.100000	219860	0.918604795162884	0.263886483948426	120.417441995617736	DIRECTIONAL
binance	bnbusdt	20260326	trade	signed_trade_volume_imbalance	500	500	0.200000	216688	0.929826681514342	0.266873162497468	121.689906294549928	DIRECTIONAL
binance	bnbusdt	20260327	trade	signed_trade_volume_imbalance	100	100	0.050000	244275	0.962248829465567	0.153146086486741	45.804333299372253	NO_EDGE
binance	bnbusdt	20260327	trade	signed_trade_volume_imbalance	100	100	0.100000	243606	0.964683699416386	0.153417746351845	45.810928038973316	NO_EDGE
binance	bnbusdt	20260327	trade	signed_trade_volume_imbalance	100	100	0.200000	242079	0.969805634603063	0.159014152615101	47.816941253043012	NO_EDGE
binance	bnbusdt	20260327	trade	signed_trade_volume_imbalance	100	250	0.050000	244274	0.962248674921199	0.143254096969474	32.677125142103968	NO_EDGE
binance	bnbusdt	20260327	trade	signed_trade_volume_imbalance	100	250	0.100000	243605	0.964683554442757	0.143430754359182	32.648773015804217	NO_EDGE
binance	bnbusdt	20260327	trade	signed_trade_volume_imbalance	100	250	0.200000	242078	0.969805509873159	0.147645824918763	33.622441494650012	NO_EDGE
binance	bnbusdt	20260327	trade	signed_trade_volume_imbalance	100	500	0.050000	244274	0.962248674921199	0.201372326388829	43.297013258093273	DIRECTIONAL
binance	bnbusdt	20260327	trade	signed_trade_volume_imbalance	100	500	0.100000	243605	0.964683554442757	0.201215108104621	43.192611411980856	DIRECTIONAL
binance	bnbusdt	20260327	trade	signed_trade_volume_imbalance	100	500	0.200000	242078	0.969805509873159	0.205264256859483	44.078403239618481	DIRECTIONAL
binance	bnbusdt	20260327	trade	signed_trade_volume_imbalance	250	100	0.050000	243198	0.931612317738134	0.139762775818869	41.562388302212106	NO_EDGE
binance	bnbusdt	20260327	trade	signed_trade_volume_imbalance	250	100	0.100000	242026	0.935756941617606	0.140349391247033	41.580667675104564	NO_EDGE
binance	bnbusdt	20260327	trade	signed_trade_volume_imbalance	250	100	0.200000	239170	0.945136039881070	0.148002499486505	43.931554407365994	NO_EDGE
binance	bnbusdt	20260327	trade	signed_trade_volume_imbalance	250	250	0.050000	243197	0.931612036535322	0.132035252915471	29.965984565934686	NO_EDGE
binance	bnbusdt	20260327	trade	signed_trade_volume_imbalance	250	250	0.100000	242025	0.935756676177852	0.132560664099614	29.970207473054963	NO_EDGE
binance	bnbusdt	20260327	trade	signed_trade_volume_imbalance	250	250	0.200000	239169	0.945135810486967	0.138893471817691	31.247753491597102	NO_EDGE
binance	bnbusdt	20260327	trade	signed_trade_volume_imbalance	250	500	0.050000	243197	0.931612036535322	0.192009641266380	41.055699767747541	NO_EDGE
binance	bnbusdt	20260327	trade	signed_trade_volume_imbalance	250	500	0.100000	242025	0.935756676177852	0.192437247616574	41.024921488452982	NO_EDGE
binance	bnbusdt	20260327	trade	signed_trade_volume_imbalance	250	500	0.200000	239169	0.945135810486967	0.199660003536418	42.366635377017715	NO_EDGE
binance	bnbusdt	20260327	trade	signed_trade_volume_imbalance	500	100	0.050000	242304	0.893858468740372	0.122338728278215	36.309704619636086	NO_EDGE
binance	bnbusdt	20260327	trade	signed_trade_volume_imbalance	500	100	0.100000	240479	0.900067910440730	0.123326787920391	36.536185934106264	NO_EDGE
binance	bnbusdt	20260327	trade	signed_trade_volume_imbalance	500	100	0.200000	236159	0.913780299179167	0.131119709040983	39.077176305986754	NO_EDGE
binance	bnbusdt	20260327	trade	signed_trade_volume_imbalance	500	250	0.050000	242303	0.893858030687482	0.123146417205721	27.859146147308770	NO_EDGE
binance	bnbusdt	20260327	trade	signed_trade_volume_imbalance	500	250	0.100000	240478	0.900067494884681	0.123848176852307	27.851637935026563	NO_EDGE
binance	bnbusdt	20260327	trade	signed_trade_volume_imbalance	500	250	0.200000	236158	0.913779934085886	0.130592252598941	29.095838878654870	NO_EDGE
binance	bnbusdt	20260327	trade	signed_trade_volume_imbalance	500	500	0.050000	242303	0.893858030687482	0.185413343382872	39.558308182810840	NO_EDGE
binance	bnbusdt	20260327	trade	signed_trade_volume_imbalance	500	500	0.100000	240478	0.900067494884681	0.186192965360993	39.571991753818295	NO_EDGE
binance	bnbusdt	20260327	trade	signed_trade_volume_imbalance	500	500	0.200000	236158	0.913779934085886	0.192053548152681	40.631767544959366	NO_EDGE
binance	bnbusdt	20260328	trade	signed_trade_volume_imbalance	100	100	0.050000	158396	0.976796329465413	0.135338900767532	82.541632489486474	NO_EDGE
binance	bnbusdt	20260328	trade	signed_trade_volume_imbalance	100	100	0.100000	158204	0.977890020449682	0.135201828451265	82.522319231603518	NO_EDGE
binance	bnbusdt	20260328	trade	signed_trade_volume_imbalance	100	100	0.200000	157622	0.980928515138131	0.136181574778280	83.755585081430567	NO_EDGE
binance	bnbusdt	20260328	trade	signed_trade_volume_imbalance	100	250	0.050000	158396	0.976796329465413	0.174089735660360	81.994597916382958	NO_EDGE
binance	bnbusdt	20260328	trade	signed_trade_volume_imbalance	100	250	0.100000	158204	0.977890020449682	0.174112541810445	82.131866367603791	NO_EDGE
binance	bnbusdt	20260328	trade	signed_trade_volume_imbalance	100	250	0.200000	157622	0.980928515138131	0.175007885177872	83.165276798608090	NO_EDGE
binance	bnbusdt	20260328	trade	signed_trade_volume_imbalance	100	500	0.050000	158396	0.976796329465413	0.198466465598888	74.347863056576386	NO_EDGE
binance	bnbusdt	20260328	trade	signed_trade_volume_imbalance	100	500	0.100000	158204	0.977890020449682	0.198223741989240	74.420279910219975	NO_EDGE
binance	bnbusdt	20260328	trade	signed_trade_volume_imbalance	100	500	0.200000	157622	0.980928515138131	0.199280201268287	75.728598061622350	NO_EDGE
binance	bnbusdt	20260328	trade	signed_trade_volume_imbalance	250	100	0.050000	157423	0.954781813688391	0.133718355815938	81.289012372224263	NO_EDGE
binance	bnbusdt	20260328	trade	signed_trade_volume_imbalance	250	100	0.100000	157002	0.957137514846972	0.134091395307053	81.867344605903938	NO_EDGE
binance	bnbusdt	20260328	trade	signed_trade_volume_imbalance	250	100	0.200000	155865	0.962982035881319	0.136141000856972	83.567461824795316	NO_EDGE
binance	bnbusdt	20260328	trade	signed_trade_volume_imbalance	250	250	0.050000	157423	0.954781813688391	0.171999880815118	80.989773177596618	NO_EDGE
binance	bnbusdt	20260328	trade	signed_trade_volume_imbalance	250	250	0.100000	157002	0.957137514846972	0.172244372131785	81.507639200827953	NO_EDGE
binance	bnbusdt	20260328	trade	signed_trade_volume_imbalance	250	250	0.200000	155865	0.962982035881319	0.175122170499148	83.643282606947793	NO_EDGE
binance	bnbusdt	20260328	trade	signed_trade_volume_imbalance	250	500	0.050000	157423	0.954781813688391	0.196952016293119	73.964931291765765	NO_EDGE
binance	bnbusdt	20260328	trade	signed_trade_volume_imbalance	250	500	0.100000	157002	0.957137514846972	0.197294840867157	74.567261861698512	NO_EDGE
binance	bnbusdt	20260328	trade	signed_trade_volume_imbalance	250	500	0.200000	155865	0.962982035881319	0.201203827298358	77.618862594271022	DIRECTIONAL
binance	bnbusdt	20260328	trade	signed_trade_volume_imbalance	500	100	0.050000	156401	0.924585300662648	0.136195816828910	82.397548176232391	NO_EDGE
binance	bnbusdt	20260328	trade	signed_trade_volume_imbalance	500	100	0.100000	155698	0.928420962719981	0.136354287634644	82.443249434374422	NO_EDGE
binance	bnbusdt	20260328	trade	signed_trade_volume_imbalance	500	100	0.200000	153882	0.937541358691367	0.137538571062423	83.233248852501617	NO_EDGE
binance	bnbusdt	20260328	trade	signed_trade_volume_imbalance	500	250	0.050000	156401	0.924585300662648	0.176858774227385	82.721425261332982	NO_EDGE
binance	bnbusdt	20260328	trade	signed_trade_volume_imbalance	500	250	0.100000	155698	0.928420962719981	0.176649524309487	82.650311681322250	NO_EDGE
binance	bnbusdt	20260328	trade	signed_trade_volume_imbalance	500	250	0.200000	153882	0.937541358691367	0.178424448518408	83.855133793017302	NO_EDGE
binance	bnbusdt	20260328	trade	signed_trade_volume_imbalance	500	500	0.050000	156401	0.924585300662648	0.201479714415785	75.162146996561845	DIRECTIONAL
binance	bnbusdt	20260328	trade	signed_trade_volume_imbalance	500	500	0.100000	155698	0.928420962719981	0.201494773545375	75.362444007513616	DIRECTIONAL
binance	bnbusdt	20260328	trade	signed_trade_volume_imbalance	500	500	0.200000	153882	0.937541358691367	0.204853764549890	77.473888197085628	DIRECTIONAL
binance	linkusdt	20260324	trade	signed_trade_volume_imbalance	100	100	0.050000	91989	0.975260386495400	0.126602190643614	28.487154833810255	NO_EDGE
binance	linkusdt	20260324	trade	signed_trade_volume_imbalance	100	100	0.100000	91756	0.977547942588156	0.127740482385561	28.748329042728798	NO_EDGE
binance	linkusdt	20260324	trade	signed_trade_volume_imbalance	100	100	0.200000	91332	0.981377077822509	0.128523179188856	28.875495584887442	NO_EDGE
binance	linkusdt	20260324	trade	signed_trade_volume_imbalance	100	250	0.050000	91989	0.975260386495400	0.166787297533893	33.176941020591151	NO_EDGE
binance	linkusdt	20260324	trade	signed_trade_volume_imbalance	100	250	0.100000	91756	0.977547942588156	0.167920654942300	33.399304534265191	NO_EDGE
binance	linkusdt	20260324	trade	signed_trade_volume_imbalance	100	250	0.200000	91332	0.981377077822509	0.168997565582393	33.555981474836408	NO_EDGE
binance	linkusdt	20260324	trade	signed_trade_volume_imbalance	100	500	0.050000	91989	0.975260386495400	0.200981242015254	35.829618412749895	DIRECTIONAL
binance	linkusdt	20260324	trade	signed_trade_volume_imbalance	100	500	0.100000	91756	0.977547942588156	0.201988192869112	36.008131403926072	DIRECTIONAL
binance	linkusdt	20260324	trade	signed_trade_volume_imbalance	100	500	0.200000	91332	0.981377077822509	0.203293481577928	36.183662344796751	DIRECTIONAL
binance	linkusdt	20260324	trade	signed_trade_volume_imbalance	250	100	0.050000	91820	0.953994499395077	0.141249590751298	31.775589061883242	NO_EDGE
binance	linkusdt	20260324	trade	signed_trade_volume_imbalance	250	100	0.100000	91427	0.957771871904886	0.142235085370950	31.982092344302565	NO_EDGE
binance	linkusdt	20260324	trade	signed_trade_volume_imbalance	250	100	0.200000	90652	0.964667313766552	0.143015716254653	32.006511009231822	NO_EDGE
binance	linkusdt	20260324	trade	signed_trade_volume_imbalance	250	250	0.050000	91820	0.953994499395077	0.182675749548047	36.338222374024184	NO_EDGE
binance	linkusdt	20260324	trade	signed_trade_volume_imbalance	250	250	0.100000	91427	0.957771871904886	0.183778524579255	36.539967679451117	NO_EDGE
binance	linkusdt	20260324	trade	signed_trade_volume_imbalance	250	250	0.200000	90652	0.964667313766552	0.185398147336606	36.705520120927247	NO_EDGE
binance	linkusdt	20260324	trade	signed_trade_volume_imbalance	250	500	0.050000	91820	0.953994499395077	0.215423730222284	38.392104904878416	DIRECTIONAL
binance	linkusdt	20260324	trade	signed_trade_volume_imbalance	250	500	0.100000	91427	0.957771871904886	0.216391417094753	38.551575630314311	DIRECTIONAL
binance	linkusdt	20260324	trade	signed_trade_volume_imbalance	250	500	0.200000	90652	0.964667313766552	0.218301257528738	38.743972301203343	DIRECTIONAL
binance	linkusdt	20260324	trade	signed_trade_volume_imbalance	500	100	0.050000	91555	0.925448595239406	0.145883223207741	32.745850474203756	NO_EDGE
binance	linkusdt	20260324	trade	signed_trade_volume_imbalance	500	100	0.100000	90933	0.931266918236919	0.147450946918713	33.020009103180890	NO_EDGE
binance	linkusdt	20260324	trade	signed_trade_volume_imbalance	500	100	0.200000	89722	0.941792045711144	0.148740306237371	33.064755789910777	NO_EDGE
binance	linkusdt	20260324	trade	signed_trade_volume_imbalance	500	250	0.050000	91555	0.925448595239406	0.184631328692049	36.633609592461774	NO_EDGE
binance	linkusdt	20260324	trade	signed_trade_volume_imbalance	500	250	0.100000	90933	0.931266918236919	0.186692826649949	36.959713810513236	NO_EDGE
binance	linkusdt	20260324	trade	signed_trade_volume_imbalance	500	250	0.200000	89722	0.941792045711144	0.188849109815266	37.130151462173934	NO_EDGE
binance	linkusdt	20260324	trade	signed_trade_volume_imbalance	500	500	0.050000	91555	0.925448595239406	0.218630267490072	38.868757988140082	DIRECTIONAL
binance	linkusdt	20260324	trade	signed_trade_volume_imbalance	500	500	0.100000	90933	0.931266918236919	0.220888016289165	39.199571908296825	DIRECTIONAL
binance	linkusdt	20260324	trade	signed_trade_volume_imbalance	500	500	0.200000	89722	0.941792045711144	0.223103253517803	39.348400657479708	DIRECTIONAL
binance	linkusdt	20260325	trade	signed_trade_volume_imbalance	100	100	0.050000	79671	0.975350078673288	0.145222924620615	33.400907122297937	NO_EDGE
binance	linkusdt	20260325	trade	signed_trade_volume_imbalance	100	100	0.100000	79493	0.977367711356741	0.145411305832025	33.533205022356583	NO_EDGE
binance	linkusdt	20260325	trade	signed_trade_volume_imbalance	100	100	0.200000	79148	0.980980180769745	0.145936204224606	33.702989725703539	NO_EDGE
binance	linkusdt	20260325	trade	signed_trade_volume_imbalance	100	250	0.050000	79671	0.975350078673288	0.185537576847203	37.011012362507529	NO_EDGE
binance	linkusdt	20260325	trade	signed_trade_volume_imbalance	100	250	0.100000	79493	0.977367711356741	0.186003100270572	37.179627039279161	NO_EDGE
binance	linkusdt	20260325	trade	signed_trade_volume_imbalance	100	250	0.200000	79148	0.980980180769745	0.186977918565199	37.396878049305649	NO_EDGE
binance	linkusdt	20260325	trade	signed_trade_volume_imbalance	100	500	0.050000	79671	0.975350078673288	0.213944036102385	36.516366223433927	DIRECTIONAL
binance	linkusdt	20260325	trade	signed_trade_volume_imbalance	100	500	0.100000	79493	0.977367711356741	0.214539213966475	36.666121019647505	DIRECTIONAL
binance	linkusdt	20260325	trade	signed_trade_volume_imbalance	100	500	0.200000	79148	0.980980180769745	0.215086289200805	36.750676103727521	DIRECTIONAL
binance	linkusdt	20260325	trade	signed_trade_volume_imbalance	250	100	0.050000	79422	0.954215605103253	0.152113409163504	34.885674442916304	NO_EDGE
binance	linkusdt	20260325	trade	signed_trade_volume_imbalance	250	100	0.100000	79071	0.958119038127753	0.152171247366779	35.050358210227301	NO_EDGE
binance	linkusdt	20260325	trade	signed_trade_volume_imbalance	250	100	0.200000	78395	0.965092665569629	0.154529252410699	35.585809047538014	NO_EDGE
binance	linkusdt	20260325	trade	signed_trade_volume_imbalance	250	250	0.050000	79422	0.954215605103253	0.192664829968326	38.283891901467541	NO_EDGE
binance	linkusdt	20260325	trade	signed_trade_volume_imbalance	250	250	0.100000	79071	0.958119038127753	0.193020733439729	38.468152571582678	NO_EDGE
binance	linkusdt	20260325	trade	signed_trade_volume_imbalance	250	250	0.200000	78395	0.965092665569629	0.194946182659800	38.814613063739358	NO_EDGE
binance	linkusdt	20260325	trade	signed_trade_volume_imbalance	250	500	0.050000	79422	0.954215605103253	0.217048663645550	36.930051474795292	DIRECTIONAL
binance	linkusdt	20260325	trade	signed_trade_volume_imbalance	250	500	0.100000	79071	0.958119038127753	0.217852072086016	37.188427699375715	DIRECTIONAL
binance	linkusdt	20260325	trade	signed_trade_volume_imbalance	250	500	0.200000	78395	0.965092665569629	0.219982869462377	37.536471194006452	DIRECTIONAL
binance	linkusdt	20260325	trade	signed_trade_volume_imbalance	500	100	0.050000	79226	0.927104724628233	0.167627400977071	38.415334530972913	NO_EDGE
binance	linkusdt	20260325	trade	signed_trade_volume_imbalance	500	100	0.100000	78659	0.933250426752357	0.167396592335779	38.344767752698502	NO_EDGE
binance	linkusdt	20260325	trade	signed_trade_volume_imbalance	500	100	0.200000	77631	0.943626161691807	0.169284375860930	38.704518739322467	NO_EDGE
binance	linkusdt	20260325	trade	signed_trade_volume_imbalance	500	250	0.050000	79226	0.927104724628233	0.208324969933438	41.387494186289963	DIRECTIONAL
binance	linkusdt	20260325	trade	signed_trade_volume_imbalance	500	250	0.100000	78659	0.933250426752357	0.208028959155965	41.295264150052674	DIRECTIONAL
binance	linkusdt	20260325	trade	signed_trade_volume_imbalance	500	250	0.200000	77631	0.943626161691807	0.210023453539924	41.641734204494973	DIRECTIONAL
binance	linkusdt	20260325	trade	signed_trade_volume_imbalance	500	500	0.050000	79226	0.927104724628233	0.236947079121851	40.262576804076943	DIRECTIONAL
binance	linkusdt	20260325	trade	signed_trade_volume_imbalance	500	500	0.100000	78659	0.933250426752357	0.236692735971682	40.193468864055227	DIRECTIONAL
binance	linkusdt	20260325	trade	signed_trade_volume_imbalance	500	500	0.200000	77631	0.943626161691807	0.239272936985661	40.639741611974358	DIRECTIONAL
binance	linkusdt	20260326	trade	signed_trade_volume_imbalance	100	100	0.050000	78856	0.966182173894238	0.116380875458961	23.088057281204591	NO_EDGE
binance	linkusdt	20260326	trade	signed_trade_volume_imbalance	100	100	0.100000	78631	0.968733565335311	0.117039967430977	23.223738307909510	NO_EDGE
binance	linkusdt	20260326	trade	signed_trade_volume_imbalance	100	100	0.200000	78144	0.973827588423268	0.117448309224357	23.410805642337088	NO_EDGE
binance	linkusdt	20260326	trade	signed_trade_volume_imbalance	100	250	0.050000	78856	0.966182173894238	0.153996700295284	26.027345699153912	NO_EDGE
binance	linkusdt	20260326	trade	signed_trade_volume_imbalance	100	250	0.100000	78631	0.968733565335311	0.154718484502743	26.169102277787008	NO_EDGE
binance	linkusdt	20260326	trade	signed_trade_volume_imbalance	100	250	0.200000	78144	0.973827588423268	0.156426801293531	26.576119782533492	NO_EDGE
binance	linkusdt	20260326	trade	signed_trade_volume_imbalance	100	500	0.050000	78856	0.966182173894238	0.181685429683545	25.967963666182939	NO_EDGE
binance	linkusdt	20260326	trade	signed_trade_volume_imbalance	100	500	0.100000	78631	0.968733565335311	0.182298415285996	26.095299357460668	NO_EDGE
binance	linkusdt	20260326	trade	signed_trade_volume_imbalance	100	500	0.200000	78144	0.973827588423268	0.184073834957770	26.469323572807994	NO_EDGE
binance	linkusdt	20260326	trade	signed_trade_volume_imbalance	250	100	0.050000	78566	0.941389948943337	0.126608908715998	25.131557349043511	NO_EDGE
binance	linkusdt	20260326	trade	signed_trade_volume_imbalance	250	100	0.100000	78167	0.945814494366552	0.127770953446220	25.420553488108773	NO_EDGE
binance	linkusdt	20260326	trade	signed_trade_volume_imbalance	250	100	0.200000	77317	0.954546452091275	0.130079065721988	25.975892727422266	NO_EDGE
binance	linkusdt	20260326	trade	signed_trade_volume_imbalance	250	250	0.050000	78566	0.941389948943337	0.168063234857886	28.431375162780043	NO_EDGE
binance	linkusdt	20260326	trade	signed_trade_volume_imbalance	250	250	0.100000	78167	0.945814494366552	0.168990045120020	28.642535850901041	NO_EDGE
binance	linkusdt	20260326	trade	signed_trade_volume_imbalance	250	250	0.200000	77317	0.954546452091275	0.172481324110187	29.401415080108908	NO_EDGE
binance	linkusdt	20260326	trade	signed_trade_volume_imbalance	250	500	0.050000	78566	0.941389948943337	0.202109907701782	28.951893006412199	DIRECTIONAL
binance	linkusdt	20260326	trade	signed_trade_volume_imbalance	250	500	0.100000	78167	0.945814494366552	0.202145495954732	29.042861184660037	DIRECTIONAL
binance	linkusdt	20260326	trade	signed_trade_volume_imbalance	250	500	0.200000	77317	0.954546452091275	0.203791915194586	29.367465777959147	DIRECTIONAL
binance	linkusdt	20260326	trade	signed_trade_volume_imbalance	500	100	0.050000	78441	0.910327488960102	0.135660232595500	26.967287341033895	NO_EDGE
binance	linkusdt	20260326	trade	signed_trade_volume_imbalance	500	100	0.100000	77816	0.917042082809273	0.135955127827642	27.097226588039071	NO_EDGE
binance	linkusdt	20260326	trade	signed_trade_volume_imbalance	500	100	0.200000	76563	0.929583474694271	0.137069794310392	27.330603968226413	NO_EDGE
binance	linkusdt	20260326	trade	signed_trade_volume_imbalance	500	250	0.050000	78441	0.910327488960102	0.176364043674755	29.870159812467907	NO_EDGE
binance	linkusdt	20260326	trade	signed_trade_volume_imbalance	500	250	0.100000	77816	0.917042082809273	0.177603555866868	30.094331642431001	NO_EDGE
binance	linkusdt	20260326	trade	signed_trade_volume_imbalance	500	250	0.200000	76563	0.929583474694271	0.179810831921995	30.527508930700009	NO_EDGE
binance	linkusdt	20260326	trade	signed_trade_volume_imbalance	500	500	0.050000	78441	0.910327488960102	0.203733705722934	29.178520000203140	DIRECTIONAL
binance	linkusdt	20260326	trade	signed_trade_volume_imbalance	500	500	0.100000	77816	0.917042082809273	0.204357553593651	29.297714005820854	DIRECTIONAL
binance	linkusdt	20260326	trade	signed_trade_volume_imbalance	500	500	0.200000	76563	0.929583474694271	0.206884249279083	29.746733397621593	DIRECTIONAL
binance	linkusdt	20260327	trade	signed_trade_volume_imbalance	100	100	0.050000	86123	0.965985489094712	0.085192533349645	18.482804517083807	NO_EDGE
binance	linkusdt	20260327	trade	signed_trade_volume_imbalance	100	100	0.100000	85860	0.968716046337416	0.084085361804499	18.288707890324421	NO_EDGE
binance	linkusdt	20260327	trade	signed_trade_volume_imbalance	100	100	0.200000	85322	0.973870818355137	0.083816821607077	18.317085274255859	NO_EDGE
binance	linkusdt	20260327	trade	signed_trade_volume_imbalance	100	250	0.050000	86123	0.965985489094712	0.094253434452225	16.659440788296667	NO_EDGE
binance	linkusdt	20260327	trade	signed_trade_volume_imbalance	100	250	0.100000	85860	0.968716046337416	0.093636703841271	16.580093763766136	NO_EDGE
binance	linkusdt	20260327	trade	signed_trade_volume_imbalance	100	250	0.200000	85322	0.973870818355137	0.093322986066073	16.559686149221026	NO_EDGE
binance	linkusdt	20260327	trade	signed_trade_volume_imbalance	100	500	0.050000	86123	0.965985489094712	0.157592979110374	22.670657703134150	NO_EDGE
binance	linkusdt	20260327	trade	signed_trade_volume_imbalance	100	500	0.100000	85860	0.968716046337416	0.157285087852710	22.672927516288318	NO_EDGE
binance	linkusdt	20260327	trade	signed_trade_volume_imbalance	100	500	0.200000	85322	0.973870818355137	0.155804789318718	22.526515892121537	NO_EDGE
binance	linkusdt	20260327	trade	signed_trade_volume_imbalance	250	100	0.050000	85866	0.940188159496483	0.092034180608619	20.089725512446151	NO_EDGE
binance	linkusdt	20260327	trade	signed_trade_volume_imbalance	250	100	0.100000	85380	0.945117667858842	0.092224897815756	20.140500369869478	NO_EDGE
binance	linkusdt	20260327	trade	signed_trade_volume_imbalance	250	100	0.200000	84411	0.954253456797594	0.092369847435551	20.341064784842143	NO_EDGE
binance	linkusdt	20260327	trade	signed_trade_volume_imbalance	250	250	0.050000	85866	0.940188159496483	0.117666533388377	20.852553697597397	NO_EDGE
binance	linkusdt	20260327	trade	signed_trade_volume_imbalance	250	250	0.100000	85380	0.945117667858842	0.117706137480738	20.888327310120147	NO_EDGE
binance	linkusdt	20260327	trade	signed_trade_volume_imbalance	250	250	0.200000	84411	0.954253456797594	0.119583266291979	21.320916020870044	NO_EDGE
binance	linkusdt	20260327	trade	signed_trade_volume_imbalance	250	500	0.050000	85866	0.940188159496483	0.181443365616434	26.147723221012203	NO_EDGE
binance	linkusdt	20260327	trade	signed_trade_volume_imbalance	250	500	0.100000	85380	0.945117667858842	0.181946093501286	26.311421804062768	NO_EDGE
binance	linkusdt	20260327	trade	signed_trade_volume_imbalance	250	500	0.200000	84411	0.954253456797594	0.182484260561744	26.526610831911391	NO_EDGE
binance	linkusdt	20260327	trade	signed_trade_volume_imbalance	500	100	0.050000	85607	0.907930328281428	0.103586902313174	22.444831093360357	NO_EDGE
binance	linkusdt	20260327	trade	signed_trade_volume_imbalance	500	100	0.100000	84862	0.915246206178956	0.104151971980449	22.565452693557191	NO_EDGE
binance	linkusdt	20260327	trade	signed_trade_volume_imbalance	500	100	0.200000	83437	0.928297226334254	0.105516176631366	22.855925851969054	NO_EDGE
binance	linkusdt	20260327	trade	signed_trade_volume_imbalance	500	250	0.050000	85607	0.907930328281428	0.131881369866673	23.303911403315002	NO_EDGE
binance	linkusdt	20260327	trade	signed_trade_volume_imbalance	500	250	0.100000	84862	0.915246206178956	0.132399764145942	23.406423535654906	NO_EDGE
binance	linkusdt	20260327	trade	signed_trade_volume_imbalance	500	250	0.200000	83437	0.928297226334254	0.134254984724161	23.755835044768268	NO_EDGE
binance	linkusdt	20260327	trade	signed_trade_volume_imbalance	500	500	0.050000	85607	0.907930328281428	0.196849914303605	28.332540435019752	NO_EDGE
binance	linkusdt	20260327	trade	signed_trade_volume_imbalance	500	500	0.100000	84862	0.915246206178956	0.197086009910698	28.386815244267670	NO_EDGE
binance	linkusdt	20260327	trade	signed_trade_volume_imbalance	500	500	0.200000	83437	0.928297226334254	0.198770925949749	28.747089589215996	NO_EDGE
binance	linkusdt	20260328	trade	signed_trade_volume_imbalance	100	100	0.050000	62263	0.956115083054166	0.004692263259350	0.612067136569004	NO_EDGE
binance	linkusdt	20260328	trade	signed_trade_volume_imbalance	100	100	0.100000	62033	0.959380754957540	0.006031072274859	0.789423014825400	NO_EDGE
binance	linkusdt	20260328	trade	signed_trade_volume_imbalance	100	100	0.200000	61524	0.966087061311220	0.003648846758858	0.481592835727774	NO_EDGE
binance	linkusdt	20260328	trade	signed_trade_volume_imbalance	100	250	0.050000	62263	0.956115083054166	0.052473835147905	5.133652645582661	NO_EDGE
binance	linkusdt	20260328	trade	signed_trade_volume_imbalance	100	250	0.100000	62033	0.959380754957540	0.053481469410850	5.256471309939650	NO_EDGE
binance	linkusdt	20260328	trade	signed_trade_volume_imbalance	100	250	0.200000	61524	0.966087061311220	0.050989517790895	5.092433512151434	NO_EDGE
binance	linkusdt	20260328	trade	signed_trade_volume_imbalance	100	500	0.050000	62261	0.956113673346100	0.046447385876652	3.297264717373728	NO_EDGE
binance	linkusdt	20260328	trade	signed_trade_volume_imbalance	100	500	0.100000	62031	0.959379445314134	0.046240483861521	3.290089712059743	NO_EDGE
binance	linkusdt	20260328	trade	signed_trade_volume_imbalance	100	500	0.200000	61522	0.966085958845803	0.038471616830859	2.781796185818945	NO_EDGE
binance	linkusdt	20260328	trade	signed_trade_volume_imbalance	250	100	0.050000	62132	0.931950109636602	0.001912776051899	0.249380966618161	NO_EDGE
binance	linkusdt	20260328	trade	signed_trade_volume_imbalance	250	100	0.100000	61750	0.937254283707470	-0.000286109827397	-0.037364304859682	NO_EDGE
binance	linkusdt	20260328	trade	signed_trade_volume_imbalance	250	100	0.200000	61023	0.946623207476940	-0.004756726707722	-0.624137938726955	NO_EDGE
binance	linkusdt	20260328	trade	signed_trade_volume_imbalance	250	250	0.050000	62132	0.931950109636602	0.056639601101597	5.539733801511323	NO_EDGE
binance	linkusdt	20260328	trade	signed_trade_volume_imbalance	250	250	0.100000	61750	0.937254283707470	0.053848421036150	5.286435820253259	NO_EDGE
binance	linkusdt	20260328	trade	signed_trade_volume_imbalance	250	250	0.200000	61023	0.946623207476940	0.042165511100313	4.204462069886939	NO_EDGE
binance	linkusdt	20260328	trade	signed_trade_volume_imbalance	250	500	0.050000	62130	0.931947919071968	0.017345903756999	1.239743455082111	NO_EDGE
binance	linkusdt	20260328	trade	signed_trade_volume_imbalance	250	500	0.100000	61748	0.937252251391726	0.014522197893962	1.046338969784900	NO_EDGE
binance	linkusdt	20260328	trade	signed_trade_volume_imbalance	250	500	0.200000	61021	0.946621458020441	0.001546416049490	0.113288228769853	NO_EDGE
binance	linkusdt	20260328	trade	signed_trade_volume_imbalance	500	100	0.050000	61945	0.905400653179914	-0.003571877018685	-0.463240168750730	NO_EDGE
binance	linkusdt	20260328	trade	signed_trade_volume_imbalance	500	100	0.100000	61368	0.913212991471853	-0.005518513006442	-0.718888198461475	NO_EDGE
binance	linkusdt	20260328	trade	signed_trade_volume_imbalance	500	100	0.200000	60249	0.927385707707819	-0.011837620016244	-1.551880170867382	NO_EDGE
binance	linkusdt	20260328	trade	signed_trade_volume_imbalance	500	250	0.050000	61945	0.905400653179914	0.031393837625274	3.059299459011556	NO_EDGE
binance	linkusdt	20260328	trade	signed_trade_volume_imbalance	500	250	0.100000	61368	0.913212991471853	0.029860126343171	2.923309114502513	NO_EDGE
binance	linkusdt	20260328	trade	signed_trade_volume_imbalance	500	250	0.200000	60249	0.927385707707819	0.015265245154411	1.529295679195896	NO_EDGE
binance	linkusdt	20260328	trade	signed_trade_volume_imbalance	500	500	0.050000	61943	0.905397598780003	0.002639094084616	0.187838001909588	NO_EDGE
binance	linkusdt	20260328	trade	signed_trade_volume_imbalance	500	500	0.100000	61366	0.913210162967192	0.001376824248751	0.098584907606935	NO_EDGE
binance	linkusdt	20260328	trade	signed_trade_volume_imbalance	500	500	0.200000	60247	0.927383297154852	-0.015237316875660	-1.115934012879735	NO_EDGE
binance	ltcusdt	20260324	trade	signed_trade_volume_imbalance	100	100	0.050000	49286	0.974317670337006	-0.251531689414254	-37.891228938480602	ANTI_EDGE
binance	ltcusdt	20260324	trade	signed_trade_volume_imbalance	100	100	0.100000	49202	0.975853259781578	-0.251484894695365	-38.021477934903281	ANTI_EDGE
binance	ltcusdt	20260324	trade	signed_trade_volume_imbalance	100	100	0.200000	48992	0.979404681210830	-0.252005230166633	-38.227341117308285	ANTI_EDGE
binance	ltcusdt	20260324	trade	signed_trade_volume_imbalance	100	250	0.050000	49286	0.974317670337006	-0.225225514044102	-32.432532030522616	ANTI_EDGE
binance	ltcusdt	20260324	trade	signed_trade_volume_imbalance	100	250	0.100000	49202	0.975853259781578	-0.225353603889052	-32.508683096062207	ANTI_EDGE
binance	ltcusdt	20260324	trade	signed_trade_volume_imbalance	100	250	0.200000	48992	0.979404681210830	-0.227123324428515	-33.018648042638183	ANTI_EDGE
binance	ltcusdt	20260324	trade	signed_trade_volume_imbalance	100	500	0.050000	49285	0.974317149238708	-0.195884454044711	-26.827083085500377	NO_EDGE
binance	ltcusdt	20260324	trade	signed_trade_volume_imbalance	100	500	0.100000	49201	0.975852769004151	-0.196255771366174	-26.938439273318245	NO_EDGE
binance	ltcusdt	20260324	trade	signed_trade_volume_imbalance	100	500	0.200000	48991	0.979404260820987	-0.199372187937675	-27.514338483342129	NO_EDGE
binance	ltcusdt	20260324	trade	signed_trade_volume_imbalance	250	100	0.050000	49062	0.958330782515458	-0.204702073163353	-30.651292018824854	ANTI_EDGE
binance	ltcusdt	20260324	trade	signed_trade_volume_imbalance	250	100	0.100000	48870	0.961808948259842	-0.204620907462967	-30.792940898345694	ANTI_EDGE
binance	ltcusdt	20260324	trade	signed_trade_volume_imbalance	250	100	0.200000	48559	0.966996273231079	-0.206332760356749	-31.055496799560608	ANTI_EDGE
binance	ltcusdt	20260324	trade	signed_trade_volume_imbalance	250	250	0.050000	49062	0.958330782515458	-0.170281283584778	-24.363258252883792	NO_EDGE
binance	ltcusdt	20260324	trade	signed_trade_volume_imbalance	250	250	0.100000	48870	0.961808948259842	-0.172942487258268	-24.805094562665154	NO_EDGE
binance	ltcusdt	20260324	trade	signed_trade_volume_imbalance	250	250	0.200000	48559	0.966996273231079	-0.175563577595216	-25.202155647460629	NO_EDGE
binance	ltcusdt	20260324	trade	signed_trade_volume_imbalance	250	500	0.050000	49061	0.958329933180600	-0.138066358058939	-18.821019933695304	NO_EDGE
binance	ltcusdt	20260324	trade	signed_trade_volume_imbalance	250	500	0.100000	48869	0.961808166761311	-0.139789600796514	-19.169708735197712	NO_EDGE
binance	ltcusdt	20260324	trade	signed_trade_volume_imbalance	250	500	0.200000	48558	0.966995593554676	-0.142494304422833	-19.540361855283582	NO_EDGE
binance	ltcusdt	20260324	trade	signed_trade_volume_imbalance	500	100	0.050000	48983	0.937112445136462	-0.168494608743094	-25.299937002850196	NO_EDGE
binance	ltcusdt	20260324	trade	signed_trade_volume_imbalance	500	100	0.100000	48639	0.943203804453414	-0.170577406110437	-25.938832415521450	NO_EDGE
binance	ltcusdt	20260324	trade	signed_trade_volume_imbalance	500	100	0.200000	48111	0.951921739275141	-0.173227921158241	-26.378530543371376	NO_EDGE
binance	ltcusdt	20260324	trade	signed_trade_volume_imbalance	500	250	0.050000	48983	0.937112445136462	-0.135273458612155	-19.404351934616059	NO_EDGE
binance	ltcusdt	20260324	trade	signed_trade_volume_imbalance	500	250	0.100000	48639	0.943203804453414	-0.137306469675320	-19.893873963327252	NO_EDGE
binance	ltcusdt	20260324	trade	signed_trade_volume_imbalance	500	250	0.200000	48111	0.951921739275141	-0.139628220230319	-20.240646375213800	NO_EDGE
binance	ltcusdt	20260324	trade	signed_trade_volume_imbalance	500	500	0.050000	48982	0.937111161245341	-0.101455319578163	-13.855157610358455	NO_EDGE
binance	ltcusdt	20260324	trade	signed_trade_volume_imbalance	500	500	0.100000	48638	0.943202636720457	-0.101322302113755	-14.089117022622178	NO_EDGE
binance	ltcusdt	20260324	trade	signed_trade_volume_imbalance	500	500	0.200000	48110	0.951920739934864	-0.104483246270842	-14.516598930454899	NO_EDGE
binance	ltcusdt	20260325	trade	signed_trade_volume_imbalance	100	100	0.050000	45253	0.976243219408453	-0.282544907147163	-44.745098767682997	ANTI_EDGE
binance	ltcusdt	20260325	trade	signed_trade_volume_imbalance	100	100	0.100000	45173	0.977840694943776	-0.283398979780380	-44.868164868571263	ANTI_EDGE
binance	ltcusdt	20260325	trade	signed_trade_volume_imbalance	100	100	0.200000	44984	0.981322444698777	-0.284669055492550	-44.998506698863572	ANTI_EDGE
binance	ltcusdt	20260325	trade	signed_trade_volume_imbalance	100	250	0.050000	45253	0.976243219408453	-0.262025453058284	-38.907947764335717	ANTI_EDGE
binance	ltcusdt	20260325	trade	signed_trade_volume_imbalance	100	250	0.100000	45173	0.977840694943776	-0.262764532111409	-38.987512615072852	ANTI_EDGE
binance	ltcusdt	20260325	trade	signed_trade_volume_imbalance	100	250	0.200000	44984	0.981322444698777	-0.264418795111345	-39.178324089019760	ANTI_EDGE
binance	ltcusdt	20260325	trade	signed_trade_volume_imbalance	100	500	0.050000	45252	0.976242694419932	-0.258550020980223	-37.339502805714631	ANTI_EDGE
binance	ltcusdt	20260325	trade	signed_trade_volume_imbalance	100	500	0.100000	45172	0.977840204389781	-0.259361284846179	-37.444003031890794	ANTI_EDGE
binance	ltcusdt	20260325	trade	signed_trade_volume_imbalance	100	500	0.200000	44983	0.981322029485135	-0.261041184627964	-37.622943959736908	ANTI_EDGE
binance	ltcusdt	20260325	trade	signed_trade_volume_imbalance	250	100	0.050000	44936	0.961232839678117	-0.247338483694718	-38.907048760802525	ANTI_EDGE
binance	ltcusdt	20260325	trade	signed_trade_volume_imbalance	250	100	0.100000	44774	0.964445780411567	-0.247997124774926	-38.941784427121611	ANTI_EDGE
binance	ltcusdt	20260325	trade	signed_trade_volume_imbalance	250	100	0.200000	44447	0.970427509800552	-0.250420731275981	-39.199011864740832	ANTI_EDGE
binance	ltcusdt	20260325	trade	signed_trade_volume_imbalance	250	250	0.050000	44936	0.961232839678117	-0.223088617565186	-32.886664415035860	ANTI_EDGE
binance	ltcusdt	20260325	trade	signed_trade_volume_imbalance	250	250	0.100000	44774	0.964445780411567	-0.223460744866678	-32.883350651497445	ANTI_EDGE
binance	ltcusdt	20260325	trade	signed_trade_volume_imbalance	250	250	0.200000	44447	0.970427509800552	-0.225902295108769	-33.143598924221344	ANTI_EDGE
binance	ltcusdt	20260325	trade	signed_trade_volume_imbalance	250	500	0.050000	44935	0.961231976939488	-0.216077492139878	-30.990811830081221	ANTI_EDGE
binance	ltcusdt	20260325	trade	signed_trade_volume_imbalance	250	500	0.100000	44773	0.964444986312007	-0.216422498869152	-30.996339163086301	ANTI_EDGE
binance	ltcusdt	20260325	trade	signed_trade_volume_imbalance	250	500	0.200000	44446	0.970426844442811	-0.219013012547060	-31.289858824176861	ANTI_EDGE
binance	ltcusdt	20260325	trade	signed_trade_volume_imbalance	500	100	0.050000	44895	0.941047569069786	-0.211804405122115	-33.124717855902112	ANTI_EDGE
binance	ltcusdt	20260325	trade	signed_trade_volume_imbalance	500	100	0.100000	44647	0.945864626504197	-0.212859589237348	-33.203582489431348	ANTI_EDGE
binance	ltcusdt	20260325	trade	signed_trade_volume_imbalance	500	100	0.200000	44127	0.955246290920610	-0.216089984840309	-33.525553329098152	ANTI_EDGE
binance	ltcusdt	20260325	trade	signed_trade_volume_imbalance	500	250	0.050000	44895	0.941047569069786	-0.182987743468142	-26.855611141882413	NO_EDGE
binance	ltcusdt	20260325	trade	signed_trade_volume_imbalance	500	250	0.100000	44647	0.945864626504197	-0.183842978649890	-26.907233146986869	NO_EDGE
binance	ltcusdt	20260325	trade	signed_trade_volume_imbalance	500	250	0.200000	44127	0.955246290920610	-0.187214588665235	-27.249109226925636	NO_EDGE
binance	ltcusdt	20260325	trade	signed_trade_volume_imbalance	500	500	0.050000	44894	0.941046255922575	-0.175540482922690	-25.066194195249228	NO_EDGE
binance	ltcusdt	20260325	trade	signed_trade_volume_imbalance	500	500	0.100000	44646	0.945863413957194	-0.176194663499231	-25.098543220084352	NO_EDGE
binance	ltcusdt	20260325	trade	signed_trade_volume_imbalance	500	500	0.200000	44126	0.955245276695231	-0.179716264747067	-25.474249026391057	NO_EDGE
binance	ltcusdt	20260326	trade	signed_trade_volume_imbalance	100	100	0.050000	47831	0.976654583358395	-0.312666978387501	-45.542041615929548	ANTI_EDGE
binance	ltcusdt	20260326	trade	signed_trade_volume_imbalance	100	100	0.100000	47734	0.978488615414436	-0.313494904773544	-45.708323724992340	ANTI_EDGE
binance	ltcusdt	20260326	trade	signed_trade_volume_imbalance	100	100	0.200000	47533	0.981985626601402	-0.314189364823664	-46.297186287543589	ANTI_EDGE
binance	ltcusdt	20260326	trade	signed_trade_volume_imbalance	100	250	0.050000	47831	0.976654583358395	-0.292588855595060	-38.808678767358913	ANTI_EDGE
binance	ltcusdt	20260326	trade	signed_trade_volume_imbalance	100	250	0.100000	47734	0.978488615414436	-0.293875470775668	-39.088251710758641	ANTI_EDGE
binance	ltcusdt	20260326	trade	signed_trade_volume_imbalance	100	250	0.200000	47533	0.981985626601402	-0.294862807996722	-39.571718395227293	ANTI_EDGE
binance	ltcusdt	20260326	trade	signed_trade_volume_imbalance	100	500	0.050000	47831	0.976654583358395	-0.249888741009231	-29.689256196270382	ANTI_EDGE
binance	ltcusdt	20260326	trade	signed_trade_volume_imbalance	100	500	0.100000	47734	0.978488615414436	-0.251866990873159	-29.981217934013006	ANTI_EDGE
binance	ltcusdt	20260326	trade	signed_trade_volume_imbalance	100	500	0.200000	47533	0.981985626601402	-0.253643895120895	-30.426953693488958	ANTI_EDGE
binance	ltcusdt	20260326	trade	signed_trade_volume_imbalance	250	100	0.050000	47768	0.962479681992559	-0.273970437902221	-39.662033990457154	ANTI_EDGE
binance	ltcusdt	20260326	trade	signed_trade_volume_imbalance	250	100	0.100000	47615	0.965338632435652	-0.275752598285290	-40.052443741572958	ANTI_EDGE
binance	ltcusdt	20260326	trade	signed_trade_volume_imbalance	250	100	0.200000	47282	0.971104026577324	-0.277292387424516	-40.319629034993092	ANTI_EDGE
binance	ltcusdt	20260326	trade	signed_trade_volume_imbalance	250	250	0.050000	47768	0.962479681992559	-0.244855029277982	-32.273827298457832	ANTI_EDGE
binance	ltcusdt	20260326	trade	signed_trade_volume_imbalance	250	250	0.100000	47615	0.965338632435652	-0.246319750585202	-32.550609382785503	ANTI_EDGE
binance	ltcusdt	20260326	trade	signed_trade_volume_imbalance	250	250	0.200000	47282	0.971104026577324	-0.247157407978567	-32.783336241627936	ANTI_EDGE
binance	ltcusdt	20260326	trade	signed_trade_volume_imbalance	250	500	0.050000	47768	0.962479681992559	-0.206541934289182	-24.435626175682046	ANTI_EDGE
binance	ltcusdt	20260326	trade	signed_trade_volume_imbalance	250	500	0.100000	47615	0.965338632435652	-0.207847380308587	-24.637851674806527	ANTI_EDGE
binance	ltcusdt	20260326	trade	signed_trade_volume_imbalance	250	500	0.200000	47282	0.971104026577324	-0.207472431993903	-24.668087040324401	ANTI_EDGE
binance	ltcusdt	20260326	trade	signed_trade_volume_imbalance	500	100	0.050000	47657	0.944355094499379	-0.238107643965311	-34.319293949702590	ANTI_EDGE
binance	ltcusdt	20260326	trade	signed_trade_volume_imbalance	500	100	0.100000	47434	0.948437480647085	-0.239456540954569	-34.464430075035843	ANTI_EDGE
binance	ltcusdt	20260326	trade	signed_trade_volume_imbalance	500	100	0.200000	46929	0.957055052392315	-0.241991056758560	-34.883363993616648	ANTI_EDGE
binance	ltcusdt	20260326	trade	signed_trade_volume_imbalance	500	250	0.050000	47657	0.944355094499379	-0.207856511012760	-27.330194148961670	ANTI_EDGE
binance	ltcusdt	20260326	trade	signed_trade_volume_imbalance	500	250	0.100000	47434	0.948437480647085	-0.208719714043060	-27.426647891091033	ANTI_EDGE
binance	ltcusdt	20260326	trade	signed_trade_volume_imbalance	500	250	0.200000	46929	0.957055052392315	-0.210429998559530	-27.740887242681580	ANTI_EDGE
binance	ltcusdt	20260326	trade	signed_trade_volume_imbalance	500	500	0.050000	47657	0.944355094499379	-0.165372706864283	-19.507536990752158	NO_EDGE
binance	ltcusdt	20260326	trade	signed_trade_volume_imbalance	500	500	0.100000	47434	0.948437480647085	-0.164653807796553	-19.438327573605100	NO_EDGE
binance	ltcusdt	20260326	trade	signed_trade_volume_imbalance	500	500	0.200000	46929	0.957055052392315	-0.167709577378927	-19.866547901978944	NO_EDGE
binance	ltcusdt	20260327	trade	signed_trade_volume_imbalance	100	100	0.050000	47028	0.978938268796430	-0.273023232865459	-40.066628276414832	ANTI_EDGE
binance	ltcusdt	20260327	trade	signed_trade_volume_imbalance	100	100	0.100000	46937	0.980684524490289	-0.273352626279047	-40.135341002708998	ANTI_EDGE
binance	ltcusdt	20260327	trade	signed_trade_volume_imbalance	100	100	0.200000	46742	0.984157150238999	-0.274803919776084	-40.424303398617539	ANTI_EDGE
binance	ltcusdt	20260327	trade	signed_trade_volume_imbalance	100	250	0.050000	47028	0.978938268796430	-0.248272403221734	-32.634737703090231	ANTI_EDGE
binance	ltcusdt	20260327	trade	signed_trade_volume_imbalance	100	250	0.100000	46937	0.980684524490289	-0.248595723644891	-32.701432837656647	ANTI_EDGE
binance	ltcusdt	20260327	trade	signed_trade_volume_imbalance	100	250	0.200000	46742	0.984157150238999	-0.249980166914224	-32.929330095298965	ANTI_EDGE
binance	ltcusdt	20260327	trade	signed_trade_volume_imbalance	100	500	0.050000	47028	0.978938268796430	-0.219980825749785	-25.690321840581948	ANTI_EDGE
binance	ltcusdt	20260327	trade	signed_trade_volume_imbalance	100	500	0.100000	46937	0.980684524490289	-0.220402334841684	-25.771088636552303	ANTI_EDGE
binance	ltcusdt	20260327	trade	signed_trade_volume_imbalance	100	500	0.200000	46742	0.984157150238999	-0.221621083582300	-25.994252392366395	ANTI_EDGE
binance	ltcusdt	20260327	trade	signed_trade_volume_imbalance	250	100	0.050000	46951	0.963299542529198	-0.249872399374416	-36.559475645545248	ANTI_EDGE
binance	ltcusdt	20260327	trade	signed_trade_volume_imbalance	250	100	0.100000	46785	0.966446894035735	-0.250759641417181	-36.708838313415164	ANTI_EDGE
binance	ltcusdt	20260327	trade	signed_trade_volume_imbalance	250	100	0.200000	46444	0.972435115747166	-0.254137611552370	-37.210908602108738	ANTI_EDGE
binance	ltcusdt	20260327	trade	signed_trade_volume_imbalance	250	250	0.050000	46951	0.963299542529198	-0.226321588398106	-29.687902800625668	ANTI_EDGE
binance	ltcusdt	20260327	trade	signed_trade_volume_imbalance	250	250	0.100000	46785	0.966446894035735	-0.226057577724806	-29.677209692226008	ANTI_EDGE
binance	ltcusdt	20260327	trade	signed_trade_volume_imbalance	250	250	0.200000	46444	0.972435115747166	-0.229732307319520	-30.292438987040057	ANTI_EDGE
binance	ltcusdt	20260327	trade	signed_trade_volume_imbalance	250	500	0.050000	46951	0.963299542529198	-0.199031804840019	-23.275973310182412	NO_EDGE
binance	ltcusdt	20260327	trade	signed_trade_volume_imbalance	250	500	0.100000	46785	0.966446894035735	-0.198786232289862	-23.353025495411710	NO_EDGE
binance	ltcusdt	20260327	trade	signed_trade_volume_imbalance	250	500	0.200000	46444	0.972435115747166	-0.202761839457139	-24.071598026028688	ANTI_EDGE
binance	ltcusdt	20260327	trade	signed_trade_volume_imbalance	500	100	0.050000	46839	0.943316216853540	-0.213291410499597	-31.047127116136359	ANTI_EDGE
binance	ltcusdt	20260327	trade	signed_trade_volume_imbalance	500	100	0.100000	46538	0.948929153204677	-0.214230088079876	-31.214234031944045	ANTI_EDGE
binance	ltcusdt	20260327	trade	signed_trade_volume_imbalance	500	100	0.200000	46006	0.958151738957661	-0.217489828863626	-31.722126080067994	ANTI_EDGE
binance	ltcusdt	20260327	trade	signed_trade_volume_imbalance	500	250	0.050000	46839	0.943316216853540	-0.190045792714512	-24.871848000519627	NO_EDGE
binance	ltcusdt	20260327	trade	signed_trade_volume_imbalance	500	250	0.100000	46538	0.948929153204677	-0.190596341606084	-24.973739690435693	NO_EDGE
binance	ltcusdt	20260327	trade	signed_trade_volume_imbalance	500	250	0.200000	46006	0.958151738957661	-0.194339976664597	-25.597768974120648	NO_EDGE
binance	ltcusdt	20260327	trade	signed_trade_volume_imbalance	500	500	0.050000	46839	0.943316216853540	-0.159628638553226	-18.603105915763035	NO_EDGE
binance	ltcusdt	20260327	trade	signed_trade_volume_imbalance	500	500	0.100000	46538	0.948929153204677	-0.160490026605420	-18.861153301275873	NO_EDGE
binance	ltcusdt	20260327	trade	signed_trade_volume_imbalance	500	500	0.200000	46006	0.958151738957661	-0.167168546107638	-19.906508922325447	NO_EDGE
binance	ltcusdt	20260328	trade	signed_trade_volume_imbalance	100	100	0.050000	47236	0.980909371442859	-0.386005350052802	-51.030371526648473	ANTI_EDGE
binance	ltcusdt	20260328	trade	signed_trade_volume_imbalance	100	100	0.100000	47145	0.982661498994797	-0.388632071898810	-51.583866919216973	ANTI_EDGE
binance	ltcusdt	20260328	trade	signed_trade_volume_imbalance	100	100	0.200000	46967	0.985820557726668	-0.392460638008767	-52.266313018865517	ANTI_EDGE
binance	ltcusdt	20260328	trade	signed_trade_volume_imbalance	100	250	0.050000	47236	0.980909371442859	-0.388915861875394	-47.987414677213415	ANTI_EDGE
binance	ltcusdt	20260328	trade	signed_trade_volume_imbalance	100	250	0.100000	47145	0.982661498994797	-0.389671502547249	-48.069317562769150	ANTI_EDGE
binance	ltcusdt	20260328	trade	signed_trade_volume_imbalance	100	250	0.200000	46967	0.985820557726668	-0.391785291974901	-48.589296743007800	ANTI_EDGE
binance	ltcusdt	20260328	trade	signed_trade_volume_imbalance	100	500	0.050000	47236	0.980909371442859	-0.379891521241891	-44.512280637228564	ANTI_EDGE
binance	ltcusdt	20260328	trade	signed_trade_volume_imbalance	100	500	0.100000	47145	0.982661498994797	-0.380672298269565	-44.639171194260598	ANTI_EDGE
binance	ltcusdt	20260328	trade	signed_trade_volume_imbalance	100	500	0.200000	46967	0.985820557726668	-0.382515276833549	-45.075258690010671	ANTI_EDGE
binance	ltcusdt	20260328	trade	signed_trade_volume_imbalance	250	100	0.050000	47207	0.967232570064000	-0.363644126392062	-47.470577950247375	ANTI_EDGE
binance	ltcusdt	20260328	trade	signed_trade_volume_imbalance	250	100	0.100000	47065	0.969922159049872	-0.363683174500770	-47.830586350637375	ANTI_EDGE
binance	ltcusdt	20260328	trade	signed_trade_volume_imbalance	250	100	0.200000	46705	0.976255257495459	-0.363637250618262	-48.709949622262542	ANTI_EDGE
binance	ltcusdt	20260328	trade	signed_trade_volume_imbalance	250	250	0.050000	47207	0.967232570064000	-0.358904378603318	-43.827026054777519	ANTI_EDGE
binance	ltcusdt	20260328	trade	signed_trade_volume_imbalance	250	250	0.100000	47065	0.969922159049872	-0.358136512149692	-43.908332474786214	ANTI_EDGE
binance	ltcusdt	20260328	trade	signed_trade_volume_imbalance	250	250	0.200000	46705	0.976255257495459	-0.355746190508659	-44.264424881367283	ANTI_EDGE
binance	ltcusdt	20260328	trade	signed_trade_volume_imbalance	250	500	0.050000	47207	0.967232570064000	-0.349221714910798	-40.661612268663987	ANTI_EDGE
binance	ltcusdt	20260328	trade	signed_trade_volume_imbalance	250	500	0.100000	47065	0.969922159049872	-0.347685735439275	-40.647144302361326	ANTI_EDGE
binance	ltcusdt	20260328	trade	signed_trade_volume_imbalance	250	500	0.200000	46705	0.976255257495459	-0.344651346520998	-40.892479594131579	ANTI_EDGE
binance	ltcusdt	20260328	trade	signed_trade_volume_imbalance	500	100	0.050000	47146	0.948629380372444	-0.327394494685850	-42.330189720584492	ANTI_EDGE
binance	ltcusdt	20260328	trade	signed_trade_volume_imbalance	500	100	0.100000	46905	0.953112839126648	-0.327275773112289	-42.789570723376912	ANTI_EDGE
binance	ltcusdt	20260328	trade	signed_trade_volume_imbalance	500	100	0.200000	46373	0.962321829586691	-0.329506711883244	-43.649206819206029	ANTI_EDGE
binance	ltcusdt	20260328	trade	signed_trade_volume_imbalance	500	250	0.050000	47146	0.948629380372444	-0.323324088925938	-39.182629107394121	ANTI_EDGE
binance	ltcusdt	20260328	trade	signed_trade_volume_imbalance	500	250	0.100000	46905	0.953112839126648	-0.320193681833356	-39.082773591690412	ANTI_EDGE
binance	ltcusdt	20260328	trade	signed_trade_volume_imbalance	500	250	0.200000	46373	0.962321829586691	-0.320857014877765	-39.574729584226283	ANTI_EDGE
binance	ltcusdt	20260328	trade	signed_trade_volume_imbalance	500	500	0.050000	47146	0.948629380372444	-0.315269665468012	-36.394730418595586	ANTI_EDGE
binance	ltcusdt	20260328	trade	signed_trade_volume_imbalance	500	500	0.100000	46905	0.953112839126648	-0.311080008096350	-36.269597752249624	ANTI_EDGE
binance	ltcusdt	20260328	trade	signed_trade_volume_imbalance	500	500	0.200000	46373	0.962321829586691	-0.310365234466289	-36.520518380964781	ANTI_EDGE
binance	solusdt	20260324	trade	signed_trade_volume_imbalance	100	100	0.050000	351509	0.933187041916574	-0.209134519886970	-76.552923509068066	ANTI_EDGE
binance	solusdt	20260324	trade	signed_trade_volume_imbalance	100	100	0.100000	349315	0.938575256259339	-0.210016457900917	-76.893990019650673	ANTI_EDGE
binance	solusdt	20260324	trade	signed_trade_volume_imbalance	100	100	0.200000	345100	0.948207464864670	-0.211443900464600	-77.545735629489414	ANTI_EDGE
binance	solusdt	20260324	trade	signed_trade_volume_imbalance	100	250	0.050000	351509	0.933187041916574	-0.209485655344480	-67.072894547328403	ANTI_EDGE
binance	solusdt	20260324	trade	signed_trade_volume_imbalance	100	250	0.100000	349315	0.938575256259339	-0.209831605582865	-67.194742392887591	ANTI_EDGE
binance	solusdt	20260324	trade	signed_trade_volume_imbalance	100	250	0.200000	345100	0.948207464864670	-0.210064119366323	-67.580470168352022	ANTI_EDGE
binance	solusdt	20260324	trade	signed_trade_volume_imbalance	100	500	0.050000	351509	0.933187041916574	-0.224604032577443	-63.376532605543417	ANTI_EDGE
binance	solusdt	20260324	trade	signed_trade_volume_imbalance	100	500	0.100000	349315	0.938575256259339	-0.224846386540560	-63.663296290877717	ANTI_EDGE
binance	solusdt	20260324	trade	signed_trade_volume_imbalance	100	500	0.200000	345100	0.948207464864670	-0.224135902085966	-64.071940537531049	ANTI_EDGE
binance	solusdt	20260324	trade	signed_trade_volume_imbalance	250	100	0.050000	350012	0.880912697943966	-0.113114253106382	-40.953249252370334	NO_EDGE
binance	solusdt	20260324	trade	signed_trade_volume_imbalance	250	100	0.100000	346199	0.889791449528839	-0.113410210169972	-41.007192364050461	NO_EDGE
binance	solusdt	20260324	trade	signed_trade_volume_imbalance	250	100	0.200000	338873	0.905790213934434	-0.117136197013456	-41.813398304596177	NO_EDGE
binance	solusdt	20260324	trade	signed_trade_volume_imbalance	250	250	0.050000	350012	0.880912697943966	-0.110574607899519	-35.080416901280863	NO_EDGE
binance	solusdt	20260324	trade	signed_trade_volume_imbalance	250	250	0.100000	346199	0.889791449528839	-0.109955180148136	-34.857307720468121	NO_EDGE
binance	solusdt	20260324	trade	signed_trade_volume_imbalance	250	250	0.200000	338873	0.905790213934434	-0.112433657004432	-35.236413975640033	NO_EDGE
binance	solusdt	20260324	trade	signed_trade_volume_imbalance	250	500	0.050000	350012	0.880912697943966	-0.125917749356335	-35.342054786463031	NO_EDGE
binance	solusdt	20260324	trade	signed_trade_volume_imbalance	250	500	0.100000	346199	0.889791449528839	-0.124791547280638	-35.125584190101222	NO_EDGE
binance	solusdt	20260324	trade	signed_trade_volume_imbalance	250	500	0.200000	338873	0.905790213934434	-0.127131036175828	-35.488923842156751	NO_EDGE
binance	solusdt	20260324	trade	signed_trade_volume_imbalance	500	100	0.050000	348316	0.824559680215553	-0.048278151466904	-17.391332729773065	NO_EDGE
binance	solusdt	20260324	trade	signed_trade_volume_imbalance	500	100	0.100000	343055	0.836054142643559	-0.049183233530823	-17.584792791582093	NO_EDGE
binance	solusdt	20260324	trade	signed_trade_volume_imbalance	500	100	0.200000	332198	0.858463859305710	-0.051224834137945	-17.867722687180429	NO_EDGE
binance	solusdt	20260324	trade	signed_trade_volume_imbalance	500	250	0.050000	348316	0.824559680215553	-0.044647126216524	-14.127391685596576	NO_EDGE
binance	solusdt	20260324	trade	signed_trade_volume_imbalance	500	250	0.100000	343055	0.836054142643559	-0.045841083830077	-14.389451086438964	NO_EDGE
binance	solusdt	20260324	trade	signed_trade_volume_imbalance	500	250	0.200000	332198	0.858463859305710	-0.048249266300182	-14.798469178402854	NO_EDGE
binance	solusdt	20260324	trade	signed_trade_volume_imbalance	500	500	0.050000	348316	0.824559680215553	-0.060119611106752	-16.792674004663901	NO_EDGE
binance	solusdt	20260324	trade	signed_trade_volume_imbalance	500	500	0.100000	343055	0.836054142643559	-0.062125438201309	-17.211834495014603	NO_EDGE
binance	solusdt	20260324	trade	signed_trade_volume_imbalance	500	500	0.200000	332198	0.858463859305710	-0.067329381788598	-18.295787071947483	NO_EDGE
binance	solusdt	20260325	trade	signed_trade_volume_imbalance	100	100	0.050000	335116	0.937067343728166	-0.227354649752350	-128.001571440338296	ANTI_EDGE
binance	solusdt	20260325	trade	signed_trade_volume_imbalance	100	100	0.100000	333233	0.941936340582702	-0.228917351609451	-128.596635984709195	ANTI_EDGE
binance	solusdt	20260325	trade	signed_trade_volume_imbalance	100	100	0.200000	329792	0.950196540110601	-0.231721127047395	-129.524963193503339	ANTI_EDGE
binance	solusdt	20260325	trade	signed_trade_volume_imbalance	100	250	0.050000	335116	0.937067343728166	-0.193280694717536	-88.264297642375055	NO_EDGE
binance	solusdt	20260325	trade	signed_trade_volume_imbalance	100	250	0.100000	333233	0.941936340582702	-0.194454156716583	-88.535062804896370	NO_EDGE
binance	solusdt	20260325	trade	signed_trade_volume_imbalance	100	250	0.200000	329792	0.950196540110601	-0.196994624255366	-89.233042889405951	NO_EDGE
binance	solusdt	20260325	trade	signed_trade_volume_imbalance	100	500	0.050000	335114	0.937066968138646	-0.182006530330297	-72.528070466409602	NO_EDGE
binance	solusdt	20260325	trade	signed_trade_volume_imbalance	100	500	0.100000	333231	0.941935992093778	-0.183088462526804	-72.781123485499535	NO_EDGE
binance	solusdt	20260325	trade	signed_trade_volume_imbalance	100	500	0.200000	329790	0.950196238079267	-0.185551202316563	-73.407752382705127	NO_EDGE
binance	solusdt	20260325	trade	signed_trade_volume_imbalance	250	100	0.050000	332961	0.884269629777953	-0.135293906881282	-74.646692945946313	NO_EDGE
binance	solusdt	20260325	trade	signed_trade_volume_imbalance	250	100	0.100000	329627	0.892450480164081	-0.136768204745499	-74.998599875492658	NO_EDGE
binance	solusdt	20260325	trade	signed_trade_volume_imbalance	250	100	0.200000	322849	0.908036425894551	-0.138808278132915	-75.248526500013313	NO_EDGE
binance	solusdt	20260325	trade	signed_trade_volume_imbalance	250	250	0.050000	332961	0.884269629777953	-0.101141717084427	-45.570910470810901	NO_EDGE
binance	solusdt	20260325	trade	signed_trade_volume_imbalance	250	250	0.100000	329627	0.892450480164081	-0.102205669180660	-45.756851214485700	NO_EDGE
binance	solusdt	20260325	trade	signed_trade_volume_imbalance	250	250	0.200000	322849	0.908036425894551	-0.104033829208471	-45.995539091228160	NO_EDGE
binance	solusdt	20260325	trade	signed_trade_volume_imbalance	250	500	0.050000	332959	0.884268934615092	-0.085812647907664	-33.805985571815334	NO_EDGE
binance	solusdt	20260325	trade	signed_trade_volume_imbalance	250	500	0.100000	329625	0.892449827607296	-0.086798859347062	-33.980039475119433	NO_EDGE
binance	solusdt	20260325	trade	signed_trade_volume_imbalance	250	500	0.200000	322847	0.908035856190825	-0.088302598500907	-34.165971845628910	NO_EDGE
binance	solusdt	20260325	trade	signed_trade_volume_imbalance	500	100	0.050000	331797	0.827986932039182	-0.060231821753129	-32.939465254534355	NO_EDGE
binance	solusdt	20260325	trade	signed_trade_volume_imbalance	500	100	0.100000	326852	0.839375142427015	-0.060871208006704	-32.970645902969316	NO_EDGE
binance	solusdt	20260325	trade	signed_trade_volume_imbalance	500	100	0.200000	316843	0.861154442310293	-0.061732033469179	-32.800241487071794	NO_EDGE
binance	solusdt	20260325	trade	signed_trade_volume_imbalance	500	250	0.050000	331797	0.827986932039182	-0.024833099367065	-11.129695869649868	NO_EDGE
binance	solusdt	20260325	trade	signed_trade_volume_imbalance	500	250	0.100000	326852	0.839375142427015	-0.024744070943405	-10.974867700781815	NO_EDGE
binance	solusdt	20260325	trade	signed_trade_volume_imbalance	500	250	0.200000	316843	0.861154442310293	-0.024685570179743	-10.724155051283002	NO_EDGE
binance	solusdt	20260325	trade	signed_trade_volume_imbalance	500	500	0.050000	331795	0.827985895175685	-0.006543984909590	-2.567360534139149	NO_EDGE
binance	solusdt	20260325	trade	signed_trade_volume_imbalance	500	500	0.100000	326850	0.839374159561164	-0.006456244469979	-2.507074997117555	NO_EDGE
binance	solusdt	20260325	trade	signed_trade_volume_imbalance	500	500	0.200000	316841	0.861153565873520	-0.006393546742761	-2.434534614498377	NO_EDGE
binance	solusdt	20260326	trade	signed_trade_volume_imbalance	100	100	0.050000	369397	0.927932438467676	-0.237090394060215	-105.742306612991257	ANTI_EDGE
binance	solusdt	20260326	trade	signed_trade_volume_imbalance	100	100	0.100000	367036	0.933423115866924	-0.238741364832243	-106.210134674025070	ANTI_EDGE
binance	solusdt	20260326	trade	signed_trade_volume_imbalance	100	100	0.200000	362539	0.943128631604461	-0.241571253782861	-106.955893033210714	ANTI_EDGE
binance	solusdt	20260326	trade	signed_trade_volume_imbalance	100	250	0.050000	369397	0.927932438467676	-0.237025841655217	-92.710994960169444	ANTI_EDGE
binance	solusdt	20260326	trade	signed_trade_volume_imbalance	100	250	0.100000	367036	0.933423115866924	-0.238136180819084	-92.978318987394331	ANTI_EDGE
binance	solusdt	20260326	trade	signed_trade_volume_imbalance	100	250	0.200000	362539	0.943128631604461	-0.241461409973276	-93.959031048643610	ANTI_EDGE
binance	solusdt	20260326	trade	signed_trade_volume_imbalance	100	500	0.050000	369396	0.927932243372005	-0.226338597087459	-76.952370937082705	ANTI_EDGE
binance	solusdt	20260326	trade	signed_trade_volume_imbalance	100	500	0.100000	367035	0.933422934475821	-0.227402253050275	-77.284449305164401	ANTI_EDGE
binance	solusdt	20260326	trade	signed_trade_volume_imbalance	100	500	0.200000	362538	0.943128474734375	-0.231143110379099	-78.568225462358100	ANTI_EDGE
binance	solusdt	20260326	trade	signed_trade_volume_imbalance	250	100	0.050000	367593	0.873150575679537	-0.142591930971355	-62.630126134414517	NO_EDGE
binance	solusdt	20260326	trade	signed_trade_volume_imbalance	250	100	0.100000	363500	0.882138287133548	-0.144408806319280	-63.070118495652380	NO_EDGE
binance	solusdt	20260326	trade	signed_trade_volume_imbalance	250	100	0.200000	355542	0.898501897614897	-0.147362583604129	-63.565652672088540	NO_EDGE
binance	solusdt	20260326	trade	signed_trade_volume_imbalance	250	250	0.050000	367593	0.873150575679537	-0.134173539650055	-51.800443279287840	NO_EDGE
binance	solusdt	20260326	trade	signed_trade_volume_imbalance	250	250	0.100000	363500	0.882138287133548	-0.136519417385506	-52.541121519525845	NO_EDGE
binance	solusdt	20260326	trade	signed_trade_volume_imbalance	250	250	0.200000	355542	0.898501897614897	-0.140022493771673	-53.323813314506758	NO_EDGE
binance	solusdt	20260326	trade	signed_trade_volume_imbalance	250	500	0.050000	367592	0.873150230597426	-0.124164462552694	-41.796178078351673	NO_EDGE
binance	solusdt	20260326	trade	signed_trade_volume_imbalance	250	500	0.100000	363499	0.882137962891358	-0.126664128404103	-42.560940842191123	NO_EDGE
binance	solusdt	20260326	trade	signed_trade_volume_imbalance	250	500	0.200000	355541	0.898501612139800	-0.129991627831450	-43.362099886316194	NO_EDGE
binance	solusdt	20260326	trade	signed_trade_volume_imbalance	500	100	0.050000	365831	0.818650812493687	-0.064460407694381	-28.127024420273052	NO_EDGE
binance	solusdt	20260326	trade	signed_trade_volume_imbalance	500	100	0.100000	360007	0.830687004355189	-0.065423726839951	-28.290994831196809	NO_EDGE
binance	solusdt	20260326	trade	signed_trade_volume_imbalance	500	100	0.200000	348780	0.852595781210672	-0.066758727833773	-28.305572303847871	NO_EDGE
binance	solusdt	20260326	trade	signed_trade_volume_imbalance	500	250	0.050000	365831	0.818650812493687	-0.056238710557042	-21.601062738307302	NO_EDGE
binance	solusdt	20260326	trade	signed_trade_volume_imbalance	500	250	0.100000	360007	0.830687004355189	-0.057957613919689	-22.126822191552481	NO_EDGE
binance	solusdt	20260326	trade	signed_trade_volume_imbalance	500	250	0.200000	348780	0.852595781210672	-0.059598811921457	-22.356323724506442	NO_EDGE
binance	solusdt	20260326	trade	signed_trade_volume_imbalance	500	500	0.050000	365830	0.818651184554836	-0.046840183864024	-15.706409252023702	NO_EDGE
binance	solusdt	20260326	trade	signed_trade_volume_imbalance	500	500	0.100000	360006	0.830687415868669	-0.047368757708211	-15.762669345185172	NO_EDGE
binance	solusdt	20260326	trade	signed_trade_volume_imbalance	500	500	0.200000	348779	0.852596268786182	-0.047858494797357	-15.753125921336277	NO_EDGE
binance	solusdt	20260327	trade	signed_trade_volume_imbalance	100	100	0.050000	332502	0.925737265459783	-0.266184962792599	-78.246339513786438	ANTI_EDGE
binance	solusdt	20260327	trade	signed_trade_volume_imbalance	100	100	0.100000	330168	0.931755981785190	-0.268885367472334	-78.822490376334031	ANTI_EDGE
binance	solusdt	20260327	trade	signed_trade_volume_imbalance	100	100	0.200000	325663	0.942576039596479	-0.269532238075526	-79.652086891050118	ANTI_EDGE
binance	solusdt	20260327	trade	signed_trade_volume_imbalance	100	250	0.050000	332501	0.925737042113883	-0.251438690303013	-68.383740104538191	ANTI_EDGE
binance	solusdt	20260327	trade	signed_trade_volume_imbalance	100	250	0.100000	330167	0.931755775089734	-0.254693947788376	-69.309205546997688	ANTI_EDGE
binance	solusdt	20260327	trade	signed_trade_volume_imbalance	100	250	0.200000	325662	0.942575863266539	-0.255113409723062	-69.774173258226199	ANTI_EDGE
binance	solusdt	20260327	trade	signed_trade_volume_imbalance	100	500	0.050000	332501	0.925737042113883	-0.212845349328882	-50.202702657225089	ANTI_EDGE
binance	solusdt	20260327	trade	signed_trade_volume_imbalance	100	500	0.100000	330167	0.931755775089734	-0.215300261291451	-50.923617787074910	ANTI_EDGE
binance	solusdt	20260327	trade	signed_trade_volume_imbalance	100	500	0.200000	325662	0.942575863266539	-0.217909911658308	-51.887114551530154	ANTI_EDGE
binance	solusdt	20260327	trade	signed_trade_volume_imbalance	250	100	0.050000	330892	0.873962650532173	-0.176844397574803	-51.530384504891956	NO_EDGE
binance	solusdt	20260327	trade	signed_trade_volume_imbalance	250	100	0.100000	326924	0.883670425051797	-0.180068858564393	-52.111929013395851	NO_EDGE
binance	solusdt	20260327	trade	signed_trade_volume_imbalance	250	100	0.200000	319196	0.901441755339653	-0.183904792248675	-52.578457251283844	NO_EDGE
binance	solusdt	20260327	trade	signed_trade_volume_imbalance	250	250	0.050000	330891	0.873962269629249	-0.147578319794329	-39.837690330834860	NO_EDGE
binance	solusdt	20260327	trade	signed_trade_volume_imbalance	250	250	0.100000	326923	0.883670069220072	-0.150805360924746	-40.585137995980489	NO_EDGE
binance	solusdt	20260327	trade	signed_trade_volume_imbalance	250	250	0.200000	319195	0.901441446568386	-0.154504940506708	-41.382239604481860	NO_EDGE
binance	solusdt	20260327	trade	signed_trade_volume_imbalance	250	500	0.050000	330891	0.873962269629249	-0.104175723293763	-24.441299963655528	NO_EDGE
binance	solusdt	20260327	trade	signed_trade_volume_imbalance	250	500	0.100000	326923	0.883670069220072	-0.107062167396380	-25.140352941048388	NO_EDGE
binance	solusdt	20260327	trade	signed_trade_volume_imbalance	250	500	0.200000	319195	0.901441446568386	-0.115029537290137	-27.093747855203414	NO_EDGE
binance	solusdt	20260327	trade	signed_trade_volume_imbalance	500	100	0.050000	329477	0.821387610760866	-0.093700411545825	-27.165162048427170	NO_EDGE
binance	solusdt	20260327	trade	signed_trade_volume_imbalance	500	100	0.100000	323907	0.834228091536316	-0.096514241767716	-27.759436990169377	NO_EDGE
binance	solusdt	20260327	trade	signed_trade_volume_imbalance	500	100	0.200000	313309	0.857368377353106	-0.096057123965970	-27.088903427222352	NO_EDGE
binance	solusdt	20260327	trade	signed_trade_volume_imbalance	500	250	0.050000	329476	0.821387068650395	-0.071643871829311	-19.271291656193210	NO_EDGE
binance	solusdt	20260327	trade	signed_trade_volume_imbalance	500	250	0.100000	323906	0.834227579746140	-0.075845653464041	-20.318770506168697	NO_EDGE
binance	solusdt	20260327	trade	signed_trade_volume_imbalance	500	250	0.200000	313308	0.857367922108992	-0.069708651006790	-18.436630615610802	NO_EDGE
binance	solusdt	20260327	trade	signed_trade_volume_imbalance	500	500	0.050000	329476	0.821387068650395	-0.026761587737573	-6.280251251065833	NO_EDGE
binance	solusdt	20260327	trade	signed_trade_volume_imbalance	500	500	0.100000	323906	0.834227579746140	-0.031405337126606	-7.377093695835982	NO_EDGE
binance	solusdt	20260327	trade	signed_trade_volume_imbalance	500	500	0.200000	313308	0.857367922108992	-0.027108946074982	-6.308603199959965	NO_EDGE
binance	solusdt	20260328	trade	signed_trade_volume_imbalance	100	100	0.050000	255099	0.950289242917593	-0.306152791909984	-136.116941415719197	ANTI_EDGE
binance	solusdt	20260328	trade	signed_trade_volume_imbalance	100	100	0.100000	253909	0.954397936161476	-0.307453949359381	-136.474108080304120	ANTI_EDGE
binance	solusdt	20260328	trade	signed_trade_volume_imbalance	100	100	0.200000	251591	0.961800815423622	-0.310233450511394	-137.380080884159867	ANTI_EDGE
binance	solusdt	20260328	trade	signed_trade_volume_imbalance	100	250	0.050000	255099	0.950289242917593	-0.295517373855511	-117.282312019074681	ANTI_EDGE
binance	solusdt	20260328	trade	signed_trade_volume_imbalance	100	250	0.100000	253909	0.954397936161476	-0.296200023053592	-117.504330525478693	ANTI_EDGE
binance	solusdt	20260328	trade	signed_trade_volume_imbalance	100	250	0.200000	251591	0.961800815423622	-0.298524955072187	-118.402165915513805	ANTI_EDGE
binance	solusdt	20260328	trade	signed_trade_volume_imbalance	100	500	0.050000	255098	0.950289048048300	-0.284767205890745	-99.138725069149430	ANTI_EDGE
binance	solusdt	20260328	trade	signed_trade_volume_imbalance	100	500	0.100000	253908	0.954397756560701	-0.285626972057305	-99.398591860152735	ANTI_EDGE
binance	solusdt	20260328	trade	signed_trade_volume_imbalance	100	500	0.200000	251590	0.961800663592490	-0.288923847070479	-100.785805528317795	ANTI_EDGE
binance	solusdt	20260328	trade	signed_trade_volume_imbalance	250	100	0.050000	254125	0.907767232197868	-0.222830096870976	-97.272539769914786	ANTI_EDGE
binance	solusdt	20260328	trade	signed_trade_volume_imbalance	250	100	0.100000	251891	0.915161465214167	-0.224277454019808	-97.689431744729546	ANTI_EDGE
binance	solusdt	20260328	trade	signed_trade_volume_imbalance	250	100	0.200000	247621	0.928363815800490	-0.228842039664117	-99.032414988553612	ANTI_EDGE
binance	solusdt	20260328	trade	signed_trade_volume_imbalance	250	250	0.050000	254125	0.907767232197868	-0.215582449430028	-84.543455155675304	ANTI_EDGE
binance	solusdt	20260328	trade	signed_trade_volume_imbalance	250	250	0.100000	251891	0.915161465214167	-0.217409436264684	-85.210458902572341	ANTI_EDGE
binance	solusdt	20260328	trade	signed_trade_volume_imbalance	250	250	0.200000	247621	0.928363815800490	-0.222001039058123	-86.796268674105761	ANTI_EDGE
binance	solusdt	20260328	trade	signed_trade_volume_imbalance	250	500	0.050000	254124	0.907766869253833	-0.199251258244413	-68.808678610326481	NO_EDGE
binance	solusdt	20260328	trade	signed_trade_volume_imbalance	250	500	0.100000	251890	0.915161128406206	-0.200918322701142	-69.442239203374299	ANTI_EDGE
binance	solusdt	20260328	trade	signed_trade_volume_imbalance	250	500	0.200000	247620	0.928363526501538	-0.203432672182944	-70.354047969096484	ANTI_EDGE
binance	solusdt	20260328	trade	signed_trade_volume_imbalance	500	100	0.050000	253173	0.859359621939998	-0.136926899389744	-58.881291473149474	NO_EDGE
binance	solusdt	20260328	trade	signed_trade_volume_imbalance	500	100	0.100000	249910	0.869606218647692	-0.138523725119722	-59.292553938331459	NO_EDGE
binance	solusdt	20260328	trade	signed_trade_volume_imbalance	500	100	0.200000	243457	0.888674578490497	-0.143198333376203	-60.472207861506547	NO_EDGE
binance	solusdt	20260328	trade	signed_trade_volume_imbalance	500	250	0.050000	253173	0.859359621939998	-0.128381626745386	-49.718465427548686	NO_EDGE
binance	solusdt	20260328	trade	signed_trade_volume_imbalance	500	250	0.100000	249910	0.869606218647692	-0.129234106925795	-49.855142117284458	NO_EDGE
binance	solusdt	20260328	trade	signed_trade_volume_imbalance	500	250	0.200000	243457	0.888674578490497	-0.133546689617485	-51.106157059588199	NO_EDGE
binance	solusdt	20260328	trade	signed_trade_volume_imbalance	500	500	0.050000	253172	0.859359066426811	-0.105530773376161	-36.055676137228417	NO_EDGE
binance	solusdt	20260328	trade	signed_trade_volume_imbalance	500	500	0.100000	249909	0.869605696882617	-0.105858614588155	-36.186615930371239	NO_EDGE
binance	solusdt	20260328	trade	signed_trade_volume_imbalance	500	500	0.200000	243456	0.888674121219252	-0.110656342540803	-37.837108271186544	NO_EDGE
binance	xrpusdt	20260324	trade	signed_trade_volume_imbalance	100	100	0.050000	247197	0.960602451263392	-0.057743795471342	-36.483296087571112	NO_EDGE
binance	xrpusdt	20260324	trade	signed_trade_volume_imbalance	100	100	0.100000	246316	0.963773006166411	-0.058177135268010	-36.699259322956429	NO_EDGE
binance	xrpusdt	20260324	trade	signed_trade_volume_imbalance	100	100	0.200000	244552	0.969645609246906	-0.058647692450280	-36.866245135866521	NO_EDGE
binance	xrpusdt	20260324	trade	signed_trade_volume_imbalance	100	250	0.050000	247195	0.960604279039628	-0.037729913616366	-20.265260123461879	NO_EDGE
binance	xrpusdt	20260324	trade	signed_trade_volume_imbalance	100	250	0.100000	246314	0.963774866224128	-0.037955242467960	-20.353676427264375	NO_EDGE
binance	xrpusdt	20260324	trade	signed_trade_volume_imbalance	100	250	0.200000	244550	0.969647530749514	-0.038475817641929	-20.579997516275267	NO_EDGE
binance	xrpusdt	20260324	trade	signed_trade_volume_imbalance	100	500	0.050000	247195	0.960604279039628	-0.017954618903060	-8.137175020291197	NO_EDGE
binance	xrpusdt	20260324	trade	signed_trade_volume_imbalance	100	500	0.100000	246314	0.963774866224128	-0.017984511861765	-8.141862300392921	NO_EDGE
binance	xrpusdt	20260324	trade	signed_trade_volume_imbalance	100	500	0.200000	244550	0.969647530749514	-0.017840917957678	-8.063936297773028	NO_EDGE
binance	xrpusdt	20260324	trade	signed_trade_volume_imbalance	250	100	0.050000	246284	0.924623401528168	-0.022411670591588	-14.085654252264703	NO_EDGE
binance	xrpusdt	20260324	trade	signed_trade_volume_imbalance	250	100	0.100000	244602	0.930464494630980	-0.022704498752888	-14.205403086942850	NO_EDGE
binance	xrpusdt	20260324	trade	signed_trade_volume_imbalance	250	100	0.200000	241287	0.941185206360196	-0.023010664413960	-14.281649910922095	NO_EDGE
binance	xrpusdt	20260324	trade	signed_trade_volume_imbalance	250	250	0.050000	246282	0.924624943902550	-0.000394614365233	-0.211113681583916	NO_EDGE
binance	xrpusdt	20260324	trade	signed_trade_volume_imbalance	250	250	0.100000	244600	0.930466095371919	-0.000512591142756	-0.273052948749643	NO_EDGE
binance	xrpusdt	20260324	trade	signed_trade_volume_imbalance	250	250	0.200000	241285	0.941186917957092	-0.000651452969498	-0.344488254317778	NO_EDGE
binance	xrpusdt	20260324	trade	signed_trade_volume_imbalance	250	500	0.050000	246282	0.924624943902550	0.020835073437155	9.414324376841362	NO_EDGE
binance	xrpusdt	20260324	trade	signed_trade_volume_imbalance	250	500	0.100000	244600	0.930466095371919	0.020856562856469	9.388403875681096	NO_EDGE
binance	xrpusdt	20260324	trade	signed_trade_volume_imbalance	250	500	0.200000	241285	0.941186917957092	0.021058010442532	9.419209114676050	NO_EDGE
binance	xrpusdt	20260324	trade	signed_trade_volume_imbalance	500	100	0.050000	245447	0.879509689980729	0.012892783991082	8.088517752579484	NO_EDGE
binance	xrpusdt	20260324	trade	signed_trade_volume_imbalance	500	100	0.100000	242732	0.888508720902824	0.012546242067494	7.820947281221098	NO_EDGE
binance	xrpusdt	20260324	trade	signed_trade_volume_imbalance	500	100	0.200000	237541	0.904641020435670	0.012635513199736	7.768812351025716	NO_EDGE
binance	xrpusdt	20260324	trade	signed_trade_volume_imbalance	500	250	0.050000	245445	0.879510870007311	0.035912719318663	19.208333839013395	NO_EDGE
binance	xrpusdt	20260324	trade	signed_trade_volume_imbalance	500	250	0.100000	242730	0.888509988276804	0.035768078524490	19.018104277698420	NO_EDGE
binance	xrpusdt	20260324	trade	signed_trade_volume_imbalance	500	250	0.200000	237539	0.904642451334534	0.036042868050326	18.928611854557225	NO_EDGE
binance	xrpusdt	20260324	trade	signed_trade_volume_imbalance	500	500	0.050000	245445	0.879510870007311	0.055938136416315	25.289561139852239	NO_EDGE
binance	xrpusdt	20260324	trade	signed_trade_volume_imbalance	500	500	0.100000	242730	0.888509988276804	0.056097865609088	25.230053003775698	NO_EDGE
binance	xrpusdt	20260324	trade	signed_trade_volume_imbalance	500	500	0.200000	237539	0.904642451334534	0.057296518108868	25.492063747313679	NO_EDGE
binance	xrpusdt	20260325	trade	signed_trade_volume_imbalance	100	100	0.050000	207181	0.966582872417484	-0.057356491913620	-23.676753687677660	NO_EDGE
binance	xrpusdt	20260325	trade	signed_trade_volume_imbalance	100	100	0.100000	206634	0.968944313283380	-0.057498617571474	-23.688763549087319	NO_EDGE
binance	xrpusdt	20260325	trade	signed_trade_volume_imbalance	100	100	0.200000	205489	0.973501156283240	-0.057457263131830	-23.602055634445634	NO_EDGE
binance	xrpusdt	20260325	trade	signed_trade_volume_imbalance	100	250	0.050000	207181	0.966582872417484	-0.034498410564508	-12.834204812066742	NO_EDGE
binance	xrpusdt	20260325	trade	signed_trade_volume_imbalance	100	250	0.100000	206634	0.968944313283380	-0.034446358175522	-12.797492664145841	NO_EDGE
binance	xrpusdt	20260325	trade	signed_trade_volume_imbalance	100	250	0.200000	205489	0.973501156283240	-0.034162461231534	-12.649549080314149	NO_EDGE
binance	xrpusdt	20260325	trade	signed_trade_volume_imbalance	100	500	0.050000	207180	0.966582711122344	-0.019948411176942	-6.781851040721069	NO_EDGE
binance	xrpusdt	20260325	trade	signed_trade_volume_imbalance	100	500	0.100000	206633	0.968944162989447	-0.019964215291569	-6.778354109416943	NO_EDGE
binance	xrpusdt	20260325	trade	signed_trade_volume_imbalance	100	500	0.200000	205488	0.973501027327567	-0.019879890615817	-6.729062200428957	NO_EDGE
binance	xrpusdt	20260325	trade	signed_trade_volume_imbalance	250	100	0.050000	206607	0.936270653382211	-0.021825797574030	-8.976346971655570	NO_EDGE
binance	xrpusdt	20260325	trade	signed_trade_volume_imbalance	250	100	0.100000	205546	0.940713617315440	-0.022382643011107	-9.184096261261571	NO_EDGE
binance	xrpusdt	20260325	trade	signed_trade_volume_imbalance	250	100	0.200000	203373	0.949161342966446	-0.022135142514816	-9.017429683271265	NO_EDGE
binance	xrpusdt	20260325	trade	signed_trade_volume_imbalance	250	250	0.050000	206607	0.936270653382211	0.002428582169006	0.900788447807184	NO_EDGE
binance	xrpusdt	20260325	trade	signed_trade_volume_imbalance	250	250	0.100000	205546	0.940713617315440	0.002147528247833	0.795728061878015	NO_EDGE
binance	xrpusdt	20260325	trade	signed_trade_volume_imbalance	250	250	0.200000	203373	0.949161342966446	0.002408120123811	0.885951300600745	NO_EDGE
binance	xrpusdt	20260325	trade	signed_trade_volume_imbalance	250	500	0.050000	206606	0.936270344923860	0.016541925821357	5.611374513489817	NO_EDGE
binance	xrpusdt	20260325	trade	signed_trade_volume_imbalance	250	500	0.100000	205545	0.940713328880391	0.016207418556712	5.491530949258509	NO_EDGE
binance	xrpusdt	20260325	trade	signed_trade_volume_imbalance	250	500	0.200000	203372	0.949161092987803	0.016697243173410	5.621311099023432	NO_EDGE
binance	xrpusdt	20260325	trade	signed_trade_volume_imbalance	500	100	0.050000	205965	0.897967681954502	0.012288195402364	5.041977334395431	NO_EDGE
binance	xrpusdt	20260325	trade	signed_trade_volume_imbalance	500	100	0.100000	204227	0.904968924848177	0.012126228757827	4.944076307118966	NO_EDGE
binance	xrpusdt	20260325	trade	signed_trade_volume_imbalance	500	100	0.200000	200725	0.918141275083392	0.012734132056177	5.125638729315831	NO_EDGE
binance	xrpusdt	20260325	trade	signed_trade_volume_imbalance	500	250	0.050000	205965	0.897967681954502	0.036957284850157	13.685400710893751	NO_EDGE
binance	xrpusdt	20260325	trade	signed_trade_volume_imbalance	500	250	0.100000	204227	0.904968924848177	0.037111851218190	13.659232494085787	NO_EDGE
binance	xrpusdt	20260325	trade	signed_trade_volume_imbalance	500	250	0.200000	200725	0.918141275083392	0.038022260817999	13.821244880126345	NO_EDGE
binance	xrpusdt	20260325	trade	signed_trade_volume_imbalance	500	500	0.050000	205964	0.897967186565416	0.052264622715461	17.712612779645262	NO_EDGE
binance	xrpusdt	20260325	trade	signed_trade_volume_imbalance	500	500	0.100000	204226	0.904968459525079	0.052257160569460	17.615833093956926	NO_EDGE
binance	xrpusdt	20260325	trade	signed_trade_volume_imbalance	500	500	0.200000	200724	0.918140867266067	0.053383527651790	17.807708925544489	NO_EDGE
binance	xrpusdt	20260326	trade	signed_trade_volume_imbalance	100	100	0.050000	258533	0.951600750519905	-0.135325525484247	-62.632718537375190	NO_EDGE
binance	xrpusdt	20260326	trade	signed_trade_volume_imbalance	100	100	0.100000	257441	0.955322199917332	-0.136075240141837	-62.850134053663638	NO_EDGE
binance	xrpusdt	20260326	trade	signed_trade_volume_imbalance	100	100	0.200000	255189	0.962420800468717	-0.136706032848738	-63.116524991071934	NO_EDGE
binance	xrpusdt	20260326	trade	signed_trade_volume_imbalance	100	250	0.050000	258533	0.951600750519905	-0.128455421881617	-49.789848960963901	NO_EDGE
binance	xrpusdt	20260326	trade	signed_trade_volume_imbalance	100	250	0.100000	257441	0.955322199917332	-0.129342411299349	-50.071626335001945	NO_EDGE
binance	xrpusdt	20260326	trade	signed_trade_volume_imbalance	100	250	0.200000	255189	0.962420800468717	-0.128836356335628	-50.032084049101414	NO_EDGE
binance	xrpusdt	20260326	trade	signed_trade_volume_imbalance	100	500	0.050000	258532	0.951600563311935	-0.105667362182618	-36.507418802307861	NO_EDGE
binance	xrpusdt	20260326	trade	signed_trade_volume_imbalance	100	500	0.100000	257440	0.955322026370869	-0.106589734071112	-36.804869275480783	NO_EDGE
binance	xrpusdt	20260326	trade	signed_trade_volume_imbalance	100	500	0.200000	255188	0.962420653207871	-0.106432503874813	-36.851058991437561	NO_EDGE
binance	xrpusdt	20260326	trade	signed_trade_volume_imbalance	250	100	0.050000	257599	0.912493895305254	-0.093503269359629	-42.975921491159824	NO_EDGE
binance	xrpusdt	20260326	trade	signed_trade_volume_imbalance	250	100	0.100000	255628	0.918954969312505	-0.094451901946646	-43.205024715796512	NO_EDGE
binance	xrpusdt	20260326	trade	signed_trade_volume_imbalance	250	100	0.200000	251650	0.931097923709242	-0.095875956457501	-43.613223306343436	NO_EDGE
binance	xrpusdt	20260326	trade	signed_trade_volume_imbalance	250	250	0.050000	257599	0.912493895305254	-0.082810319854295	-31.903641515940873	NO_EDGE
binance	xrpusdt	20260326	trade	signed_trade_volume_imbalance	250	250	0.100000	255628	0.918954969312505	-0.083994011202669	-32.248772446892161	NO_EDGE
binance	xrpusdt	20260326	trade	signed_trade_volume_imbalance	250	250	0.200000	251650	0.931097923709242	-0.084737103948898	-32.495194591946621	NO_EDGE
binance	xrpusdt	20260326	trade	signed_trade_volume_imbalance	250	500	0.050000	257598	0.912493555605002	-0.059394891646029	-20.434506440968608	NO_EDGE
binance	xrpusdt	20260326	trade	signed_trade_volume_imbalance	250	500	0.100000	255627	0.918954652268409	-0.060653805781292	-20.850447688515377	NO_EDGE
binance	xrpusdt	20260326	trade	signed_trade_volume_imbalance	250	500	0.200000	251649	0.931097649906934	-0.061849997189444	-21.270441785299290	NO_EDGE
binance	xrpusdt	20260326	trade	signed_trade_volume_imbalance	500	100	0.050000	256622	0.865241766228756	-0.049964060590860	-22.873567107513036	NO_EDGE
binance	xrpusdt	20260326	trade	signed_trade_volume_imbalance	500	100	0.100000	253737	0.874228593225027	-0.051060760268758	-23.222413173922671	NO_EDGE
binance	xrpusdt	20260326	trade	signed_trade_volume_imbalance	500	100	0.200000	247599	0.892169368286495	-0.052084634712997	-23.376007234528664	NO_EDGE
binance	xrpusdt	20260326	trade	signed_trade_volume_imbalance	500	250	0.050000	256622	0.865241766228756	-0.037997679327642	-14.580109549275241	NO_EDGE
binance	xrpusdt	20260326	trade	signed_trade_volume_imbalance	500	250	0.100000	253737	0.874228593225027	-0.038941461966481	-14.854852754226346	NO_EDGE
binance	xrpusdt	20260326	trade	signed_trade_volume_imbalance	500	250	0.200000	247599	0.892169368286495	-0.039918727608156	-15.096394339127015	NO_EDGE
binance	xrpusdt	20260326	trade	signed_trade_volume_imbalance	500	500	0.050000	256621	0.865244166743633	-0.013810371765486	-4.726643362450371	NO_EDGE
binance	xrpusdt	20260326	trade	signed_trade_volume_imbalance	500	500	0.100000	253736	0.874231056451985	-0.014503727396118	-4.939188591207612	NO_EDGE
binance	xrpusdt	20260326	trade	signed_trade_volume_imbalance	500	500	0.200000	247598	0.892171965036591	-0.014639574815959	-4.931845534642965	NO_EDGE
binance	xrpusdt	20260327	trade	signed_trade_volume_imbalance	100	100	0.050000	249619	0.956272845766434	-0.092322706376441	-53.147110062502229	NO_EDGE
binance	xrpusdt	20260327	trade	signed_trade_volume_imbalance	100	100	0.100000	248600	0.959884498016214	-0.093175862818649	-53.938145019014144	NO_EDGE
binance	xrpusdt	20260327	trade	signed_trade_volume_imbalance	100	100	0.200000	246578	0.966521092234312	-0.094422006649240	-54.831953459598587	NO_EDGE
binance	xrpusdt	20260327	trade	signed_trade_volume_imbalance	100	250	0.050000	249619	0.956272845766434	-0.080193311082450	-38.523059857622464	NO_EDGE
binance	xrpusdt	20260327	trade	signed_trade_volume_imbalance	100	250	0.100000	248600	0.959884498016214	-0.081402398072770	-39.380766254709613	NO_EDGE
binance	xrpusdt	20260327	trade	signed_trade_volume_imbalance	100	250	0.200000	246578	0.966521092234312	-0.081942947867357	-39.840223150289148	NO_EDGE
binance	xrpusdt	20260327	trade	signed_trade_volume_imbalance	100	500	0.050000	249618	0.956272670590148	-0.074658087493807	-29.598937786260482	NO_EDGE
binance	xrpusdt	20260327	trade	signed_trade_volume_imbalance	100	500	0.100000	248599	0.959884336649909	-0.075069996142046	-29.888555199149522	NO_EDGE
binance	xrpusdt	20260327	trade	signed_trade_volume_imbalance	100	500	0.200000	246577	0.966520956459655	-0.074634285751871	-29.947055357532566	NO_EDGE
binance	xrpusdt	20260327	trade	signed_trade_volume_imbalance	250	100	0.050000	248691	0.918698595405161	-0.049939067398198	-28.539652979044018	NO_EDGE
binance	xrpusdt	20260327	trade	signed_trade_volume_imbalance	250	100	0.100000	246736	0.925382814662901	-0.050331966356412	-28.865949823134940	NO_EDGE
binance	xrpusdt	20260327	trade	signed_trade_volume_imbalance	250	100	0.200000	243063	0.937095219425400	-0.051721853963335	-29.596126220255776	NO_EDGE
binance	xrpusdt	20260327	trade	signed_trade_volume_imbalance	250	250	0.050000	248691	0.918698595405161	-0.038291152204627	-18.297745373448954	NO_EDGE
binance	xrpusdt	20260327	trade	signed_trade_volume_imbalance	250	250	0.100000	246736	0.925382814662901	-0.039226372320084	-18.806220639789224	NO_EDGE
binance	xrpusdt	20260327	trade	signed_trade_volume_imbalance	250	250	0.200000	243063	0.937095219425400	-0.039977031851205	-19.261574495310171	NO_EDGE
binance	xrpusdt	20260327	trade	signed_trade_volume_imbalance	250	500	0.050000	248690	0.918698268486489	-0.030089043102277	-11.888452137059197	NO_EDGE
binance	xrpusdt	20260327	trade	signed_trade_volume_imbalance	250	500	0.100000	246735	0.925382512244576	-0.030672999776616	-12.150557544530773	NO_EDGE
binance	xrpusdt	20260327	trade	signed_trade_volume_imbalance	250	500	0.200000	243062	0.937094960624022	-0.031005315463572	-12.312800382243225	NO_EDGE
binance	xrpusdt	20260327	trade	signed_trade_volume_imbalance	500	100	0.050000	247777	0.876540318920116	-0.012779306807265	-7.272409079512677	NO_EDGE
binance	xrpusdt	20260327	trade	signed_trade_volume_imbalance	500	100	0.100000	245074	0.885379249950630	-0.012861827959940	-7.304644587160249	NO_EDGE
binance	xrpusdt	20260327	trade	signed_trade_volume_imbalance	500	100	0.200000	239705	0.901841140498957	-0.012995102841839	-7.378488860857550	NO_EDGE
binance	xrpusdt	20260327	trade	signed_trade_volume_imbalance	500	250	0.050000	247777	0.876540318920116	-0.003019897749418	-1.439712349321353	NO_EDGE
binance	xrpusdt	20260327	trade	signed_trade_volume_imbalance	500	250	0.100000	245074	0.885379249950630	-0.003239201712255	-1.541845798158601	NO_EDGE
binance	xrpusdt	20260327	trade	signed_trade_volume_imbalance	500	250	0.200000	239705	0.901841140498957	-0.004207427696650	-2.008499045550843	NO_EDGE
binance	xrpusdt	20260327	trade	signed_trade_volume_imbalance	500	500	0.050000	247776	0.876539820648770	0.008804999450774	3.476058967470500	NO_EDGE
binance	xrpusdt	20260327	trade	signed_trade_volume_imbalance	500	500	0.100000	245073	0.885378782250190	0.008178084642685	3.233840726038802	NO_EDGE
binance	xrpusdt	20260327	trade	signed_trade_volume_imbalance	500	500	0.200000	239704	0.901840730998658	0.008384674977505	3.319448234042178	NO_EDGE
binance	xrpusdt	20260328	trade	signed_trade_volume_imbalance	100	100	0.050000	195795	0.965226460573189	-0.138370117798440	-80.935256601316084	NO_EDGE
binance	xrpusdt	20260328	trade	signed_trade_volume_imbalance	100	100	0.100000	195188	0.967998232800191	-0.138770700127178	-81.225840018709278	NO_EDGE
binance	xrpusdt	20260328	trade	signed_trade_volume_imbalance	100	100	0.200000	193955	0.973208455854185	-0.140102881607190	-82.287492095713517	NO_EDGE
binance	xrpusdt	20260328	trade	signed_trade_volume_imbalance	100	250	0.050000	195794	0.965226282970507	-0.126881410889779	-63.567609840589277	NO_EDGE
binance	xrpusdt	20260328	trade	signed_trade_volume_imbalance	100	250	0.100000	195187	0.967998068845793	-0.126877296901572	-63.753592296782159	NO_EDGE
binance	xrpusdt	20260328	trade	signed_trade_volume_imbalance	100	250	0.200000	193954	0.973208317720689	-0.128136560374505	-64.805320035016663	NO_EDGE
binance	xrpusdt	20260328	trade	signed_trade_volume_imbalance	100	500	0.050000	195794	0.965226282970507	-0.115930871905743	-46.605154933230025	NO_EDGE
binance	xrpusdt	20260328	trade	signed_trade_volume_imbalance	100	500	0.100000	195187	0.967998068845793	-0.116297658738314	-47.125094572114101	NO_EDGE
binance	xrpusdt	20260328	trade	signed_trade_volume_imbalance	100	500	0.200000	193954	0.973208317720689	-0.116047199294603	-47.680527368968285	NO_EDGE
binance	xrpusdt	20260328	trade	signed_trade_volume_imbalance	250	100	0.050000	195230	0.933976911272996	-0.102353142275040	-59.301653738522660	NO_EDGE
binance	xrpusdt	20260328	trade	signed_trade_volume_imbalance	250	100	0.100000	194013	0.939366718715100	-0.103720988902719	-60.177458241212427	NO_EDGE
binance	xrpusdt	20260328	trade	signed_trade_volume_imbalance	250	100	0.200000	191664	0.949037659244439	-0.104909425293382	-61.102852171551660	NO_EDGE
binance	xrpusdt	20260328	trade	signed_trade_volume_imbalance	250	250	0.050000	195229	0.933976573090202	-0.089439113420281	-44.529871221313314	NO_EDGE
binance	xrpusdt	20260328	trade	signed_trade_volume_imbalance	250	250	0.100000	194012	0.939366406191744	-0.090584952882263	-45.295040641694747	NO_EDGE
binance	xrpusdt	20260328	trade	signed_trade_volume_imbalance	250	250	0.200000	191663	0.949037393348879	-0.091508650150695	-46.154734587670532	NO_EDGE
binance	xrpusdt	20260328	trade	signed_trade_volume_imbalance	250	500	0.050000	195229	0.933976573090202	-0.076016554879629	-30.287579290733557	NO_EDGE
binance	xrpusdt	20260328	trade	signed_trade_volume_imbalance	250	500	0.100000	194012	0.939366406191744	-0.075122718298933	-30.225037053589457	NO_EDGE
binance	xrpusdt	20260328	trade	signed_trade_volume_imbalance	250	500	0.200000	191663	0.949037393348879	-0.075420213930010	-30.918854909999848	NO_EDGE
binance	xrpusdt	20260328	trade	signed_trade_volume_imbalance	500	100	0.050000	194516	0.894428486744175	-0.064670261600362	-37.208038129532234	NO_EDGE
binance	xrpusdt	20260328	trade	signed_trade_volume_imbalance	500	100	0.100000	192586	0.902638860082188	-0.065953142386519	-37.818083307565196	NO_EDGE
binance	xrpusdt	20260328	trade	signed_trade_volume_imbalance	500	100	0.200000	188892	0.917377541313862	-0.066548970115463	-38.016453874675747	NO_EDGE
binance	xrpusdt	20260328	trade	signed_trade_volume_imbalance	500	250	0.050000	194515	0.894427944001902	-0.045914253134062	-22.690594889021078	NO_EDGE
binance	xrpusdt	20260328	trade	signed_trade_volume_imbalance	500	250	0.100000	192585	0.902638354533262	-0.046391949039042	-23.012528090372324	NO_EDGE
binance	xrpusdt	20260328	trade	signed_trade_volume_imbalance	500	250	0.200000	188891	0.917377103905734	-0.047166597774037	-23.487086091264100	NO_EDGE
binance	xrpusdt	20260328	trade	signed_trade_volume_imbalance	500	500	0.050000	194515	0.894427944001902	-0.021758856249065	-8.698190335064368	NO_EDGE
binance	xrpusdt	20260328	trade	signed_trade_volume_imbalance	500	500	0.100000	192585	0.902638354533262	-0.021709427131072	-8.761305473796122	NO_EDGE
binance	xrpusdt	20260328	trade	signed_trade_volume_imbalance	500	500	0.200000	188891	0.917377103905734	-0.022392636883236	-9.105658800347641	NO_EDGE
bybit	adausdt	20260324	trade	signed_trade_volume_imbalance	100	100	0.050000	143398	0.978812965134857	0.450295986590487	54.864650138925526	DIRECTIONAL
bybit	adausdt	20260324	trade	signed_trade_volume_imbalance	100	100	0.100000	143126	0.980536726957333	0.452448152220381	55.081163295010633	DIRECTIONAL
bybit	adausdt	20260324	trade	signed_trade_volume_imbalance	100	100	0.200000	142713	0.982934120869536	0.454376386354005	55.274900592803533	DIRECTIONAL
bybit	adausdt	20260324	trade	signed_trade_volume_imbalance	100	250	0.050000	143398	0.978812965134857	0.465587220096194	54.110803752251606	DIRECTIONAL
bybit	adausdt	20260324	trade	signed_trade_volume_imbalance	100	250	0.100000	143126	0.980536726957333	0.467893411164750	54.347564436241555	DIRECTIONAL
bybit	adausdt	20260324	trade	signed_trade_volume_imbalance	100	250	0.200000	142713	0.982934120869536	0.469472774986810	54.514861986160376	DIRECTIONAL
bybit	adausdt	20260324	trade	signed_trade_volume_imbalance	100	500	0.050000	143398	0.978812965134857	0.495715953305974	52.230900112300425	DIRECTIONAL
bybit	adausdt	20260324	trade	signed_trade_volume_imbalance	100	500	0.100000	143126	0.980536726957333	0.497950096389123	52.426021440930313	DIRECTIONAL
bybit	adausdt	20260324	trade	signed_trade_volume_imbalance	100	500	0.200000	142713	0.982934120869536	0.499325394059537	52.539043931852817	DIRECTIONAL
bybit	adausdt	20260324	trade	signed_trade_volume_imbalance	250	100	0.050000	143127	0.968588881047445	0.445886372810264	54.250734025983768	DIRECTIONAL
bybit	adausdt	20260324	trade	signed_trade_volume_imbalance	250	100	0.100000	142717	0.971160141400081	0.448481713982919	54.512237513116709	DIRECTIONAL
bybit	adausdt	20260324	trade	signed_trade_volume_imbalance	250	100	0.200000	142059	0.974970393563263	0.449474348413788	54.588191897614877	DIRECTIONAL
bybit	adausdt	20260324	trade	signed_trade_volume_imbalance	250	250	0.050000	143127	0.968588881047445	0.464631314203832	53.943418162634160	DIRECTIONAL
bybit	adausdt	20260324	trade	signed_trade_volume_imbalance	250	250	0.100000	142717	0.971160141400081	0.467409424274391	54.218745295933822	DIRECTIONAL
bybit	adausdt	20260324	trade	signed_trade_volume_imbalance	250	250	0.200000	142059	0.974970393563263	0.466447325940068	54.101455035792881	DIRECTIONAL
bybit	adausdt	20260324	trade	signed_trade_volume_imbalance	250	500	0.050000	143127	0.968588881047445	0.486589215489415	51.194176372356203	DIRECTIONAL
bybit	adausdt	20260324	trade	signed_trade_volume_imbalance	250	500	0.100000	142717	0.971160141400081	0.489834130439177	51.485485724237058	DIRECTIONAL
bybit	adausdt	20260324	trade	signed_trade_volume_imbalance	250	500	0.200000	142059	0.974970393563263	0.485945340940620	51.204334355009983	DIRECTIONAL
bybit	adausdt	20260324	trade	signed_trade_volume_imbalance	500	100	0.050000	142980	0.956662577840556	0.440652493539816	53.550107684146589	DIRECTIONAL
bybit	adausdt	20260324	trade	signed_trade_volume_imbalance	500	100	0.100000	142422	0.960118012273724	0.442855842048067	53.684098882339562	DIRECTIONAL
bybit	adausdt	20260324	trade	signed_trade_volume_imbalance	500	100	0.200000	141500	0.965401148804847	0.444940973085779	53.789180851383328	DIRECTIONAL
bybit	adausdt	20260324	trade	signed_trade_volume_imbalance	500	250	0.050000	142980	0.956662577840556	0.460847578123720	53.447754676602507	DIRECTIONAL
bybit	adausdt	20260324	trade	signed_trade_volume_imbalance	500	250	0.100000	142422	0.960118012273724	0.463265132216218	53.591472071464743	DIRECTIONAL
bybit	adausdt	20260324	trade	signed_trade_volume_imbalance	500	250	0.200000	141500	0.965401148804847	0.463511173248852	53.495342602958296	DIRECTIONAL
bybit	adausdt	20260324	trade	signed_trade_volume_imbalance	500	500	0.050000	142980	0.956662577840556	0.477435684231673	50.167650112667637	DIRECTIONAL
bybit	adausdt	20260324	trade	signed_trade_volume_imbalance	500	500	0.100000	142422	0.960118012273724	0.480237596187281	50.336194096888192	DIRECTIONAL
bybit	adausdt	20260324	trade	signed_trade_volume_imbalance	500	500	0.200000	141500	0.965401148804847	0.478323073090045	50.169738051249787	DIRECTIONAL
bybit	adausdt	20260325	trade	signed_trade_volume_imbalance	100	100	0.050000	145200	0.973934558189536	0.399209834778939	49.542273844770335	DIRECTIONAL
bybit	adausdt	20260325	trade	signed_trade_volume_imbalance	100	100	0.100000	144899	0.975806012495298	0.400366241068246	49.615960071092964	DIRECTIONAL
bybit	adausdt	20260325	trade	signed_trade_volume_imbalance	100	100	0.200000	144321	0.979098987613104	0.405381569064572	50.138531241522728	DIRECTIONAL
bybit	adausdt	20260325	trade	signed_trade_volume_imbalance	100	250	0.050000	145200	0.973934558189536	0.387152760478809	44.836245605386402	DIRECTIONAL
bybit	adausdt	20260325	trade	signed_trade_volume_imbalance	100	250	0.100000	144899	0.975806012495298	0.387998429690374	44.882938785425544	DIRECTIONAL
bybit	adausdt	20260325	trade	signed_trade_volume_imbalance	100	250	0.200000	144321	0.979098987613104	0.393665065187272	45.480083231248763	DIRECTIONAL
bybit	adausdt	20260325	trade	signed_trade_volume_imbalance	100	500	0.050000	145200	0.973934558189536	0.390427720907363	43.213595413907349	DIRECTIONAL
bybit	adausdt	20260325	trade	signed_trade_volume_imbalance	100	500	0.100000	144899	0.975806012495298	0.391712141623687	43.308545294876659	DIRECTIONAL
bybit	adausdt	20260325	trade	signed_trade_volume_imbalance	100	500	0.200000	144321	0.979098987613104	0.397135674481780	43.852400083652100	DIRECTIONAL
bybit	adausdt	20260325	trade	signed_trade_volume_imbalance	250	100	0.050000	144941	0.963245235800174	0.410707307943827	50.925951190210860	DIRECTIONAL
bybit	adausdt	20260325	trade	signed_trade_volume_imbalance	250	100	0.100000	144489	0.966029439169811	0.412544468683737	51.056423181395857	DIRECTIONAL
bybit	adausdt	20260325	trade	signed_trade_volume_imbalance	250	100	0.200000	143664	0.970726147086811	0.417638638842258	51.525707419662808	DIRECTIONAL
bybit	adausdt	20260325	trade	signed_trade_volume_imbalance	250	250	0.050000	144941	0.963245235800174	0.401184062863847	46.406843965504507	DIRECTIONAL
bybit	adausdt	20260325	trade	signed_trade_volume_imbalance	250	250	0.100000	144489	0.966029439169811	0.402811699723173	46.510174094424542	DIRECTIONAL
bybit	adausdt	20260325	trade	signed_trade_volume_imbalance	250	250	0.200000	143664	0.970726147086811	0.408658893145180	47.058168362825796	DIRECTIONAL
bybit	adausdt	20260325	trade	signed_trade_volume_imbalance	250	500	0.050000	144941	0.963245235800174	0.407268333928922	45.045617650610659	DIRECTIONAL
bybit	adausdt	20260325	trade	signed_trade_volume_imbalance	250	500	0.100000	144489	0.966029439169811	0.409398685145242	45.204374477737794	DIRECTIONAL
bybit	adausdt	20260325	trade	signed_trade_volume_imbalance	250	500	0.200000	143664	0.970726147086811	0.414512898117306	45.656435965093820	DIRECTIONAL
bybit	adausdt	20260325	trade	signed_trade_volume_imbalance	500	100	0.050000	144711	0.950476547128907	0.409043838563375	50.678906632014971	DIRECTIONAL
bybit	adausdt	20260325	trade	signed_trade_volume_imbalance	500	100	0.100000	144080	0.954315896726820	0.410942143880657	50.783198148748546	DIRECTIONAL
bybit	adausdt	20260325	trade	signed_trade_volume_imbalance	500	100	0.200000	143018	0.960293467542828	0.414392356359690	51.004385162754211	DIRECTIONAL
bybit	adausdt	20260325	trade	signed_trade_volume_imbalance	500	250	0.050000	144711	0.950476547128907	0.405436584851471	46.859875445786564	DIRECTIONAL
bybit	adausdt	20260325	trade	signed_trade_volume_imbalance	500	250	0.100000	144080	0.954315896726820	0.407716008287176	47.005928824596928	DIRECTIONAL
bybit	adausdt	20260325	trade	signed_trade_volume_imbalance	500	250	0.200000	143018	0.960293467542828	0.410878856644870	47.174527975640849	DIRECTIONAL
bybit	adausdt	20260325	trade	signed_trade_volume_imbalance	500	500	0.050000	144711	0.950476547128907	0.412143662772856	45.582894260704215	DIRECTIONAL
bybit	adausdt	20260325	trade	signed_trade_volume_imbalance	500	500	0.100000	144080	0.954315896726820	0.413114801676570	45.584992258868631	DIRECTIONAL
bybit	adausdt	20260325	trade	signed_trade_volume_imbalance	500	500	0.200000	143018	0.960293467542828	0.414837395668406	45.614379239993916	DIRECTIONAL
bybit	adausdt	20260326	trade	signed_trade_volume_imbalance	100	100	0.050000	129132	0.969266807388610	0.320244353833378	38.017069164554059	DIRECTIONAL
bybit	adausdt	20260326	trade	signed_trade_volume_imbalance	100	100	0.100000	128798	0.971583260170576	0.320949268484748	38.049978533102163	DIRECTIONAL
bybit	adausdt	20260326	trade	signed_trade_volume_imbalance	100	100	0.200000	128051	0.976388273057468	0.321386103197635	38.006681218652822	DIRECTIONAL
bybit	adausdt	20260326	trade	signed_trade_volume_imbalance	100	250	0.050000	129132	0.969266807388610	0.305477955806805	31.026060119347090	DIRECTIONAL
bybit	adausdt	20260326	trade	signed_trade_volume_imbalance	100	250	0.100000	128798	0.971583260170576	0.306526806096000	31.127836405118323	DIRECTIONAL
bybit	adausdt	20260326	trade	signed_trade_volume_imbalance	100	250	0.200000	128051	0.976388273057468	0.304451812358476	30.921772826235951	DIRECTIONAL
bybit	adausdt	20260326	trade	signed_trade_volume_imbalance	100	500	0.050000	129132	0.969266807388610	0.337716329563498	30.447470734871182	DIRECTIONAL
bybit	adausdt	20260326	trade	signed_trade_volume_imbalance	100	500	0.100000	128798	0.971583260170576	0.338730418854379	30.512386682263479	DIRECTIONAL
bybit	adausdt	20260326	trade	signed_trade_volume_imbalance	100	500	0.200000	128051	0.976388273057468	0.337331594173275	30.358909677728381	DIRECTIONAL
bybit	adausdt	20260326	trade	signed_trade_volume_imbalance	250	100	0.050000	128808	0.953563212086042	0.337260952827881	40.012602890214879	DIRECTIONAL
bybit	adausdt	20260326	trade	signed_trade_volume_imbalance	250	100	0.100000	128308	0.956989134599228	0.337281434964544	39.946879791548298	DIRECTIONAL
bybit	adausdt	20260326	trade	signed_trade_volume_imbalance	250	100	0.200000	127180	0.964146085953115	0.338793241477458	40.004197203057387	DIRECTIONAL
bybit	adausdt	20260326	trade	signed_trade_volume_imbalance	250	250	0.050000	128808	0.953563212086042	0.330085070597356	33.504150126059784	DIRECTIONAL
bybit	adausdt	20260326	trade	signed_trade_volume_imbalance	250	250	0.100000	128308	0.956989134599228	0.329859491539069	33.454748267562813	DIRECTIONAL
bybit	adausdt	20260326	trade	signed_trade_volume_imbalance	250	250	0.200000	127180	0.964146085953115	0.326904787413959	33.176847860102768	DIRECTIONAL
bybit	adausdt	20260326	trade	signed_trade_volume_imbalance	250	500	0.050000	128808	0.953563212086042	0.364666251182506	32.882710012764420	DIRECTIONAL
bybit	adausdt	20260326	trade	signed_trade_volume_imbalance	250	500	0.100000	128308	0.956989134599228	0.364261000511005	32.827808219850063	DIRECTIONAL
bybit	adausdt	20260326	trade	signed_trade_volume_imbalance	250	500	0.200000	127180	0.964146085953115	0.362742943213943	32.615527069867248	DIRECTIONAL
bybit	adausdt	20260326	trade	signed_trade_volume_imbalance	500	100	0.050000	128693	0.937020199516261	0.327449159000813	38.824596821137419	DIRECTIONAL
bybit	adausdt	20260326	trade	signed_trade_volume_imbalance	500	100	0.100000	128070	0.941214181765065	0.327607218544207	38.759348128506325	DIRECTIONAL
bybit	adausdt	20260326	trade	signed_trade_volume_imbalance	500	100	0.200000	126574	0.950546522583328	0.333017598512808	39.274913465145033	DIRECTIONAL
bybit	adausdt	20260326	trade	signed_trade_volume_imbalance	500	250	0.050000	128693	0.937020199516261	0.315796917919398	32.012720505639393	DIRECTIONAL
bybit	adausdt	20260326	trade	signed_trade_volume_imbalance	500	250	0.100000	128070	0.941214181765065	0.314176830656581	31.840944958334813	DIRECTIONAL
bybit	adausdt	20260326	trade	signed_trade_volume_imbalance	500	250	0.200000	126574	0.950546522583328	0.314136024009280	31.857330131598296	DIRECTIONAL
bybit	adausdt	20260326	trade	signed_trade_volume_imbalance	500	500	0.050000	128693	0.937020199516261	0.353389601585337	31.852923449512932	DIRECTIONAL
bybit	adausdt	20260326	trade	signed_trade_volume_imbalance	500	500	0.100000	128070	0.941214181765065	0.352983941403626	31.829251170913679	DIRECTIONAL
bybit	adausdt	20260326	trade	signed_trade_volume_imbalance	500	500	0.200000	126574	0.950546522583328	0.353764581450401	31.858336159799414	DIRECTIONAL
bybit	adausdt	20260327	trade	signed_trade_volume_imbalance	100	100	0.050000	126448	0.965185708961296	0.196346904882125	20.577769384175358	NO_EDGE
bybit	adausdt	20260327	trade	signed_trade_volume_imbalance	100	100	0.100000	126109	0.967585326454176	0.197441326721199	20.664115024896809	NO_EDGE
bybit	adausdt	20260327	trade	signed_trade_volume_imbalance	100	100	0.200000	125529	0.971362163701033	0.199390685023657	20.831848262098696	NO_EDGE
bybit	adausdt	20260327	trade	signed_trade_volume_imbalance	100	250	0.050000	126448	0.965185708961296	0.136854288749282	13.024219353734120	NO_EDGE
bybit	adausdt	20260327	trade	signed_trade_volume_imbalance	100	250	0.100000	126109	0.967585326454176	0.137173849987621	13.042957981486019	NO_EDGE
bybit	adausdt	20260327	trade	signed_trade_volume_imbalance	100	250	0.200000	125529	0.971362163701033	0.140483464150970	13.342182637696048	NO_EDGE
bybit	adausdt	20260327	trade	signed_trade_volume_imbalance	100	500	0.050000	126448	0.965185708961296	0.219997296967291	18.400495382632471	DIRECTIONAL
bybit	adausdt	20260327	trade	signed_trade_volume_imbalance	100	500	0.100000	126109	0.967585326454176	0.219742537868292	18.367544941086948	DIRECTIONAL
bybit	adausdt	20260327	trade	signed_trade_volume_imbalance	100	500	0.200000	125529	0.971362163701033	0.221665582281084	18.504013358637408	DIRECTIONAL
bybit	adausdt	20260327	trade	signed_trade_volume_imbalance	250	100	0.050000	126224	0.946898137613299	0.202579160180240	21.212738819548498	DIRECTIONAL
bybit	adausdt	20260327	trade	signed_trade_volume_imbalance	250	100	0.100000	125708	0.950479690541694	0.204000273339823	21.319365735143723	DIRECTIONAL
bybit	adausdt	20260327	trade	signed_trade_volume_imbalance	250	100	0.200000	124809	0.956237786029438	0.201612625571461	21.010505331005120	DIRECTIONAL
bybit	adausdt	20260327	trade	signed_trade_volume_imbalance	250	250	0.050000	126224	0.946898137613299	0.169913526094100	16.150992344349778	NO_EDGE
bybit	adausdt	20260327	trade	signed_trade_volume_imbalance	250	250	0.100000	125708	0.950479690541694	0.171553240190241	16.278397623732801	NO_EDGE
bybit	adausdt	20260327	trade	signed_trade_volume_imbalance	250	250	0.200000	124809	0.956237786029438	0.170642021226252	16.158431919538803	NO_EDGE
bybit	adausdt	20260327	trade	signed_trade_volume_imbalance	250	500	0.050000	126224	0.946898137613299	0.262346416162951	21.897498236356903	DIRECTIONAL
bybit	adausdt	20260327	trade	signed_trade_volume_imbalance	250	500	0.100000	125708	0.950479690541694	0.266381662252330	22.199255912908402	DIRECTIONAL
bybit	adausdt	20260327	trade	signed_trade_volume_imbalance	250	500	0.200000	124809	0.956237786029438	0.264153053415519	21.974748542234945	DIRECTIONAL
bybit	adausdt	20260327	trade	signed_trade_volume_imbalance	500	100	0.050000	125960	0.924914050509730	0.221226335122668	23.152355078539046	DIRECTIONAL
bybit	adausdt	20260327	trade	signed_trade_volume_imbalance	500	100	0.100000	125250	0.929732707082794	0.222312535108583	23.193831859053059	DIRECTIONAL
bybit	adausdt	20260327	trade	signed_trade_volume_imbalance	500	100	0.200000	123958	0.937848276594616	0.222831223326479	23.113447015458465	DIRECTIONAL
bybit	adausdt	20260327	trade	signed_trade_volume_imbalance	500	250	0.050000	125960	0.924914050509730	0.196950496115444	18.711751103040282	NO_EDGE
bybit	adausdt	20260327	trade	signed_trade_volume_imbalance	500	250	0.100000	125250	0.929732707082794	0.197623885169694	18.736973971107258	NO_EDGE
bybit	adausdt	20260327	trade	signed_trade_volume_imbalance	500	250	0.200000	123958	0.937848276594616	0.199415904034295	18.822289721133068	NO_EDGE
bybit	adausdt	20260327	trade	signed_trade_volume_imbalance	500	500	0.050000	125960	0.924914050509730	0.294590946237170	24.583171760157018	DIRECTIONAL
bybit	adausdt	20260327	trade	signed_trade_volume_imbalance	500	500	0.100000	125250	0.929732707082794	0.293786602401809	24.479596247828812	DIRECTIONAL
bybit	adausdt	20260327	trade	signed_trade_volume_imbalance	500	500	0.200000	123958	0.937848276594616	0.292599430280149	24.290393535100623	DIRECTIONAL
bybit	adausdt	20260328	trade	signed_trade_volume_imbalance	100	100	0.050000	87086	0.973513575738184	0.279599545096159	26.268468105500791	DIRECTIONAL
bybit	adausdt	20260328	trade	signed_trade_volume_imbalance	100	100	0.100000	86962	0.974796205787482	0.280976753807996	26.380814153469892	DIRECTIONAL
bybit	adausdt	20260328	trade	signed_trade_volume_imbalance	100	100	0.200000	86661	0.977644576244562	0.287039364040396	26.942526503658922	DIRECTIONAL
bybit	adausdt	20260328	trade	signed_trade_volume_imbalance	100	250	0.050000	87086	0.973513575738184	0.313324966991475	27.052697014694015	DIRECTIONAL
bybit	adausdt	20260328	trade	signed_trade_volume_imbalance	100	250	0.100000	86962	0.974796205787482	0.314800519023015	27.163537185459621	DIRECTIONAL
bybit	adausdt	20260328	trade	signed_trade_volume_imbalance	100	250	0.200000	86661	0.977644576244562	0.320595447284204	27.648548912010579	DIRECTIONAL
bybit	adausdt	20260328	trade	signed_trade_volume_imbalance	100	500	0.050000	87085	0.973513271593679	0.357345559966584	27.909965838319224	DIRECTIONAL
bybit	adausdt	20260328	trade	signed_trade_volume_imbalance	100	500	0.100000	86961	0.974795915958775	0.358144538562000	27.976868361991034	DIRECTIONAL
bybit	adausdt	20260328	trade	signed_trade_volume_imbalance	100	500	0.200000	86660	0.977644318277522	0.363770099334905	28.419960675875430	DIRECTIONAL
bybit	adausdt	20260328	trade	signed_trade_volume_imbalance	250	100	0.050000	86846	0.959490986882319	0.245525369172612	23.011377849835501	DIRECTIONAL
bybit	adausdt	20260328	trade	signed_trade_volume_imbalance	250	100	0.100000	86576	0.962243739381662	0.246145400294362	23.053276583971421	DIRECTIONAL
bybit	adausdt	20260328	trade	signed_trade_volume_imbalance	250	100	0.200000	85956	0.968068658187965	0.255876240248112	23.948274326805198	DIRECTIONAL
bybit	adausdt	20260328	trade	signed_trade_volume_imbalance	250	250	0.050000	86846	0.959490986882319	0.269445163176136	23.201991594944982	DIRECTIONAL
bybit	adausdt	20260328	trade	signed_trade_volume_imbalance	250	250	0.100000	86576	0.962243739381662	0.269961948945190	23.226241876371738	DIRECTIONAL
bybit	adausdt	20260328	trade	signed_trade_volume_imbalance	250	250	0.200000	85956	0.968068658187965	0.280882059233443	24.154105178011918	DIRECTIONAL
bybit	adausdt	20260328	trade	signed_trade_volume_imbalance	250	500	0.050000	86845	0.959490520430444	0.345892104266070	26.959724130517539	DIRECTIONAL
bybit	adausdt	20260328	trade	signed_trade_volume_imbalance	250	500	0.100000	86575	0.962243303271230	0.348238644014631	27.117525947151169	DIRECTIONAL
bybit	adausdt	20260328	trade	signed_trade_volume_imbalance	250	500	0.200000	85955	0.968068286698909	0.357773517677429	27.881965951835546	DIRECTIONAL
bybit	adausdt	20260328	trade	signed_trade_volume_imbalance	500	100	0.050000	86687	0.944254248517831	0.284635614990991	26.686727838796511	DIRECTIONAL
bybit	adausdt	20260328	trade	signed_trade_volume_imbalance	500	100	0.100000	86339	0.947765204807439	0.285784062764394	26.746259749781181	DIRECTIONAL
bybit	adausdt	20260328	trade	signed_trade_volume_imbalance	500	100	0.200000	85447	0.956093839506866	0.291536455141344	27.207220594176945	DIRECTIONAL
bybit	adausdt	20260328	trade	signed_trade_volume_imbalance	500	250	0.050000	86687	0.944254248517831	0.323599060915379	27.880827074534594	DIRECTIONAL
bybit	adausdt	20260328	trade	signed_trade_volume_imbalance	500	250	0.100000	86339	0.947765204807439	0.326751920338161	28.107173714465862	DIRECTIONAL
bybit	adausdt	20260328	trade	signed_trade_volume_imbalance	500	250	0.200000	85447	0.956093839506866	0.331590098338760	28.473069063010620	DIRECTIONAL
bybit	adausdt	20260328	trade	signed_trade_volume_imbalance	500	500	0.050000	86686	0.944253605441077	0.392255409897773	30.602756100488904	DIRECTIONAL
bybit	adausdt	20260328	trade	signed_trade_volume_imbalance	500	500	0.100000	86338	0.947764599803904	0.394532018055352	30.725227375186133	DIRECTIONAL
bybit	adausdt	20260328	trade	signed_trade_volume_imbalance	500	500	0.200000	85446	0.956093325659987	0.401923259776788	31.279359917071513	DIRECTIONAL
bybit	avaxusdt	20260324	trade	signed_trade_volume_imbalance	100	100	0.050000	177447	0.979855851397702	0.401615155700984	98.716443069016449	DIRECTIONAL
bybit	avaxusdt	20260324	trade	signed_trade_volume_imbalance	100	100	0.100000	177166	0.981291298038372	0.402448121468901	98.828023211964435	DIRECTIONAL
bybit	avaxusdt	20260324	trade	signed_trade_volume_imbalance	100	100	0.200000	176577	0.984065172356294	0.403931014212626	98.992230732856370	DIRECTIONAL
bybit	avaxusdt	20260324	trade	signed_trade_volume_imbalance	100	250	0.050000	177447	0.979855851397702	0.479434155912981	107.338949476403656	DIRECTIONAL
bybit	avaxusdt	20260324	trade	signed_trade_volume_imbalance	100	250	0.100000	177166	0.981291298038372	0.480224587528294	107.423750729363690	DIRECTIONAL
bybit	avaxusdt	20260324	trade	signed_trade_volume_imbalance	100	250	0.200000	176577	0.984065172356294	0.482339792441869	107.714538484697030	DIRECTIONAL
bybit	avaxusdt	20260324	trade	signed_trade_volume_imbalance	100	500	0.050000	177447	0.979855851397702	0.540655374133396	110.652191449570793	DIRECTIONAL
bybit	avaxusdt	20260324	trade	signed_trade_volume_imbalance	100	500	0.100000	177166	0.981291298038372	0.541313020204543	110.702540920833911	DIRECTIONAL
bybit	avaxusdt	20260324	trade	signed_trade_volume_imbalance	100	500	0.200000	176577	0.984065172356294	0.543551894602598	111.009243897744184	DIRECTIONAL
bybit	avaxusdt	20260324	trade	signed_trade_volume_imbalance	250	100	0.050000	177259	0.968681126844226	0.394943161567789	96.933678998169583	DIRECTIONAL
bybit	avaxusdt	20260324	trade	signed_trade_volume_imbalance	250	100	0.100000	176812	0.970940693855728	0.395856466749364	97.003537391955021	DIRECTIONAL
bybit	avaxusdt	20260324	trade	signed_trade_volume_imbalance	250	100	0.200000	175862	0.975376375250200	0.397245824096189	96.994864344817017	DIRECTIONAL
bybit	avaxusdt	20260324	trade	signed_trade_volume_imbalance	250	250	0.050000	177259	0.968681126844226	0.475185528622308	106.247200262942059	DIRECTIONAL
bybit	avaxusdt	20260324	trade	signed_trade_volume_imbalance	250	250	0.100000	176812	0.970940693855728	0.476124983720889	106.289469824979648	DIRECTIONAL
bybit	avaxusdt	20260324	trade	signed_trade_volume_imbalance	250	250	0.200000	175862	0.975376375250200	0.477932055579717	106.383452684983368	DIRECTIONAL
bybit	avaxusdt	20260324	trade	signed_trade_volume_imbalance	250	500	0.050000	177259	0.968681126844226	0.533356445863928	109.001247695364654	DIRECTIONAL
bybit	avaxusdt	20260324	trade	signed_trade_volume_imbalance	250	500	0.100000	176812	0.970940693855728	0.534351571173937	109.067188696455759	DIRECTIONAL
bybit	avaxusdt	20260324	trade	signed_trade_volume_imbalance	250	500	0.200000	175862	0.975376375250200	0.536836357980895	109.368725737011360	DIRECTIONAL
bybit	avaxusdt	20260324	trade	signed_trade_volume_imbalance	500	100	0.050000	177023	0.954942385741767	0.381767972555710	93.453505077403108	DIRECTIONAL
bybit	avaxusdt	20260324	trade	signed_trade_volume_imbalance	500	100	0.100000	176321	0.958447333729835	0.383356044645828	93.625611718522180	DIRECTIONAL
bybit	avaxusdt	20260324	trade	signed_trade_volume_imbalance	500	100	0.200000	175002	0.964559023171811	0.385992088496980	93.822474068129779	DIRECTIONAL
bybit	avaxusdt	20260324	trade	signed_trade_volume_imbalance	500	250	0.050000	177023	0.954942385741767	0.460540379175662	102.686371133938593	DIRECTIONAL
bybit	avaxusdt	20260324	trade	signed_trade_volume_imbalance	500	250	0.100000	176321	0.958447333729835	0.462349482219822	102.859913065152767	DIRECTIONAL
bybit	avaxusdt	20260324	trade	signed_trade_volume_imbalance	500	250	0.200000	175002	0.964559023171811	0.465544393374934	103.169025647720304	DIRECTIONAL
bybit	avaxusdt	20260324	trade	signed_trade_volume_imbalance	500	500	0.050000	177023	0.954942385741767	0.517175047848127	105.397577537867065	DIRECTIONAL
bybit	avaxusdt	20260324	trade	signed_trade_volume_imbalance	500	500	0.100000	176321	0.958447333729835	0.519324362298419	105.653422813948865	DIRECTIONAL
bybit	avaxusdt	20260324	trade	signed_trade_volume_imbalance	500	500	0.200000	175002	0.964559023171811	0.523741683250349	106.256386163873202	DIRECTIONAL
bybit	avaxusdt	20260325	trade	signed_trade_volume_imbalance	100	100	0.050000	127318	0.979742409273443	0.442489385190405	110.026925902705699	DIRECTIONAL
bybit	avaxusdt	20260325	trade	signed_trade_volume_imbalance	100	100	0.100000	127090	0.981361649644968	0.443208856528940	110.127703824492983	DIRECTIONAL
bybit	avaxusdt	20260325	trade	signed_trade_volume_imbalance	100	100	0.200000	126579	0.984717301912948	0.445374816631968	110.491284788078161	DIRECTIONAL
bybit	avaxusdt	20260325	trade	signed_trade_volume_imbalance	100	250	0.050000	127318	0.979742409273443	0.528001612036349	110.184321429864269	DIRECTIONAL
bybit	avaxusdt	20260325	trade	signed_trade_volume_imbalance	100	250	0.100000	127090	0.981361649644968	0.529567648137633	110.489947995816479	DIRECTIONAL
bybit	avaxusdt	20260325	trade	signed_trade_volume_imbalance	100	250	0.200000	126579	0.984717301912948	0.533073965277458	111.203024662551670	DIRECTIONAL
bybit	avaxusdt	20260325	trade	signed_trade_volume_imbalance	100	500	0.050000	127318	0.979742409273443	0.583920608613435	108.331481019644997	DIRECTIONAL
bybit	avaxusdt	20260325	trade	signed_trade_volume_imbalance	100	500	0.100000	127090	0.981361649644968	0.585134670263052	108.474757919964219	DIRECTIONAL
bybit	avaxusdt	20260325	trade	signed_trade_volume_imbalance	100	500	0.200000	126579	0.984717301912948	0.589071177450245	109.067444570495738	DIRECTIONAL
bybit	avaxusdt	20260325	trade	signed_trade_volume_imbalance	250	100	0.050000	126956	0.968537498517514	0.442477694469738	109.782366252659301	DIRECTIONAL
bybit	avaxusdt	20260325	trade	signed_trade_volume_imbalance	250	100	0.100000	126628	0.970846472125951	0.443802782511781	109.957073667481183	DIRECTIONAL
bybit	avaxusdt	20260325	trade	signed_trade_volume_imbalance	250	100	0.200000	125841	0.975953126638513	0.446830666818875	110.373874188485416	DIRECTIONAL
bybit	avaxusdt	20260325	trade	signed_trade_volume_imbalance	250	250	0.050000	126956	0.968537498517514	0.531446390677799	110.725936684105221	DIRECTIONAL
bybit	avaxusdt	20260325	trade	signed_trade_volume_imbalance	250	250	0.100000	126628	0.970846472125951	0.533436875669723	111.064267859967785	DIRECTIONAL
bybit	avaxusdt	20260325	trade	signed_trade_volume_imbalance	250	250	0.200000	125841	0.975953126638513	0.536669410335882	111.596534344162691	DIRECTIONAL
bybit	avaxusdt	20260325	trade	signed_trade_volume_imbalance	250	500	0.050000	126956	0.968537498517514	0.577902090662518	106.838317573423524	DIRECTIONAL
bybit	avaxusdt	20260325	trade	signed_trade_volume_imbalance	250	500	0.100000	126628	0.970846472125951	0.579843508264057	107.091384259761284	DIRECTIONAL
bybit	avaxusdt	20260325	trade	signed_trade_volume_imbalance	250	500	0.200000	125841	0.975953126638513	0.584498057330105	107.665710702451904	DIRECTIONAL
bybit	avaxusdt	20260325	trade	signed_trade_volume_imbalance	500	100	0.050000	126738	0.954083422149590	0.436545619422125	108.084635153176606	DIRECTIONAL
bybit	avaxusdt	20260325	trade	signed_trade_volume_imbalance	500	100	0.100000	126290	0.957197918763987	0.438265489956589	108.360126237108673	DIRECTIONAL
bybit	avaxusdt	20260325	trade	signed_trade_volume_imbalance	500	100	0.200000	125070	0.965055578509108	0.444812752576789	109.617411232011719	DIRECTIONAL
bybit	avaxusdt	20260325	trade	signed_trade_volume_imbalance	500	250	0.050000	126738	0.954083422149590	0.521501388827357	108.292591711433332	DIRECTIONAL
bybit	avaxusdt	20260325	trade	signed_trade_volume_imbalance	500	250	0.100000	126290	0.957197918763987	0.524144485531764	108.825519666150370	DIRECTIONAL
bybit	avaxusdt	20260325	trade	signed_trade_volume_imbalance	500	250	0.200000	125070	0.965055578509108	0.530309628000132	109.824815819820856	DIRECTIONAL
bybit	avaxusdt	20260325	trade	signed_trade_volume_imbalance	500	500	0.050000	126738	0.954083422149590	0.572132690312780	105.559836506065551	DIRECTIONAL
bybit	avaxusdt	20260325	trade	signed_trade_volume_imbalance	500	500	0.100000	126290	0.957197918763987	0.574396386861197	105.852763099235503	DIRECTIONAL
bybit	avaxusdt	20260325	trade	signed_trade_volume_imbalance	500	500	0.200000	125070	0.965055578509108	0.581623044313749	106.705126195392523	DIRECTIONAL
bybit	avaxusdt	20260326	trade	signed_trade_volume_imbalance	100	100	0.050000	147354	0.968926103989199	0.366740821768786	70.348602920388814	DIRECTIONAL
bybit	avaxusdt	20260326	trade	signed_trade_volume_imbalance	100	100	0.100000	146998	0.971091519947201	0.367723278402531	70.504384141985156	DIRECTIONAL
bybit	avaxusdt	20260326	trade	signed_trade_volume_imbalance	100	100	0.200000	146318	0.974913148252168	0.369081036320742	70.652403779759013	DIRECTIONAL
bybit	avaxusdt	20260326	trade	signed_trade_volume_imbalance	100	250	0.050000	147354	0.968926103989199	0.430653663797794	67.685633759162528	DIRECTIONAL
bybit	avaxusdt	20260326	trade	signed_trade_volume_imbalance	100	250	0.100000	146998	0.971091519947201	0.431929787756040	68.065690587318841	DIRECTIONAL
bybit	avaxusdt	20260326	trade	signed_trade_volume_imbalance	100	250	0.200000	146318	0.974913148252168	0.432638869025791	68.209419330032233	DIRECTIONAL
bybit	avaxusdt	20260326	trade	signed_trade_volume_imbalance	100	500	0.050000	147354	0.968926103989199	0.506560697473978	65.579670075565957	DIRECTIONAL
bybit	avaxusdt	20260326	trade	signed_trade_volume_imbalance	100	500	0.100000	146998	0.971091519947201	0.508327504501043	66.023900243917637	DIRECTIONAL
bybit	avaxusdt	20260326	trade	signed_trade_volume_imbalance	100	500	0.200000	146318	0.974913148252168	0.508903777076451	66.248633410916909	DIRECTIONAL
bybit	avaxusdt	20260326	trade	signed_trade_volume_imbalance	250	100	0.050000	146964	0.950147685357430	0.338384331969454	65.017615138362743	DIRECTIONAL
bybit	avaxusdt	20260326	trade	signed_trade_volume_imbalance	250	100	0.100000	146360	0.953759103327422	0.340086678934086	65.322031359144461	DIRECTIONAL
bybit	avaxusdt	20260326	trade	signed_trade_volume_imbalance	250	100	0.200000	145132	0.960568275037709	0.343446994212341	66.319786121720995	DIRECTIONAL
bybit	avaxusdt	20260326	trade	signed_trade_volume_imbalance	250	250	0.050000	146964	0.950147685357430	0.403919261557139	63.640701144924925	DIRECTIONAL
bybit	avaxusdt	20260326	trade	signed_trade_volume_imbalance	250	250	0.100000	146360	0.953759103327422	0.405583989226114	63.964907712892618	DIRECTIONAL
bybit	avaxusdt	20260326	trade	signed_trade_volume_imbalance	250	250	0.200000	145132	0.960568275037709	0.408220545022541	64.800786072585893	DIRECTIONAL
bybit	avaxusdt	20260326	trade	signed_trade_volume_imbalance	250	500	0.050000	146964	0.950147685357430	0.483024935667433	62.613607006088131	DIRECTIONAL
bybit	avaxusdt	20260326	trade	signed_trade_volume_imbalance	250	500	0.100000	146360	0.953759103327422	0.484835984912859	62.995732509314124	DIRECTIONAL
bybit	avaxusdt	20260326	trade	signed_trade_volume_imbalance	250	500	0.200000	145132	0.960568275037709	0.487926323609594	63.814468147794344	DIRECTIONAL
bybit	avaxusdt	20260326	trade	signed_trade_volume_imbalance	500	100	0.050000	146787	0.930918508139780	0.320354148811634	61.492043372488112	DIRECTIONAL
bybit	avaxusdt	20260326	trade	signed_trade_volume_imbalance	500	100	0.100000	145943	0.935864143579807	0.321690264765047	61.643360989915031	DIRECTIONAL
bybit	avaxusdt	20260326	trade	signed_trade_volume_imbalance	500	100	0.200000	144354	0.944504354071966	0.322879350946352	61.932956999152388	DIRECTIONAL
bybit	avaxusdt	20260326	trade	signed_trade_volume_imbalance	500	250	0.050000	146787	0.930918508139780	0.376827530521619	59.232432826281951	DIRECTIONAL
bybit	avaxusdt	20260326	trade	signed_trade_volume_imbalance	500	250	0.100000	145943	0.935864143579807	0.378514785291284	59.591881656439853	DIRECTIONAL
bybit	avaxusdt	20260326	trade	signed_trade_volume_imbalance	500	250	0.200000	144354	0.944504354071966	0.377654608451474	59.619590152110646	DIRECTIONAL
bybit	avaxusdt	20260326	trade	signed_trade_volume_imbalance	500	500	0.050000	146787	0.930918508139780	0.458421320100836	59.278045984805182	DIRECTIONAL
bybit	avaxusdt	20260326	trade	signed_trade_volume_imbalance	500	500	0.100000	145943	0.935864143579807	0.460596073978535	59.757119435390763	DIRECTIONAL
bybit	avaxusdt	20260326	trade	signed_trade_volume_imbalance	500	500	0.200000	144354	0.944504354071966	0.458614675546573	59.699839216791240	DIRECTIONAL
bybit	avaxusdt	20260327	trade	signed_trade_volume_imbalance	100	100	0.050000	150858	0.959759190420298	0.487309608979598	95.151110727236130	DIRECTIONAL
bybit	avaxusdt	20260327	trade	signed_trade_volume_imbalance	100	100	0.100000	150314	0.962960490687576	0.490670503265731	95.939422882932845	DIRECTIONAL
bybit	avaxusdt	20260327	trade	signed_trade_volume_imbalance	100	100	0.200000	149189	0.969106407249273	0.494038196786062	96.871598336337740	DIRECTIONAL
bybit	avaxusdt	20260327	trade	signed_trade_volume_imbalance	100	250	0.050000	150858	0.959759190420298	0.536960794307401	81.917197440065394	DIRECTIONAL
bybit	avaxusdt	20260327	trade	signed_trade_volume_imbalance	100	250	0.100000	150314	0.962960490687576	0.540564447086534	82.577534894234816	DIRECTIONAL
bybit	avaxusdt	20260327	trade	signed_trade_volume_imbalance	100	250	0.200000	149189	0.969106407249273	0.545568080105775	83.788954881531978	DIRECTIONAL
bybit	avaxusdt	20260327	trade	signed_trade_volume_imbalance	100	500	0.050000	150858	0.959759190420298	0.664353613186297	81.566014424462608	DIRECTIONAL
bybit	avaxusdt	20260327	trade	signed_trade_volume_imbalance	100	500	0.100000	150314	0.962960490687576	0.667339140089738	82.132905107974821	DIRECTIONAL
bybit	avaxusdt	20260327	trade	signed_trade_volume_imbalance	100	500	0.200000	149189	0.969106407249273	0.672291318460998	83.227918227689401	DIRECTIONAL
bybit	avaxusdt	20260327	trade	signed_trade_volume_imbalance	250	100	0.050000	150419	0.937572865812611	0.446529071000384	86.949928910396423	DIRECTIONAL
bybit	avaxusdt	20260327	trade	signed_trade_volume_imbalance	250	100	0.100000	149537	0.942662800733939	0.449923014562169	87.637800512045160	DIRECTIONAL
bybit	avaxusdt	20260327	trade	signed_trade_volume_imbalance	250	100	0.200000	147730	0.952340815685888	0.455644474483786	88.942491099480222	DIRECTIONAL
bybit	avaxusdt	20260327	trade	signed_trade_volume_imbalance	250	250	0.050000	150419	0.937572865812611	0.500716110853330	76.646342692986025	DIRECTIONAL
bybit	avaxusdt	20260327	trade	signed_trade_volume_imbalance	250	250	0.100000	149537	0.942662800733939	0.502799961829042	77.354593644772180	DIRECTIONAL
bybit	avaxusdt	20260327	trade	signed_trade_volume_imbalance	250	250	0.200000	147730	0.952340815685888	0.508099518672959	78.907784229616666	DIRECTIONAL
bybit	avaxusdt	20260327	trade	signed_trade_volume_imbalance	250	500	0.050000	150419	0.937572865812611	0.632373403823270	77.863654078560629	DIRECTIONAL
bybit	avaxusdt	20260327	trade	signed_trade_volume_imbalance	250	500	0.100000	149537	0.942662800733939	0.633904248849431	78.501032271570509	DIRECTIONAL
bybit	avaxusdt	20260327	trade	signed_trade_volume_imbalance	250	500	0.200000	147730	0.952340815685888	0.638982557053291	79.809658958850932	DIRECTIONAL
bybit	avaxusdt	20260327	trade	signed_trade_volume_imbalance	500	100	0.050000	150025	0.914282400960783	0.446167124072828	86.682937203573246	DIRECTIONAL
bybit	avaxusdt	20260327	trade	signed_trade_volume_imbalance	500	100	0.100000	148647	0.922066672321096	0.450330434357289	87.628942576546038	DIRECTIONAL
bybit	avaxusdt	20260327	trade	signed_trade_volume_imbalance	500	100	0.200000	146128	0.935425105978272	0.459062528548261	90.062146975212471	DIRECTIONAL
bybit	avaxusdt	20260327	trade	signed_trade_volume_imbalance	500	250	0.050000	150025	0.914282400960783	0.520120790191080	79.861377563664618	DIRECTIONAL
bybit	avaxusdt	20260327	trade	signed_trade_volume_imbalance	500	250	0.100000	148647	0.922066672321096	0.518405885662640	80.126852774006238	DIRECTIONAL
bybit	avaxusdt	20260327	trade	signed_trade_volume_imbalance	500	250	0.200000	146128	0.935425105978272	0.520769882897015	81.925671906058625	DIRECTIONAL
bybit	avaxusdt	20260327	trade	signed_trade_volume_imbalance	500	500	0.050000	150025	0.914282400960783	0.646096083245422	79.722853889183554	DIRECTIONAL
bybit	avaxusdt	20260327	trade	signed_trade_volume_imbalance	500	500	0.100000	148647	0.922066672321096	0.645531324042217	80.167799330360438	DIRECTIONAL
bybit	avaxusdt	20260327	trade	signed_trade_volume_imbalance	500	500	0.200000	146128	0.935425105978272	0.645557035468979	81.313453805562943	DIRECTIONAL
bybit	avaxusdt	20260328	trade	signed_trade_volume_imbalance	100	100	0.050000	80910	0.975710609677826	0.587319823252850	94.639380690495614	DIRECTIONAL
bybit	avaxusdt	20260328	trade	signed_trade_volume_imbalance	100	100	0.100000	80734	0.977673753033455	0.589341068314528	95.048025143929536	DIRECTIONAL
bybit	avaxusdt	20260328	trade	signed_trade_volume_imbalance	100	100	0.200000	80346	0.981640424423058	0.595596494821939	96.487923544760861	DIRECTIONAL
bybit	avaxusdt	20260328	trade	signed_trade_volume_imbalance	100	250	0.050000	80910	0.975710609677826	0.682984329993958	87.088938198604865	DIRECTIONAL
bybit	avaxusdt	20260328	trade	signed_trade_volume_imbalance	100	250	0.100000	80734	0.977673753033455	0.685416249463762	87.533254376876286	DIRECTIONAL
bybit	avaxusdt	20260328	trade	signed_trade_volume_imbalance	100	250	0.200000	80346	0.981640424423058	0.694797884786703	89.320651363512440	DIRECTIONAL
bybit	avaxusdt	20260328	trade	signed_trade_volume_imbalance	100	500	0.050000	80910	0.975710609677826	0.782644818973233	80.782315597765788	DIRECTIONAL
bybit	avaxusdt	20260328	trade	signed_trade_volume_imbalance	100	500	0.100000	80734	0.977673753033455	0.784623900365928	81.178030331730241	DIRECTIONAL
bybit	avaxusdt	20260328	trade	signed_trade_volume_imbalance	100	500	0.200000	80346	0.981640424423058	0.799325805079719	83.692433103928508	DIRECTIONAL
bybit	avaxusdt	20260328	trade	signed_trade_volume_imbalance	250	100	0.050000	80831	0.964204952054069	0.564995850105569	90.235206441189206	DIRECTIONAL
bybit	avaxusdt	20260328	trade	signed_trade_volume_imbalance	250	100	0.100000	80602	0.966730976523509	0.568125223210177	90.876937329168399	DIRECTIONAL
bybit	avaxusdt	20260328	trade	signed_trade_volume_imbalance	250	100	0.200000	80068	0.972157901142657	0.577478472804140	92.945766558490888	DIRECTIONAL
bybit	avaxusdt	20260328	trade	signed_trade_volume_imbalance	250	250	0.050000	80831	0.964204952054069	0.660238130430795	83.814120990139159	DIRECTIONAL
bybit	avaxusdt	20260328	trade	signed_trade_volume_imbalance	250	250	0.100000	80602	0.966730976523509	0.664991209598044	84.547281384326268	DIRECTIONAL
bybit	avaxusdt	20260328	trade	signed_trade_volume_imbalance	250	250	0.200000	80068	0.972157901142657	0.677743137823674	86.695804147983495	DIRECTIONAL
bybit	avaxusdt	20260328	trade	signed_trade_volume_imbalance	250	500	0.050000	80831	0.964204952054069	0.770418643239152	79.616509212979423	DIRECTIONAL
bybit	avaxusdt	20260328	trade	signed_trade_volume_imbalance	250	500	0.100000	80602	0.966730976523509	0.774776814750039	80.173481612187246	DIRECTIONAL
bybit	avaxusdt	20260328	trade	signed_trade_volume_imbalance	250	500	0.200000	80068	0.972157901142657	0.795519440158169	83.549562621669097	DIRECTIONAL
bybit	avaxusdt	20260328	trade	signed_trade_volume_imbalance	500	100	0.050000	80656	0.952874994468951	0.540884589817364	86.208887921953789	DIRECTIONAL
bybit	avaxusdt	20260328	trade	signed_trade_volume_imbalance	500	100	0.100000	80310	0.956664089496416	0.543163284020148	86.701031293476731	DIRECTIONAL
bybit	avaxusdt	20260328	trade	signed_trade_volume_imbalance	500	100	0.200000	79635	0.963528908137513	0.555089797169787	89.182563254047224	DIRECTIONAL
bybit	avaxusdt	20260328	trade	signed_trade_volume_imbalance	500	250	0.050000	80656	0.952874994468951	0.671478713850175	85.611512851684139	DIRECTIONAL
bybit	avaxusdt	20260328	trade	signed_trade_volume_imbalance	500	250	0.100000	80310	0.956664089496416	0.674082807368746	86.291917257641856	DIRECTIONAL
bybit	avaxusdt	20260328	trade	signed_trade_volume_imbalance	500	250	0.200000	79635	0.963528908137513	0.690565924771363	89.860890269006930	DIRECTIONAL
bybit	avaxusdt	20260328	trade	signed_trade_volume_imbalance	500	500	0.050000	80656	0.952874994468951	0.784921132079234	81.968653260444086	DIRECTIONAL
bybit	avaxusdt	20260328	trade	signed_trade_volume_imbalance	500	500	0.100000	80310	0.956664089496416	0.789328739670076	82.970628616276073	DIRECTIONAL
bybit	avaxusdt	20260328	trade	signed_trade_volume_imbalance	500	500	0.200000	79635	0.963528908137513	0.810999528691749	86.693023629531595	DIRECTIONAL
bybit	bnbusdt	20260324	trade	signed_trade_volume_imbalance	100	100	0.050000	76853	0.987278419140984	0.386443050924561	76.266200626240547	DIRECTIONAL
bybit	bnbusdt	20260324	trade	signed_trade_volume_imbalance	100	100	0.100000	76780	0.988146300912120	0.387018453686143	76.372320696235292	DIRECTIONAL
bybit	bnbusdt	20260324	trade	signed_trade_volume_imbalance	100	100	0.200000	76641	0.989664696473294	0.387079109067991	76.349921819759984	DIRECTIONAL
bybit	bnbusdt	20260324	trade	signed_trade_volume_imbalance	100	250	0.050000	76853	0.987278419140984	0.433443964880119	79.340425841541119	DIRECTIONAL
bybit	bnbusdt	20260324	trade	signed_trade_volume_imbalance	100	250	0.100000	76780	0.988146300912120	0.433919122313495	79.418698956547701	DIRECTIONAL
bybit	bnbusdt	20260324	trade	signed_trade_volume_imbalance	100	250	0.200000	76641	0.989664696473294	0.432734062581875	79.350769301720661	DIRECTIONAL
bybit	bnbusdt	20260324	trade	signed_trade_volume_imbalance	100	500	0.050000	76853	0.987278419140984	0.454885879919299	77.517279032138589	DIRECTIONAL
bybit	bnbusdt	20260324	trade	signed_trade_volume_imbalance	100	500	0.100000	76780	0.988146300912120	0.455319230169200	77.578624994609839	DIRECTIONAL
bybit	bnbusdt	20260324	trade	signed_trade_volume_imbalance	100	500	0.200000	76641	0.989664696473294	0.454401696783347	77.488369524847570	DIRECTIONAL
bybit	bnbusdt	20260324	trade	signed_trade_volume_imbalance	250	100	0.050000	76795	0.982627058095920	0.385922261740011	76.136193436207662	DIRECTIONAL
bybit	bnbusdt	20260324	trade	signed_trade_volume_imbalance	250	100	0.100000	76701	0.983737945987059	0.386726163732699	76.276485327518174	DIRECTIONAL
bybit	bnbusdt	20260324	trade	signed_trade_volume_imbalance	250	100	0.200000	76519	0.985713651151181	0.387315618106185	76.347427820869612	DIRECTIONAL
bybit	bnbusdt	20260324	trade	signed_trade_volume_imbalance	250	250	0.050000	76795	0.982627058095920	0.431536825685887	78.945164037285920	DIRECTIONAL
bybit	bnbusdt	20260324	trade	signed_trade_volume_imbalance	250	250	0.100000	76701	0.983737945987059	0.432272760893809	79.067501245113803	DIRECTIONAL
bybit	bnbusdt	20260324	trade	signed_trade_volume_imbalance	250	250	0.200000	76519	0.985713651151181	0.432699625159880	79.099236431755244	DIRECTIONAL
bybit	bnbusdt	20260324	trade	signed_trade_volume_imbalance	250	500	0.050000	76795	0.982627058095920	0.452830659003754	77.118697299958683	DIRECTIONAL
bybit	bnbusdt	20260324	trade	signed_trade_volume_imbalance	250	500	0.100000	76701	0.983737945987059	0.453613009412357	77.239709310709131	DIRECTIONAL
bybit	bnbusdt	20260324	trade	signed_trade_volume_imbalance	250	500	0.200000	76519	0.985713651151181	0.454359880226095	77.319905909386478	DIRECTIONAL
bybit	bnbusdt	20260324	trade	signed_trade_volume_imbalance	500	100	0.050000	76720	0.973804217114886	0.384673284891876	75.806248942361876	DIRECTIONAL
bybit	bnbusdt	20260324	trade	signed_trade_volume_imbalance	500	100	0.100000	76569	0.975574534015440	0.385702507703301	75.953485961982778	DIRECTIONAL
bybit	bnbusdt	20260324	trade	signed_trade_volume_imbalance	500	100	0.200000	76259	0.978902755781727	0.387185083344696	76.120964453404312	DIRECTIONAL
bybit	bnbusdt	20260324	trade	signed_trade_volume_imbalance	500	250	0.050000	76720	0.973804217114886	0.429527904149492	78.484992108798806	DIRECTIONAL
bybit	bnbusdt	20260324	trade	signed_trade_volume_imbalance	500	250	0.100000	76569	0.975574534015440	0.430583733729857	78.626060176225693	DIRECTIONAL
bybit	bnbusdt	20260324	trade	signed_trade_volume_imbalance	500	250	0.200000	76259	0.978902755781727	0.432039540920564	78.769740153473009	DIRECTIONAL
bybit	bnbusdt	20260324	trade	signed_trade_volume_imbalance	500	500	0.050000	76720	0.973804217114886	0.449958773635514	76.542302299891347	DIRECTIONAL
bybit	bnbusdt	20260324	trade	signed_trade_volume_imbalance	500	500	0.100000	76569	0.975574534015440	0.451137139635383	76.696609363495000	DIRECTIONAL
bybit	bnbusdt	20260324	trade	signed_trade_volume_imbalance	500	500	0.200000	76259	0.978902755781727	0.452844097459324	76.874414260302146	DIRECTIONAL
bybit	bnbusdt	20260325	trade	signed_trade_volume_imbalance	100	100	0.050000	80535	0.988615401987001	0.365050315415131	73.594258517933753	DIRECTIONAL
bybit	bnbusdt	20260325	trade	signed_trade_volume_imbalance	100	100	0.100000	80466	0.989398890638255	0.365460337462833	73.638824259262222	DIRECTIONAL
bybit	bnbusdt	20260325	trade	signed_trade_volume_imbalance	100	100	0.200000	80352	0.990595991285956	0.366131943127851	73.708450575439144	DIRECTIONAL
bybit	bnbusdt	20260325	trade	signed_trade_volume_imbalance	100	250	0.050000	80535	0.988615401987001	0.391114108031931	71.175244665969444	DIRECTIONAL
bybit	bnbusdt	20260325	trade	signed_trade_volume_imbalance	100	250	0.100000	80466	0.989398890638255	0.391450935765983	71.205242247520445	DIRECTIONAL
bybit	bnbusdt	20260325	trade	signed_trade_volume_imbalance	100	250	0.200000	80352	0.990595991285956	0.392583592616687	71.380005769690982	DIRECTIONAL
bybit	bnbusdt	20260325	trade	signed_trade_volume_imbalance	100	500	0.050000	80535	0.988615401987001	0.429240915609838	71.335269781275016	DIRECTIONAL
bybit	bnbusdt	20260325	trade	signed_trade_volume_imbalance	100	500	0.100000	80466	0.989398890638255	0.429744872361474	71.379044472963656	DIRECTIONAL
bybit	bnbusdt	20260325	trade	signed_trade_volume_imbalance	100	500	0.200000	80352	0.990595991285956	0.431298054273624	71.605992539302321	DIRECTIONAL
bybit	bnbusdt	20260325	trade	signed_trade_volume_imbalance	250	100	0.050000	80492	0.982469312760982	0.361433332338371	72.788608095500166	DIRECTIONAL
bybit	bnbusdt	20260325	trade	signed_trade_volume_imbalance	250	100	0.100000	80403	0.983475781420493	0.362142074390175	72.896802323798298	DIRECTIONAL
bybit	bnbusdt	20260325	trade	signed_trade_volume_imbalance	250	100	0.200000	80167	0.985930281977780	0.363400049314874	73.023727715477506	DIRECTIONAL
bybit	bnbusdt	20260325	trade	signed_trade_volume_imbalance	250	250	0.050000	80492	0.982469312760982	0.385206739313396	69.994938401758120	DIRECTIONAL
bybit	bnbusdt	20260325	trade	signed_trade_volume_imbalance	250	250	0.100000	80403	0.983475781420493	0.386056856779482	70.117428066062857	DIRECTIONAL
bybit	bnbusdt	20260325	trade	signed_trade_volume_imbalance	250	250	0.200000	80167	0.985930281977780	0.387213740553394	70.217983177172812	DIRECTIONAL
bybit	bnbusdt	20260325	trade	signed_trade_volume_imbalance	250	500	0.050000	80492	0.982469312760982	0.419116742012544	69.511860582008410	DIRECTIONAL
bybit	bnbusdt	20260325	trade	signed_trade_volume_imbalance	250	500	0.100000	80403	0.983475781420493	0.419908500648743	69.608167867627685	DIRECTIONAL
bybit	bnbusdt	20260325	trade	signed_trade_volume_imbalance	250	500	0.200000	80167	0.985930281977780	0.421800525704619	69.871157803838273	DIRECTIONAL
bybit	bnbusdt	20260325	trade	signed_trade_volume_imbalance	500	100	0.050000	80429	0.975484928881966	0.357356621414123	71.869907263502313	DIRECTIONAL
bybit	bnbusdt	20260325	trade	signed_trade_volume_imbalance	500	100	0.100000	80294	0.977000180776465	0.358688420449795	72.088222682985744	DIRECTIONAL
bybit	bnbusdt	20260325	trade	signed_trade_volume_imbalance	500	100	0.200000	80012	0.979924812308228	0.359796132670622	72.159335445338968	DIRECTIONAL
bybit	bnbusdt	20260325	trade	signed_trade_volume_imbalance	500	250	0.050000	80429	0.975484928881966	0.381167493873398	69.175601547099490	DIRECTIONAL
bybit	bnbusdt	20260325	trade	signed_trade_volume_imbalance	500	250	0.100000	80294	0.977000180776465	0.382711935753181	69.408687110604660	DIRECTIONAL
bybit	bnbusdt	20260325	trade	signed_trade_volume_imbalance	500	250	0.200000	80012	0.979924812308228	0.384019982487053	69.498044249200660	DIRECTIONAL
bybit	bnbusdt	20260325	trade	signed_trade_volume_imbalance	500	500	0.050000	80429	0.975484928881966	0.414339037601808	68.628624262163569	DIRECTIONAL
bybit	bnbusdt	20260325	trade	signed_trade_volume_imbalance	500	500	0.100000	80294	0.977000180776465	0.415766910702830	68.810923090437242	DIRECTIONAL
bybit	bnbusdt	20260325	trade	signed_trade_volume_imbalance	500	500	0.200000	80012	0.979924812308228	0.417213554199507	68.948831123030089	DIRECTIONAL
bybit	bnbusdt	20260326	trade	signed_trade_volume_imbalance	100	100	0.050000	80678	0.982421986814577	0.325479175606136	61.803031814208715	DIRECTIONAL
bybit	bnbusdt	20260326	trade	signed_trade_volume_imbalance	100	100	0.100000	80568	0.983661763804398	0.325549796018824	61.793135887743937	DIRECTIONAL
bybit	bnbusdt	20260326	trade	signed_trade_volume_imbalance	100	100	0.200000	80356	0.985865050350879	0.326112514498085	61.846766579115005	DIRECTIONAL
bybit	bnbusdt	20260326	trade	signed_trade_volume_imbalance	100	250	0.050000	80678	0.982421986814577	0.383922279252860	63.307846942245220	DIRECTIONAL
bybit	bnbusdt	20260326	trade	signed_trade_volume_imbalance	100	250	0.100000	80568	0.983661763804398	0.383895559743651	63.272668675103255	DIRECTIONAL
bybit	bnbusdt	20260326	trade	signed_trade_volume_imbalance	100	250	0.200000	80356	0.985865050350879	0.384293848584823	63.270110303660758	DIRECTIONAL
bybit	bnbusdt	20260326	trade	signed_trade_volume_imbalance	100	500	0.050000	80678	0.982421986814577	0.471064007618096	65.354180602062300	DIRECTIONAL
bybit	bnbusdt	20260326	trade	signed_trade_volume_imbalance	100	500	0.100000	80568	0.983661763804398	0.470799475327199	65.309144561686225	DIRECTIONAL
bybit	bnbusdt	20260326	trade	signed_trade_volume_imbalance	100	500	0.200000	80356	0.985865050350879	0.471210641646288	65.310722109134062	DIRECTIONAL
bybit	bnbusdt	20260326	trade	signed_trade_volume_imbalance	250	100	0.050000	80604	0.974081291336718	0.336479576978427	63.927472731381947	DIRECTIONAL
bybit	bnbusdt	20260326	trade	signed_trade_volume_imbalance	250	100	0.100000	80448	0.975821017946956	0.336953570109087	63.944311712875837	DIRECTIONAL
bybit	bnbusdt	20260326	trade	signed_trade_volume_imbalance	250	100	0.200000	80098	0.979409603866927	0.336583192970750	63.783459262894368	DIRECTIONAL
bybit	bnbusdt	20260326	trade	signed_trade_volume_imbalance	250	250	0.050000	80604	0.974081291336718	0.396914946825355	65.501504947428273	DIRECTIONAL
bybit	bnbusdt	20260326	trade	signed_trade_volume_imbalance	250	250	0.100000	80448	0.975821017946956	0.397250618098228	65.483329282240092	DIRECTIONAL
bybit	bnbusdt	20260326	trade	signed_trade_volume_imbalance	250	250	0.200000	80098	0.979409603866927	0.396765024535263	65.324337936438411	DIRECTIONAL
bybit	bnbusdt	20260326	trade	signed_trade_volume_imbalance	250	500	0.050000	80604	0.974081291336718	0.478095140252027	66.406333742137122	DIRECTIONAL
bybit	bnbusdt	20260326	trade	signed_trade_volume_imbalance	250	500	0.100000	80448	0.975821017946956	0.478647369569878	66.403871747423381	DIRECTIONAL
bybit	bnbusdt	20260326	trade	signed_trade_volume_imbalance	250	500	0.200000	80098	0.979409603866927	0.478040783740946	66.254687678014946	DIRECTIONAL
bybit	bnbusdt	20260326	trade	signed_trade_volume_imbalance	500	100	0.050000	80470	0.959938720572507	0.326968223264773	61.984264098206381	DIRECTIONAL
bybit	bnbusdt	20260326	trade	signed_trade_volume_imbalance	500	100	0.100000	80232	0.962570860737992	0.327482600162394	61.992230190924964	DIRECTIONAL
bybit	bnbusdt	20260326	trade	signed_trade_volume_imbalance	500	100	0.200000	79680	0.968187480474168	0.329016202565064	62.073287740792537	DIRECTIONAL
bybit	bnbusdt	20260326	trade	signed_trade_volume_imbalance	500	250	0.050000	80470	0.959938720572507	0.382913797016741	63.139021664805760	DIRECTIONAL
bybit	bnbusdt	20260326	trade	signed_trade_volume_imbalance	500	250	0.100000	80232	0.962570860737992	0.383318136172682	63.106488648639370	DIRECTIONAL
bybit	bnbusdt	20260326	trade	signed_trade_volume_imbalance	500	250	0.200000	79680	0.968187480474168	0.385296165174817	63.265139773042314	DIRECTIONAL
bybit	bnbusdt	20260326	trade	signed_trade_volume_imbalance	500	500	0.050000	80470	0.959938720572507	0.472310679944014	65.636312315635536	DIRECTIONAL
bybit	bnbusdt	20260326	trade	signed_trade_volume_imbalance	500	500	0.100000	80232	0.962570860737992	0.473038909547228	65.657924822281387	DIRECTIONAL
bybit	bnbusdt	20260326	trade	signed_trade_volume_imbalance	500	500	0.200000	79680	0.968187480474168	0.476755517125842	66.123189886843960	DIRECTIONAL
bybit	bnbusdt	20260327	trade	signed_trade_volume_imbalance	100	100	0.050000	76102	0.970538448300016	0.398552394245497	50.859639049917376	DIRECTIONAL
bybit	bnbusdt	20260327	trade	signed_trade_volume_imbalance	100	100	0.100000	75937	0.972485135617852	0.396364603312915	50.692321661685973	DIRECTIONAL
bybit	bnbusdt	20260327	trade	signed_trade_volume_imbalance	100	100	0.200000	75590	0.976268331062230	0.393281580800291	50.568052088067638	DIRECTIONAL
bybit	bnbusdt	20260327	trade	signed_trade_volume_imbalance	100	250	0.050000	76102	0.970538448300016	0.467024532743985	51.429129272000864	DIRECTIONAL
bybit	bnbusdt	20260327	trade	signed_trade_volume_imbalance	100	250	0.100000	75937	0.972485135617852	0.464088650839951	51.264973168312729	DIRECTIONAL
bybit	bnbusdt	20260327	trade	signed_trade_volume_imbalance	100	250	0.200000	75590	0.976268331062230	0.463085830863989	51.428559549522461	DIRECTIONAL
bybit	bnbusdt	20260327	trade	signed_trade_volume_imbalance	100	500	0.050000	76102	0.970538448300016	0.613583556779052	54.537247047222436	DIRECTIONAL
bybit	bnbusdt	20260327	trade	signed_trade_volume_imbalance	100	500	0.100000	75937	0.972485135617852	0.609319722335921	54.404011084642185	DIRECTIONAL
bybit	bnbusdt	20260327	trade	signed_trade_volume_imbalance	100	500	0.200000	75590	0.976268331062230	0.607854325546227	54.533330488648133	DIRECTIONAL
bybit	bnbusdt	20260327	trade	signed_trade_volume_imbalance	250	100	0.050000	76067	0.956357941769298	0.364517466091448	46.352054245161717	DIRECTIONAL
bybit	bnbusdt	20260327	trade	signed_trade_volume_imbalance	250	100	0.100000	75825	0.959169777641060	0.364748513865957	46.333623001465604	DIRECTIONAL
bybit	bnbusdt	20260327	trade	signed_trade_volume_imbalance	250	100	0.200000	75343	0.964332606013445	0.367769615929985	46.663167385943460	DIRECTIONAL
bybit	bnbusdt	20260327	trade	signed_trade_volume_imbalance	250	250	0.050000	76067	0.956357941769298	0.450460501034179	49.475325342048485	DIRECTIONAL
bybit	bnbusdt	20260327	trade	signed_trade_volume_imbalance	250	250	0.100000	75825	0.959169777641060	0.452458972264623	49.618471021575417	DIRECTIONAL
bybit	bnbusdt	20260327	trade	signed_trade_volume_imbalance	250	250	0.200000	75343	0.964332606013445	0.455855933846991	49.894781742881463	DIRECTIONAL
bybit	bnbusdt	20260327	trade	signed_trade_volume_imbalance	250	500	0.050000	76067	0.956357941769298	0.601886999949974	53.407964205887119	DIRECTIONAL
bybit	bnbusdt	20260327	trade	signed_trade_volume_imbalance	250	500	0.100000	75825	0.959169777641060	0.604083136044275	53.519913380007736	DIRECTIONAL
bybit	bnbusdt	20260327	trade	signed_trade_volume_imbalance	250	500	0.200000	75343	0.964332606013445	0.606935432475353	53.674610595496759	DIRECTIONAL
bybit	bnbusdt	20260327	trade	signed_trade_volume_imbalance	500	100	0.050000	75944	0.942270507581247	0.358490016421476	45.520750232670075	DIRECTIONAL
bybit	bnbusdt	20260327	trade	signed_trade_volume_imbalance	500	100	0.100000	75669	0.945417167694699	0.360135776381585	45.616649062940390	DIRECTIONAL
bybit	bnbusdt	20260327	trade	signed_trade_volume_imbalance	500	100	0.200000	74949	0.953022050755734	0.366198310802642	46.247339478607628	DIRECTIONAL
bybit	bnbusdt	20260327	trade	signed_trade_volume_imbalance	500	250	0.050000	75944	0.942270507581247	0.436922398781693	47.896629851780432	DIRECTIONAL
bybit	bnbusdt	20260327	trade	signed_trade_volume_imbalance	500	250	0.100000	75669	0.945417167694699	0.438162017112956	47.921873719319990	DIRECTIONAL
bybit	bnbusdt	20260327	trade	signed_trade_volume_imbalance	500	250	0.200000	74949	0.953022050755734	0.446870880470884	48.743339794151950	DIRECTIONAL
bybit	bnbusdt	20260327	trade	signed_trade_volume_imbalance	500	500	0.050000	75944	0.942270507581247	0.583917706882403	51.735572297539235	DIRECTIONAL
bybit	bnbusdt	20260327	trade	signed_trade_volume_imbalance	500	500	0.100000	75669	0.945417167694699	0.585491418195876	51.774654531574605	DIRECTIONAL
bybit	bnbusdt	20260327	trade	signed_trade_volume_imbalance	500	500	0.200000	74949	0.953022050755734	0.598976386700789	52.899211834922326	DIRECTIONAL
bybit	bnbusdt	20260328	trade	signed_trade_volume_imbalance	100	100	0.050000	38139	0.981053888460560	0.465033465624002	53.178482820610611	DIRECTIONAL
bybit	bnbusdt	20260328	trade	signed_trade_volume_imbalance	100	100	0.100000	38068	0.982744919932862	0.466328726166770	53.315397381179750	DIRECTIONAL
bybit	bnbusdt	20260328	trade	signed_trade_volume_imbalance	100	100	0.200000	37949	0.985326170268605	0.468690751124306	53.601138400303753	DIRECTIONAL
bybit	bnbusdt	20260328	trade	signed_trade_volume_imbalance	100	250	0.050000	38139	0.981053888460560	0.574998135679538	55.410929729175237	DIRECTIONAL
bybit	bnbusdt	20260328	trade	signed_trade_volume_imbalance	100	250	0.100000	38068	0.982744919932862	0.576880845994211	55.578194511190219	DIRECTIONAL
bybit	bnbusdt	20260328	trade	signed_trade_volume_imbalance	100	250	0.200000	37949	0.985326170268605	0.580403754734125	55.917601733703350	DIRECTIONAL
bybit	bnbusdt	20260328	trade	signed_trade_volume_imbalance	100	500	0.050000	38139	0.981053888460560	0.638531360112477	54.013477317766529	DIRECTIONAL
bybit	bnbusdt	20260328	trade	signed_trade_volume_imbalance	100	500	0.100000	38068	0.982744919932862	0.641937433550828	54.485479268014998	DIRECTIONAL
bybit	bnbusdt	20260328	trade	signed_trade_volume_imbalance	100	500	0.200000	37949	0.985326170268605	0.647714119736523	55.102250266823006	DIRECTIONAL
bybit	bnbusdt	20260328	trade	signed_trade_volume_imbalance	250	100	0.050000	38082	0.971390064981477	0.473412858371976	54.322794477289548	DIRECTIONAL
bybit	bnbusdt	20260328	trade	signed_trade_volume_imbalance	250	100	0.100000	37976	0.973895884296758	0.478277143398030	54.949379899853589	DIRECTIONAL
bybit	bnbusdt	20260328	trade	signed_trade_volume_imbalance	250	100	0.200000	37779	0.978175709462247	0.483347174540016	55.676450220535237	DIRECTIONAL
bybit	bnbusdt	20260328	trade	signed_trade_volume_imbalance	250	250	0.050000	38082	0.971390064981477	0.575689155926882	55.548772976038457	DIRECTIONAL
bybit	bnbusdt	20260328	trade	signed_trade_volume_imbalance	250	250	0.100000	37976	0.973895884296758	0.580796698230940	56.054145111969369	DIRECTIONAL
bybit	bnbusdt	20260328	trade	signed_trade_volume_imbalance	250	250	0.200000	37779	0.978175709462247	0.587652309157435	56.759518365781602	DIRECTIONAL
bybit	bnbusdt	20260328	trade	signed_trade_volume_imbalance	250	500	0.050000	38082	0.971390064981477	0.650148315387723	55.300899521201032	DIRECTIONAL
bybit	bnbusdt	20260328	trade	signed_trade_volume_imbalance	250	500	0.100000	37976	0.973895884296758	0.649450494369542	55.364348483438178	DIRECTIONAL
bybit	bnbusdt	20260328	trade	signed_trade_volume_imbalance	250	500	0.200000	37779	0.978175709462247	0.658767609596866	56.571149352403772	DIRECTIONAL
bybit	bnbusdt	20260328	trade	signed_trade_volume_imbalance	500	100	0.050000	38077	0.961067888495181	0.466320009474554	53.368430290491304	DIRECTIONAL
bybit	bnbusdt	20260328	trade	signed_trade_volume_imbalance	500	100	0.100000	37959	0.963824382730137	0.469944339130667	54.310203904809782	DIRECTIONAL
bybit	bnbusdt	20260328	trade	signed_trade_volume_imbalance	500	100	0.200000	37722	0.968904842181953	0.475735620924916	55.250403353179507	DIRECTIONAL
bybit	bnbusdt	20260328	trade	signed_trade_volume_imbalance	500	250	0.050000	38077	0.961067888495181	0.581550121289579	56.094922952545346	DIRECTIONAL
bybit	bnbusdt	20260328	trade	signed_trade_volume_imbalance	500	250	0.100000	37959	0.963824382730137	0.584077923257895	56.582628399819427	DIRECTIONAL
bybit	bnbusdt	20260328	trade	signed_trade_volume_imbalance	500	250	0.200000	37722	0.968904842181953	0.590243562194766	57.270629127534711	DIRECTIONAL
bybit	bnbusdt	20260328	trade	signed_trade_volume_imbalance	500	500	0.050000	38077	0.961067888495181	0.632002949287401	53.527945912431555	DIRECTIONAL
bybit	bnbusdt	20260328	trade	signed_trade_volume_imbalance	500	500	0.100000	37959	0.963824382730137	0.635157255370413	54.414584137077348	DIRECTIONAL
bybit	bnbusdt	20260328	trade	signed_trade_volume_imbalance	500	500	0.200000	37722	0.968904842181953	0.638254286727062	55.174764876958569	DIRECTIONAL
bybit	linkusdt	20260324	trade	signed_trade_volume_imbalance	100	100	0.050000	187970	0.983278461587959	0.564550445141591	149.634748031652776	DIRECTIONAL
bybit	linkusdt	20260324	trade	signed_trade_volume_imbalance	100	100	0.100000	187705	0.984565892296790	0.565485909748232	149.725864253403728	DIRECTIONAL
bybit	linkusdt	20260324	trade	signed_trade_volume_imbalance	100	100	0.200000	187282	0.986449996685268	0.566775055215963	149.846864748077962	DIRECTIONAL
bybit	linkusdt	20260324	trade	signed_trade_volume_imbalance	100	250	0.050000	187970	0.983278461587959	0.646200255823361	151.821378636292224	DIRECTIONAL
bybit	linkusdt	20260324	trade	signed_trade_volume_imbalance	100	250	0.100000	187705	0.984565892296790	0.647209616682596	151.928979577795047	DIRECTIONAL
bybit	linkusdt	20260324	trade	signed_trade_volume_imbalance	100	250	0.200000	187282	0.986449996685268	0.648834968372539	152.134535227463999	DIRECTIONAL
bybit	linkusdt	20260324	trade	signed_trade_volume_imbalance	100	500	0.050000	187970	0.983278461587959	0.696294856775264	145.368956129495871	DIRECTIONAL
bybit	linkusdt	20260324	trade	signed_trade_volume_imbalance	100	500	0.100000	187705	0.984565892296790	0.697117804901730	145.465143326781060	DIRECTIONAL
bybit	linkusdt	20260324	trade	signed_trade_volume_imbalance	100	500	0.200000	187282	0.986449996685268	0.699062489683284	145.777049203640814	DIRECTIONAL
bybit	linkusdt	20260324	trade	signed_trade_volume_imbalance	250	100	0.050000	187824	0.974222541422786	0.552137334229875	145.914029430358426	DIRECTIONAL
bybit	linkusdt	20260324	trade	signed_trade_volume_imbalance	250	100	0.100000	187382	0.976345959525212	0.553580483939765	146.092943841045155	DIRECTIONAL
bybit	linkusdt	20260324	trade	signed_trade_volume_imbalance	250	100	0.200000	186667	0.979519916204938	0.555593874115365	146.303701106919505	DIRECTIONAL
bybit	linkusdt	20260324	trade	signed_trade_volume_imbalance	250	250	0.050000	187824	0.974222541422786	0.632480132988660	148.186051494479472	DIRECTIONAL
bybit	linkusdt	20260324	trade	signed_trade_volume_imbalance	250	250	0.100000	187382	0.976345959525212	0.634023862795908	148.385114953122041	DIRECTIONAL
bybit	linkusdt	20260324	trade	signed_trade_volume_imbalance	250	250	0.200000	186667	0.979519916204938	0.636102261287700	148.588620598249946	DIRECTIONAL
bybit	linkusdt	20260324	trade	signed_trade_volume_imbalance	250	500	0.050000	187824	0.974222541422786	0.680763703476090	141.784630685753598	DIRECTIONAL
bybit	linkusdt	20260324	trade	signed_trade_volume_imbalance	250	500	0.100000	187382	0.976345959525212	0.681947689974429	141.905367791630994	DIRECTIONAL
bybit	linkusdt	20260324	trade	signed_trade_volume_imbalance	250	500	0.200000	186667	0.979519916204938	0.684670421204290	142.228455692582088	DIRECTIONAL
bybit	linkusdt	20260324	trade	signed_trade_volume_imbalance	500	100	0.050000	187588	0.960869854989820	0.533683705596430	140.367792031175156	DIRECTIONAL
bybit	linkusdt	20260324	trade	signed_trade_volume_imbalance	500	100	0.100000	187055	0.963397289993892	0.535301382507467	140.567712808592518	DIRECTIONAL
bybit	linkusdt	20260324	trade	signed_trade_volume_imbalance	500	100	0.200000	185977	0.968116845059992	0.537823197814478	140.785547099298526	DIRECTIONAL
bybit	linkusdt	20260324	trade	signed_trade_volume_imbalance	500	250	0.050000	187588	0.960869854989820	0.612130142573925	142.716949550087463	DIRECTIONAL
bybit	linkusdt	20260324	trade	signed_trade_volume_imbalance	500	250	0.100000	187055	0.963397289993892	0.614165075673263	143.040157574778107	DIRECTIONAL
bybit	linkusdt	20260324	trade	signed_trade_volume_imbalance	500	250	0.200000	185977	0.968116845059992	0.617256134300016	143.399745935488795	DIRECTIONAL
bybit	linkusdt	20260324	trade	signed_trade_volume_imbalance	500	500	0.050000	187588	0.960869854989820	0.658095175443968	136.384353839921033	DIRECTIONAL
bybit	linkusdt	20260324	trade	signed_trade_volume_imbalance	500	500	0.100000	187055	0.963397289993892	0.660418409878861	136.751590618187066	DIRECTIONAL
bybit	linkusdt	20260324	trade	signed_trade_volume_imbalance	500	500	0.200000	185977	0.968116845059992	0.664177699261698	137.312226010082838	DIRECTIONAL
bybit	linkusdt	20260325	trade	signed_trade_volume_imbalance	100	100	0.050000	156977	0.981246756620868	0.641515614215387	166.704314020107176	DIRECTIONAL
bybit	linkusdt	20260325	trade	signed_trade_volume_imbalance	100	100	0.100000	156733	0.982653293260286	0.642297144151798	166.752645624716848	DIRECTIONAL
bybit	linkusdt	20260325	trade	signed_trade_volume_imbalance	100	100	0.200000	156306	0.984931526259369	0.643898310333198	166.978809132029198	DIRECTIONAL
bybit	linkusdt	20260325	trade	signed_trade_volume_imbalance	100	250	0.050000	156977	0.981246756620868	0.773679009599322	161.584213145935905	DIRECTIONAL
bybit	linkusdt	20260325	trade	signed_trade_volume_imbalance	100	250	0.100000	156733	0.982653293260286	0.774795664798037	161.670265688841596	DIRECTIONAL
bybit	linkusdt	20260325	trade	signed_trade_volume_imbalance	100	250	0.200000	156306	0.984931526259369	0.776385351697271	161.771534930561216	DIRECTIONAL
bybit	linkusdt	20260325	trade	signed_trade_volume_imbalance	100	500	0.050000	156977	0.981246756620868	0.842197799188761	150.723263130163417	DIRECTIONAL
bybit	linkusdt	20260325	trade	signed_trade_volume_imbalance	100	500	0.100000	156733	0.982653293260286	0.842783840069900	150.702997502039779	DIRECTIONAL
bybit	linkusdt	20260325	trade	signed_trade_volume_imbalance	100	500	0.200000	156306	0.984931526259369	0.843848553140762	150.726913529463388	DIRECTIONAL
bybit	linkusdt	20260325	trade	signed_trade_volume_imbalance	250	100	0.050000	156820	0.970750569463877	0.629523368928090	163.060523693517410	DIRECTIONAL
bybit	linkusdt	20260325	trade	signed_trade_volume_imbalance	250	100	0.100000	156416	0.973061917610725	0.630988058169204	163.231111187037868	DIRECTIONAL
bybit	linkusdt	20260325	trade	signed_trade_volume_imbalance	250	100	0.200000	155676	0.976982188474231	0.633662312511250	163.802264384068479	DIRECTIONAL
bybit	linkusdt	20260325	trade	signed_trade_volume_imbalance	250	250	0.050000	156820	0.970750569463877	0.754617168331231	157.147867608640695	DIRECTIONAL
bybit	linkusdt	20260325	trade	signed_trade_volume_imbalance	250	250	0.100000	156416	0.973061917610725	0.756611769639955	157.373958785078685	DIRECTIONAL
bybit	linkusdt	20260325	trade	signed_trade_volume_imbalance	250	250	0.200000	155676	0.976982188474231	0.759768396001250	157.908087248080335	DIRECTIONAL
bybit	linkusdt	20260325	trade	signed_trade_volume_imbalance	250	500	0.050000	156820	0.970750569463877	0.823532694657847	147.142894229448473	DIRECTIONAL
bybit	linkusdt	20260325	trade	signed_trade_volume_imbalance	250	500	0.100000	156416	0.973061917610725	0.824937082366546	147.258481739578286	DIRECTIONAL
bybit	linkusdt	20260325	trade	signed_trade_volume_imbalance	250	500	0.200000	155676	0.976982188474231	0.828009211157290	147.739753885315736	DIRECTIONAL
bybit	linkusdt	20260325	trade	signed_trade_volume_imbalance	500	100	0.050000	156669	0.957685149869187	0.609797742323091	157.054236493077013	DIRECTIONAL
bybit	linkusdt	20260325	trade	signed_trade_volume_imbalance	500	100	0.100000	156157	0.960579241980752	0.611433467739684	157.281602266529035	DIRECTIONAL
bybit	linkusdt	20260325	trade	signed_trade_volume_imbalance	500	100	0.200000	155022	0.966516280290067	0.615780138827033	158.155311918433313	DIRECTIONAL
bybit	linkusdt	20260325	trade	signed_trade_volume_imbalance	500	250	0.050000	156669	0.957685149869187	0.737172419253730	152.944189469325266	DIRECTIONAL
bybit	linkusdt	20260325	trade	signed_trade_volume_imbalance	500	250	0.100000	156157	0.960579241980752	0.738814527161574	153.194256058703132	DIRECTIONAL
bybit	linkusdt	20260325	trade	signed_trade_volume_imbalance	500	250	0.200000	155022	0.966516280290067	0.743916709553023	154.080719766179584	DIRECTIONAL
bybit	linkusdt	20260325	trade	signed_trade_volume_imbalance	500	500	0.050000	156669	0.957685149869187	0.804318279663851	143.187892892493608	DIRECTIONAL
bybit	linkusdt	20260325	trade	signed_trade_volume_imbalance	500	500	0.100000	156157	0.960579241980752	0.805935618689292	143.420790040889699	DIRECTIONAL
bybit	linkusdt	20260325	trade	signed_trade_volume_imbalance	500	500	0.200000	155022	0.966516280290067	0.812215957897151	144.515948966749164	DIRECTIONAL
bybit	linkusdt	20260326	trade	signed_trade_volume_imbalance	100	100	0.050000	146044	0.969442097161701	0.625374273909082	126.932877151188194	DIRECTIONAL
bybit	linkusdt	20260326	trade	signed_trade_volume_imbalance	100	100	0.100000	145608	0.972118507408068	0.626696137028968	127.313157096317610	DIRECTIONAL
bybit	linkusdt	20260326	trade	signed_trade_volume_imbalance	100	100	0.200000	144818	0.976609641361350	0.629333153178938	127.819310999135453	DIRECTIONAL
bybit	linkusdt	20260326	trade	signed_trade_volume_imbalance	100	250	0.050000	146044	0.969442097161701	0.753183899128493	122.430527958209950	DIRECTIONAL
bybit	linkusdt	20260326	trade	signed_trade_volume_imbalance	100	250	0.100000	145608	0.972118507408068	0.755287427750290	122.844794171597599	DIRECTIONAL
bybit	linkusdt	20260326	trade	signed_trade_volume_imbalance	100	250	0.200000	144818	0.976609641361350	0.757603047495300	123.566239420965701	DIRECTIONAL
bybit	linkusdt	20260326	trade	signed_trade_volume_imbalance	100	500	0.050000	146044	0.969442097161701	0.880214940524247	111.829752272870536	DIRECTIONAL
bybit	linkusdt	20260326	trade	signed_trade_volume_imbalance	100	500	0.100000	145608	0.972118507408068	0.881362304255178	111.951594051161067	DIRECTIONAL
bybit	linkusdt	20260326	trade	signed_trade_volume_imbalance	100	500	0.200000	144818	0.976609641361350	0.886174067746639	113.052318446231709	DIRECTIONAL
bybit	linkusdt	20260326	trade	signed_trade_volume_imbalance	250	100	0.050000	145848	0.955928407757464	0.619773970798706	125.236858977788714	DIRECTIONAL
bybit	linkusdt	20260326	trade	signed_trade_volume_imbalance	250	100	0.100000	145336	0.959030225424945	0.621321122047293	125.501948725415573	DIRECTIONAL
bybit	linkusdt	20260326	trade	signed_trade_volume_imbalance	250	100	0.200000	144182	0.965511547426984	0.624429261482728	126.013813100257238	DIRECTIONAL
bybit	linkusdt	20260326	trade	signed_trade_volume_imbalance	250	250	0.050000	145848	0.955928407757464	0.757288094539814	122.781732024908720	DIRECTIONAL
bybit	linkusdt	20260326	trade	signed_trade_volume_imbalance	250	250	0.100000	145336	0.959030225424945	0.757508394513792	123.115326821291774	DIRECTIONAL
bybit	linkusdt	20260326	trade	signed_trade_volume_imbalance	250	250	0.200000	144182	0.965511547426984	0.758217778791723	124.046427637325550	DIRECTIONAL
bybit	linkusdt	20260326	trade	signed_trade_volume_imbalance	250	500	0.050000	145848	0.955928407757464	0.871963589386595	110.496718015399338	DIRECTIONAL
bybit	linkusdt	20260326	trade	signed_trade_volume_imbalance	250	500	0.100000	145336	0.959030225424945	0.873641433383819	110.720606164903629	DIRECTIONAL
bybit	linkusdt	20260326	trade	signed_trade_volume_imbalance	250	500	0.200000	144182	0.965511547426984	0.878103286523604	111.700104825246328	DIRECTIONAL
bybit	linkusdt	20260326	trade	signed_trade_volume_imbalance	500	100	0.050000	145486	0.938972377238982	0.600148994060865	121.062909506539540	DIRECTIONAL
bybit	linkusdt	20260326	trade	signed_trade_volume_imbalance	500	100	0.100000	144604	0.944246881207498	0.603239375289483	121.739920589044999	DIRECTIONAL
bybit	linkusdt	20260326	trade	signed_trade_volume_imbalance	500	100	0.200000	143140	0.952379493503387	0.607405683281910	122.452315169304896	DIRECTIONAL
bybit	linkusdt	20260326	trade	signed_trade_volume_imbalance	500	250	0.050000	145486	0.938972377238982	0.722359713254719	116.855007352317202	DIRECTIONAL
bybit	linkusdt	20260326	trade	signed_trade_volume_imbalance	500	250	0.100000	144604	0.944246881207498	0.725801009586319	117.810363552210802	DIRECTIONAL
bybit	linkusdt	20260326	trade	signed_trade_volume_imbalance	500	250	0.200000	143140	0.952379493503387	0.728065346491525	119.026850257804327	DIRECTIONAL
bybit	linkusdt	20260326	trade	signed_trade_volume_imbalance	500	500	0.050000	145486	0.938972377238982	0.824272948902703	104.478346781993068	DIRECTIONAL
bybit	linkusdt	20260326	trade	signed_trade_volume_imbalance	500	500	0.100000	144604	0.944246881207498	0.827902241921980	105.444956140815819	DIRECTIONAL
bybit	linkusdt	20260326	trade	signed_trade_volume_imbalance	500	500	0.200000	143140	0.952379493503387	0.823807787886296	105.939542444245845	DIRECTIONAL
bybit	linkusdt	20260327	trade	signed_trade_volume_imbalance	100	100	0.050000	151864	0.967452134607786	0.596274996028616	126.084412702599721	DIRECTIONAL
bybit	linkusdt	20260327	trade	signed_trade_volume_imbalance	100	100	0.100000	151363	0.970408717714584	0.599280040047672	127.265106021266959	DIRECTIONAL
bybit	linkusdt	20260327	trade	signed_trade_volume_imbalance	100	100	0.200000	150440	0.975446498720272	0.602657818389689	128.889126340423360	DIRECTIONAL
bybit	linkusdt	20260327	trade	signed_trade_volume_imbalance	100	250	0.050000	151864	0.967452134607786	0.687812465744642	107.076633794678898	DIRECTIONAL
bybit	linkusdt	20260327	trade	signed_trade_volume_imbalance	100	250	0.100000	151363	0.970408717714584	0.689988752632392	107.686193057329803	DIRECTIONAL
bybit	linkusdt	20260327	trade	signed_trade_volume_imbalance	100	250	0.200000	150440	0.975446498720272	0.693733554601124	108.872572251124495	DIRECTIONAL
bybit	linkusdt	20260327	trade	signed_trade_volume_imbalance	100	500	0.050000	151864	0.967452134607786	0.849813450768929	106.824394055431426	DIRECTIONAL
bybit	linkusdt	20260327	trade	signed_trade_volume_imbalance	100	500	0.100000	151363	0.970408717714584	0.851065963408302	107.162391987603442	DIRECTIONAL
bybit	linkusdt	20260327	trade	signed_trade_volume_imbalance	100	500	0.200000	150440	0.975446498720272	0.856390180508114	108.525626125861677	DIRECTIONAL
bybit	linkusdt	20260327	trade	signed_trade_volume_imbalance	250	100	0.050000	151680	0.948620774552390	0.566726851316538	118.517057296408197	DIRECTIONAL
bybit	linkusdt	20260327	trade	signed_trade_volume_imbalance	250	100	0.100000	150880	0.953258263026715	0.569399848704895	119.260411658267671	DIRECTIONAL
bybit	linkusdt	20260327	trade	signed_trade_volume_imbalance	250	100	0.200000	149293	0.961787969015439	0.585499991949586	124.345328433680493	DIRECTIONAL
bybit	linkusdt	20260327	trade	signed_trade_volume_imbalance	250	250	0.050000	151680	0.948620774552390	0.676735216339456	105.055562609145937	DIRECTIONAL
bybit	linkusdt	20260327	trade	signed_trade_volume_imbalance	250	250	0.100000	150880	0.953258263026715	0.678823849961500	105.644360216983699	DIRECTIONAL
bybit	linkusdt	20260327	trade	signed_trade_volume_imbalance	250	250	0.200000	149293	0.961787969015439	0.695368956598551	109.363366814479122	DIRECTIONAL
bybit	linkusdt	20260327	trade	signed_trade_volume_imbalance	250	500	0.050000	151680	0.948620774552390	0.846773741550627	106.812582117778064	DIRECTIONAL
bybit	linkusdt	20260327	trade	signed_trade_volume_imbalance	250	500	0.100000	150880	0.953258263026715	0.851056859314342	107.713468922442374	DIRECTIONAL
bybit	linkusdt	20260327	trade	signed_trade_volume_imbalance	250	500	0.200000	149293	0.961787969015439	0.864331805060773	110.733919866181481	DIRECTIONAL
bybit	linkusdt	20260327	trade	signed_trade_volume_imbalance	500	100	0.050000	151479	0.929645444579956	0.566653525600047	118.527612110057305	DIRECTIONAL
bybit	linkusdt	20260327	trade	signed_trade_volume_imbalance	500	100	0.100000	150479	0.935324558996313	0.574240616238145	120.690031301476324	DIRECTIONAL
bybit	linkusdt	20260327	trade	signed_trade_volume_imbalance	500	100	0.200000	148748	0.944470459456081	0.583990875746172	123.594452681944844	DIRECTIONAL
bybit	linkusdt	20260327	trade	signed_trade_volume_imbalance	500	250	0.050000	151479	0.929645444579956	0.671179640468747	103.848864580999646	DIRECTIONAL
bybit	linkusdt	20260327	trade	signed_trade_volume_imbalance	500	250	0.100000	150479	0.935324558996313	0.679444665137109	105.605066531136714	DIRECTIONAL
bybit	linkusdt	20260327	trade	signed_trade_volume_imbalance	500	250	0.200000	148748	0.944470459456081	0.691419705343484	108.095376526914876	DIRECTIONAL
bybit	linkusdt	20260327	trade	signed_trade_volume_imbalance	500	500	0.050000	151479	0.929645444579956	0.855269690450191	107.832575299200286	DIRECTIONAL
bybit	linkusdt	20260327	trade	signed_trade_volume_imbalance	500	500	0.100000	150479	0.935324558996313	0.859516923228538	109.063523053229119	DIRECTIONAL
bybit	linkusdt	20260327	trade	signed_trade_volume_imbalance	500	500	0.200000	148748	0.944470459456081	0.864184579040876	110.495738740640320	DIRECTIONAL
bybit	linkusdt	20260328	trade	signed_trade_volume_imbalance	100	100	0.050000	96916	0.964068416956539	0.678445208221528	85.772224085135633	DIRECTIONAL
bybit	linkusdt	20260328	trade	signed_trade_volume_imbalance	100	100	0.100000	96552	0.967425412046949	0.679218318878651	85.836406594009659	DIRECTIONAL
bybit	linkusdt	20260328	trade	signed_trade_volume_imbalance	100	100	0.200000	95918	0.972855768660446	0.684310848778507	86.385386712812220	DIRECTIONAL
bybit	linkusdt	20260328	trade	signed_trade_volume_imbalance	100	250	0.050000	96916	0.964068416956539	0.765495398877083	70.762610880793176	DIRECTIONAL
bybit	linkusdt	20260328	trade	signed_trade_volume_imbalance	100	250	0.100000	96552	0.967425412046949	0.769129856368256	71.076458327930467	DIRECTIONAL
bybit	linkusdt	20260328	trade	signed_trade_volume_imbalance	100	250	0.200000	95918	0.972855768660446	0.778634774611693	72.135665745037201	DIRECTIONAL
bybit	linkusdt	20260328	trade	signed_trade_volume_imbalance	100	500	0.050000	96916	0.964068416956539	1.029895670029532	75.078378076860332	DIRECTIONAL
bybit	linkusdt	20260328	trade	signed_trade_volume_imbalance	100	500	0.100000	96552	0.967425412046949	1.037632399341449	75.831381751552044	DIRECTIONAL
bybit	linkusdt	20260328	trade	signed_trade_volume_imbalance	100	500	0.200000	95918	0.972855768660446	1.050521208427813	77.142718878792152	DIRECTIONAL
bybit	linkusdt	20260328	trade	signed_trade_volume_imbalance	250	100	0.050000	96721	0.942428023056151	0.605612312749443	75.930094321135925	DIRECTIONAL
bybit	linkusdt	20260328	trade	signed_trade_volume_imbalance	250	100	0.100000	96157	0.947520387608807	0.607933270788922	76.071499846210486	DIRECTIONAL
bybit	linkusdt	20260328	trade	signed_trade_volume_imbalance	250	100	0.200000	95052	0.956815107756220	0.618186755130569	77.042643302015534	DIRECTIONAL
bybit	linkusdt	20260328	trade	signed_trade_volume_imbalance	250	250	0.050000	96721	0.942428023056151	0.711530837264529	65.654080468011358	DIRECTIONAL
bybit	linkusdt	20260328	trade	signed_trade_volume_imbalance	250	250	0.100000	96157	0.947520387608807	0.715545195198432	65.995806360404757	DIRECTIONAL
bybit	linkusdt	20260328	trade	signed_trade_volume_imbalance	250	250	0.200000	95052	0.956815107756220	0.722936242637450	66.623104288388902	DIRECTIONAL
bybit	linkusdt	20260328	trade	signed_trade_volume_imbalance	250	500	0.050000	96721	0.942428023056151	0.978140924639455	71.147682984175802	DIRECTIONAL
bybit	linkusdt	20260328	trade	signed_trade_volume_imbalance	250	500	0.100000	96157	0.947520387608807	0.990552680529642	72.249839193728647	DIRECTIONAL
bybit	linkusdt	20260328	trade	signed_trade_volume_imbalance	250	500	0.200000	95052	0.956815107756220	1.009036866459945	74.165003531221600	DIRECTIONAL
bybit	linkusdt	20260328	trade	signed_trade_volume_imbalance	500	100	0.050000	96423	0.920533960644805	0.579313618538207	72.328293391912069	DIRECTIONAL
bybit	linkusdt	20260328	trade	signed_trade_volume_imbalance	500	100	0.100000	95379	0.929792734253914	0.584359165780491	72.840588153800155	DIRECTIONAL
bybit	linkusdt	20260328	trade	signed_trade_volume_imbalance	500	100	0.200000	93879	0.942260139747520	0.600121139482333	74.725273903389819	DIRECTIONAL
bybit	linkusdt	20260328	trade	signed_trade_volume_imbalance	500	250	0.050000	96423	0.920533960644805	0.707597957977155	65.239858635056265	DIRECTIONAL
bybit	linkusdt	20260328	trade	signed_trade_volume_imbalance	500	250	0.100000	95379	0.929792734253914	0.705707271374173	65.147056482826002	DIRECTIONAL
bybit	linkusdt	20260328	trade	signed_trade_volume_imbalance	500	250	0.200000	93879	0.942260139747520	0.716625724558295	66.226927140159134	DIRECTIONAL
bybit	linkusdt	20260328	trade	signed_trade_volume_imbalance	500	500	0.050000	96423	0.920533960644805	0.969527414695315	70.659594565316468	DIRECTIONAL
bybit	linkusdt	20260328	trade	signed_trade_volume_imbalance	500	500	0.100000	95379	0.929792734253914	0.970040909723595	70.980388808728762	DIRECTIONAL
bybit	linkusdt	20260328	trade	signed_trade_volume_imbalance	500	500	0.200000	93879	0.942260139747520	0.978314403573054	72.232465907817129	DIRECTIONAL
bybit	ltcusdt	20260324	trade	signed_trade_volume_imbalance	100	100	0.050000	71831	0.981431469366651	0.498535242060301	82.523890381031066	DIRECTIONAL
bybit	ltcusdt	20260324	trade	signed_trade_volume_imbalance	100	100	0.100000	71678	0.983370228346130	0.497757585864302	82.367427797186195	DIRECTIONAL
bybit	ltcusdt	20260324	trade	signed_trade_volume_imbalance	100	100	0.200000	71439	0.986146063293572	0.498392678864908	82.454353461823445	DIRECTIONAL
bybit	ltcusdt	20260324	trade	signed_trade_volume_imbalance	100	250	0.050000	71831	0.981431469366651	0.528671430834331	81.479556617612488	DIRECTIONAL
bybit	ltcusdt	20260324	trade	signed_trade_volume_imbalance	100	250	0.100000	71678	0.983370228346130	0.527882839011106	81.312527931053324	DIRECTIONAL
bybit	ltcusdt	20260324	trade	signed_trade_volume_imbalance	100	250	0.200000	71439	0.986146063293572	0.527536268045072	81.342152521770004	DIRECTIONAL
bybit	ltcusdt	20260324	trade	signed_trade_volume_imbalance	100	500	0.050000	71831	0.981431469366651	0.563717747980205	80.369455415865573	DIRECTIONAL
bybit	ltcusdt	20260324	trade	signed_trade_volume_imbalance	100	500	0.100000	71678	0.983370228346130	0.563054390265854	80.221145168354994	DIRECTIONAL
bybit	ltcusdt	20260324	trade	signed_trade_volume_imbalance	100	500	0.200000	71439	0.986146063293572	0.563053075598082	80.279336513813035	DIRECTIONAL
bybit	ltcusdt	20260324	trade	signed_trade_volume_imbalance	250	100	0.050000	71789	0.977825142928642	0.495114363721967	81.871333798831188	DIRECTIONAL
bybit	ltcusdt	20260324	trade	signed_trade_volume_imbalance	250	100	0.100000	71613	0.980046166268152	0.494639715861322	81.782079295638653	DIRECTIONAL
bybit	ltcusdt	20260324	trade	signed_trade_volume_imbalance	250	100	0.200000	71345	0.983161393093689	0.495793992701743	81.927096726564955	DIRECTIONAL
bybit	ltcusdt	20260324	trade	signed_trade_volume_imbalance	250	250	0.050000	71789	0.977825142928642	0.524542276744964	80.713577859516235	DIRECTIONAL
bybit	ltcusdt	20260324	trade	signed_trade_volume_imbalance	250	250	0.100000	71613	0.980046166268152	0.523963521342660	80.596205761185715	DIRECTIONAL
bybit	ltcusdt	20260324	trade	signed_trade_volume_imbalance	250	250	0.200000	71345	0.983161393093689	0.524749674427894	80.727783462494799	DIRECTIONAL
bybit	ltcusdt	20260324	trade	signed_trade_volume_imbalance	250	500	0.050000	71789	0.977825142928642	0.557782641657544	79.382887780589456	DIRECTIONAL
bybit	ltcusdt	20260324	trade	signed_trade_volume_imbalance	250	500	0.100000	71613	0.980046166268152	0.557487240438650	79.297103009172460	DIRECTIONAL
bybit	ltcusdt	20260324	trade	signed_trade_volume_imbalance	250	500	0.200000	71345	0.983161393093689	0.558854447550547	79.486244400695469	DIRECTIONAL
bybit	ltcusdt	20260324	trade	signed_trade_volume_imbalance	500	100	0.050000	71771	0.974167997674369	0.491483072492856	81.202540200960414	DIRECTIONAL
bybit	ltcusdt	20260324	trade	signed_trade_volume_imbalance	500	100	0.100000	71626	0.975991081883436	0.491657658925756	81.193321415394209	DIRECTIONAL
bybit	ltcusdt	20260324	trade	signed_trade_volume_imbalance	500	100	0.200000	71318	0.979553112965640	0.492780628979049	81.327592795799916	DIRECTIONAL
bybit	ltcusdt	20260324	trade	signed_trade_volume_imbalance	500	250	0.050000	71771	0.974167997674369	0.521145801828678	80.131955838304961	DIRECTIONAL
bybit	ltcusdt	20260324	trade	signed_trade_volume_imbalance	500	250	0.100000	71626	0.975991081883436	0.521330189711289	80.110309403892558	DIRECTIONAL
bybit	ltcusdt	20260324	trade	signed_trade_volume_imbalance	500	250	0.200000	71318	0.979553112965640	0.521950254920115	80.195887258727353	DIRECTIONAL
bybit	ltcusdt	20260324	trade	signed_trade_volume_imbalance	500	500	0.050000	71771	0.974167997674369	0.554229790262120	78.829725533639945	DIRECTIONAL
bybit	ltcusdt	20260324	trade	signed_trade_volume_imbalance	500	500	0.100000	71626	0.975991081883436	0.554607224218568	78.840654606655136	DIRECTIONAL
bybit	ltcusdt	20260324	trade	signed_trade_volume_imbalance	500	500	0.200000	71318	0.979553112965640	0.555674399174249	78.991160418381710	DIRECTIONAL
bybit	ltcusdt	20260325	trade	signed_trade_volume_imbalance	100	100	0.050000	64486	0.976597465074425	0.466581031164203	60.140899969136754	DIRECTIONAL
bybit	ltcusdt	20260325	trade	signed_trade_volume_imbalance	100	100	0.100000	64234	0.980139275228887	0.466814101659679	60.101510129691142	DIRECTIONAL
bybit	ltcusdt	20260325	trade	signed_trade_volume_imbalance	100	100	0.200000	63802	0.985751416055037	0.470501068452708	60.402972044810390	DIRECTIONAL
bybit	ltcusdt	20260325	trade	signed_trade_volume_imbalance	100	250	0.050000	64486	0.976597465074425	0.576496707333808	67.941451472342393	DIRECTIONAL
bybit	ltcusdt	20260325	trade	signed_trade_volume_imbalance	100	250	0.100000	64234	0.980139275228887	0.577025264276197	67.872901838671993	DIRECTIONAL
bybit	ltcusdt	20260325	trade	signed_trade_volume_imbalance	100	250	0.200000	63802	0.985751416055037	0.580600276810067	68.051739169322602	DIRECTIONAL
bybit	ltcusdt	20260325	trade	signed_trade_volume_imbalance	100	500	0.050000	64486	0.976597465074425	0.607071886623002	66.449190997785763	DIRECTIONAL
bybit	ltcusdt	20260325	trade	signed_trade_volume_imbalance	100	500	0.100000	64234	0.980139275228887	0.607856951590378	66.418318658564999	DIRECTIONAL
bybit	ltcusdt	20260325	trade	signed_trade_volume_imbalance	100	500	0.200000	63802	0.985751416055037	0.611638951335440	66.568450721109741	DIRECTIONAL
bybit	ltcusdt	20260325	trade	signed_trade_volume_imbalance	250	100	0.050000	64529	0.971618310329537	0.464339331551862	59.849116101033566	DIRECTIONAL
bybit	ltcusdt	20260325	trade	signed_trade_volume_imbalance	250	100	0.100000	64229	0.975814750652559	0.464413993773428	59.818715549095202	DIRECTIONAL
bybit	ltcusdt	20260325	trade	signed_trade_volume_imbalance	250	100	0.200000	63590	0.984135113118787	0.469215191181424	60.161898728699285	DIRECTIONAL
bybit	ltcusdt	20260325	trade	signed_trade_volume_imbalance	250	250	0.050000	64529	0.971618310329537	0.579370044208927	68.306248413316325	DIRECTIONAL
bybit	ltcusdt	20260325	trade	signed_trade_volume_imbalance	250	250	0.100000	64229	0.975814750652559	0.580977172368112	68.362379326997925	DIRECTIONAL
bybit	ltcusdt	20260325	trade	signed_trade_volume_imbalance	250	250	0.200000	63590	0.984135113118787	0.586198540427674	68.579884099874008	DIRECTIONAL
bybit	ltcusdt	20260325	trade	signed_trade_volume_imbalance	250	500	0.050000	64529	0.971618310329537	0.605780650505366	66.339147574930664	DIRECTIONAL
bybit	ltcusdt	20260325	trade	signed_trade_volume_imbalance	250	500	0.100000	64229	0.975814750652559	0.608089350567740	66.445845524939003	DIRECTIONAL
bybit	ltcusdt	20260325	trade	signed_trade_volume_imbalance	250	500	0.200000	63590	0.984135113118787	0.613859987248317	66.670051191041836	DIRECTIONAL
bybit	ltcusdt	20260325	trade	signed_trade_volume_imbalance	500	100	0.050000	64475	0.966159982454545	0.467840766581287	60.333962984635761	DIRECTIONAL
bybit	ltcusdt	20260325	trade	signed_trade_volume_imbalance	500	100	0.100000	64186	0.970170895631465	0.468237142322045	60.335176451536228	DIRECTIONAL
bybit	ltcusdt	20260325	trade	signed_trade_volume_imbalance	500	100	0.200000	63286	0.981846309511413	0.472567420444685	60.521415044755415	DIRECTIONAL
bybit	ltcusdt	20260325	trade	signed_trade_volume_imbalance	500	250	0.050000	64475	0.966159982454545	0.582888589048056	68.721981204719441	DIRECTIONAL
bybit	ltcusdt	20260325	trade	signed_trade_volume_imbalance	500	250	0.100000	64186	0.970170895631465	0.584109149795877	68.736705160983774	DIRECTIONAL
bybit	ltcusdt	20260325	trade	signed_trade_volume_imbalance	500	250	0.200000	63286	0.981846309511413	0.585667072039080	68.407655285329156	DIRECTIONAL
bybit	ltcusdt	20260325	trade	signed_trade_volume_imbalance	500	500	0.050000	64475	0.966159982454545	0.606955258612220	66.464094945598049	DIRECTIONAL
bybit	ltcusdt	20260325	trade	signed_trade_volume_imbalance	500	500	0.100000	64186	0.970170895631465	0.609304255860951	66.597028580409372	DIRECTIONAL
bybit	ltcusdt	20260325	trade	signed_trade_volume_imbalance	500	500	0.200000	63286	0.981846309511413	0.614801420920222	66.662817084754820	DIRECTIONAL
bybit	ltcusdt	20260326	trade	signed_trade_volume_imbalance	100	100	0.050000	66450	0.978695388343859	0.635150889776364	82.707096178732257	DIRECTIONAL
bybit	ltcusdt	20260326	trade	signed_trade_volume_imbalance	100	100	0.100000	66374	0.979729472071328	0.635736697861775	82.731423649292651	DIRECTIONAL
bybit	ltcusdt	20260326	trade	signed_trade_volume_imbalance	100	100	0.200000	66151	0.982529576658503	0.637739447431865	82.857069152037440	DIRECTIONAL
bybit	ltcusdt	20260326	trade	signed_trade_volume_imbalance	100	250	0.050000	66450	0.978695388343859	0.755781737586922	83.842265406878994	DIRECTIONAL
bybit	ltcusdt	20260326	trade	signed_trade_volume_imbalance	100	250	0.100000	66374	0.979729472071328	0.756065499535133	83.838796961907136	DIRECTIONAL
bybit	ltcusdt	20260326	trade	signed_trade_volume_imbalance	100	250	0.200000	66151	0.982529576658503	0.757154784271521	83.878685748952947	DIRECTIONAL
bybit	ltcusdt	20260326	trade	signed_trade_volume_imbalance	100	500	0.050000	66450	0.978695388343859	0.888974323998474	79.076860394289653	DIRECTIONAL
bybit	ltcusdt	20260326	trade	signed_trade_volume_imbalance	100	500	0.100000	66374	0.979729472071328	0.889358717546852	79.075690023827974	DIRECTIONAL
bybit	ltcusdt	20260326	trade	signed_trade_volume_imbalance	100	500	0.200000	66151	0.982529576658503	0.889735112276865	79.123035023785050	DIRECTIONAL
bybit	ltcusdt	20260326	trade	signed_trade_volume_imbalance	250	100	0.050000	66391	0.970831298152639	0.633598874437174	82.440157803096199	DIRECTIONAL
bybit	ltcusdt	20260326	trade	signed_trade_volume_imbalance	250	100	0.100000	66253	0.972694223099867	0.635037455875252	82.538509574666961	DIRECTIONAL
bybit	ltcusdt	20260326	trade	signed_trade_volume_imbalance	250	100	0.200000	65947	0.976523906947807	0.636262027545049	82.550536138678012	DIRECTIONAL
bybit	ltcusdt	20260326	trade	signed_trade_volume_imbalance	250	250	0.050000	66391	0.970831298152639	0.761541292121387	84.495435282386254	DIRECTIONAL
bybit	ltcusdt	20260326	trade	signed_trade_volume_imbalance	250	250	0.100000	66253	0.972694223099867	0.764047752737514	84.806759938886543	DIRECTIONAL
bybit	ltcusdt	20260326	trade	signed_trade_volume_imbalance	250	250	0.200000	65947	0.976523906947807	0.763463974172245	84.754548388991566	DIRECTIONAL
bybit	ltcusdt	20260326	trade	signed_trade_volume_imbalance	250	500	0.050000	66391	0.970831298152639	0.900927480685726	80.204755329231503	DIRECTIONAL
bybit	ltcusdt	20260326	trade	signed_trade_volume_imbalance	250	500	0.100000	66253	0.972694223099867	0.903639475859555	80.496491604196223	DIRECTIONAL
bybit	ltcusdt	20260326	trade	signed_trade_volume_imbalance	250	500	0.200000	65947	0.976523906947807	0.900596044980630	80.447028288798094	DIRECTIONAL
bybit	ltcusdt	20260326	trade	signed_trade_volume_imbalance	500	100	0.050000	66270	0.960961164801498	0.616109765745536	79.873330928985936	DIRECTIONAL
bybit	ltcusdt	20260326	trade	signed_trade_volume_imbalance	500	100	0.100000	66051	0.963900451121918	0.617998921728998	80.053063265048053	DIRECTIONAL
bybit	ltcusdt	20260326	trade	signed_trade_volume_imbalance	500	100	0.200000	65705	0.968183086318353	0.622348637720598	80.569227096229397	DIRECTIONAL
bybit	ltcusdt	20260326	trade	signed_trade_volume_imbalance	500	250	0.050000	66270	0.960961164801498	0.729425284593741	80.708993441050538	DIRECTIONAL
bybit	ltcusdt	20260326	trade	signed_trade_volume_imbalance	500	250	0.100000	66051	0.963900451121918	0.732206845465876	81.038224615683831	DIRECTIONAL
bybit	ltcusdt	20260326	trade	signed_trade_volume_imbalance	500	250	0.200000	65705	0.968183086318353	0.738109785179068	81.882447514298462	DIRECTIONAL
bybit	ltcusdt	20260326	trade	signed_trade_volume_imbalance	500	500	0.050000	66270	0.960961164801498	0.870432729847042	77.386449203748398	DIRECTIONAL
bybit	ltcusdt	20260326	trade	signed_trade_volume_imbalance	500	500	0.100000	66051	0.963900451121918	0.873927549552452	77.662789388554273	DIRECTIONAL
bybit	ltcusdt	20260326	trade	signed_trade_volume_imbalance	500	500	0.200000	65705	0.968183086318353	0.879829096607423	78.505964338119554	DIRECTIONAL
bybit	ltcusdt	20260327	trade	signed_trade_volume_imbalance	100	100	0.050000	77949	0.976754244603771	0.483813563480086	67.170559269854891	DIRECTIONAL
bybit	ltcusdt	20260327	trade	signed_trade_volume_imbalance	100	100	0.100000	77822	0.978227507623583	0.484015132221475	67.164103169318537	DIRECTIONAL
bybit	ltcusdt	20260327	trade	signed_trade_volume_imbalance	100	100	0.200000	77545	0.981179137300065	0.484601617288532	67.174135617765842	DIRECTIONAL
bybit	ltcusdt	20260327	trade	signed_trade_volume_imbalance	100	250	0.050000	77949	0.976754244603771	0.561044036445810	66.567177384612521	DIRECTIONAL
bybit	ltcusdt	20260327	trade	signed_trade_volume_imbalance	100	250	0.100000	77822	0.978227507623583	0.560828578714672	66.547713832026531	DIRECTIONAL
bybit	ltcusdt	20260327	trade	signed_trade_volume_imbalance	100	250	0.200000	77545	0.981179137300065	0.561286763694815	66.568663771175679	DIRECTIONAL
bybit	ltcusdt	20260327	trade	signed_trade_volume_imbalance	100	500	0.050000	77949	0.976754244603771	0.681440440764525	67.135907036055883	DIRECTIONAL
bybit	ltcusdt	20260327	trade	signed_trade_volume_imbalance	100	500	0.100000	77822	0.978227507623583	0.680714340936306	67.148160543088807	DIRECTIONAL
bybit	ltcusdt	20260327	trade	signed_trade_volume_imbalance	100	500	0.200000	77545	0.981179137300065	0.680244583025612	67.110366217364387	DIRECTIONAL
bybit	ltcusdt	20260327	trade	signed_trade_volume_imbalance	250	100	0.050000	77874	0.967744829426061	0.474423294133940	65.751937250135015	DIRECTIONAL
bybit	ltcusdt	20260327	trade	signed_trade_volume_imbalance	250	100	0.100000	77668	0.970109370604005	0.475091862619072	65.785415531232985	DIRECTIONAL
bybit	ltcusdt	20260327	trade	signed_trade_volume_imbalance	250	100	0.200000	77281	0.974205964659217	0.477690217605815	66.012171338251875	DIRECTIONAL
bybit	ltcusdt	20260327	trade	signed_trade_volume_imbalance	250	250	0.050000	77874	0.967744829426061	0.558456345112931	66.183557481413303	DIRECTIONAL
bybit	ltcusdt	20260327	trade	signed_trade_volume_imbalance	250	250	0.100000	77668	0.970109370604005	0.559451858078308	66.269950802773465	DIRECTIONAL
bybit	ltcusdt	20260327	trade	signed_trade_volume_imbalance	250	250	0.200000	77281	0.974205964659217	0.562478755182698	66.557801159986269	DIRECTIONAL
bybit	ltcusdt	20260327	trade	signed_trade_volume_imbalance	250	500	0.050000	77874	0.967744829426061	0.688197355283337	67.835203017404396	DIRECTIONAL
bybit	ltcusdt	20260327	trade	signed_trade_volume_imbalance	250	500	0.100000	77668	0.970109370604005	0.689449439984642	68.009165661730435	DIRECTIONAL
bybit	ltcusdt	20260327	trade	signed_trade_volume_imbalance	250	500	0.200000	77281	0.974205964659217	0.691025057380180	68.198071555136096	DIRECTIONAL
bybit	ltcusdt	20260327	trade	signed_trade_volume_imbalance	500	100	0.050000	77752	0.959353424194698	0.476519193852657	65.975168045983622	DIRECTIONAL
bybit	ltcusdt	20260327	trade	signed_trade_volume_imbalance	500	100	0.100000	77506	0.962154559126068	0.477298791384341	66.037981654515434	DIRECTIONAL
bybit	ltcusdt	20260327	trade	signed_trade_volume_imbalance	500	100	0.200000	77011	0.967368713699188	0.479819246911979	66.216245212923468	DIRECTIONAL
bybit	ltcusdt	20260327	trade	signed_trade_volume_imbalance	500	250	0.050000	77752	0.959353424194698	0.570782570753299	67.679990105516296	DIRECTIONAL
bybit	ltcusdt	20260327	trade	signed_trade_volume_imbalance	500	250	0.100000	77506	0.962154559126068	0.572183561350380	67.841917666413110	DIRECTIONAL
bybit	ltcusdt	20260327	trade	signed_trade_volume_imbalance	500	250	0.200000	77011	0.967368713699188	0.574240250314028	67.947513339187282	DIRECTIONAL
bybit	ltcusdt	20260327	trade	signed_trade_volume_imbalance	500	500	0.050000	77752	0.959353424194698	0.701480099964266	69.100820019246697	DIRECTIONAL
bybit	ltcusdt	20260327	trade	signed_trade_volume_imbalance	500	500	0.100000	77506	0.962154559126068	0.703424816495212	69.343031607476675	DIRECTIONAL
bybit	ltcusdt	20260327	trade	signed_trade_volume_imbalance	500	500	0.200000	77011	0.967368713699188	0.704963461212687	69.393282061624745	DIRECTIONAL
bybit	ltcusdt	20260328	trade	signed_trade_volume_imbalance	100	100	0.050000	56443	0.979223238214827	0.633512572039981	53.572174081881847	DIRECTIONAL
bybit	ltcusdt	20260328	trade	signed_trade_volume_imbalance	100	100	0.100000	56384	0.980168533105954	0.634273426484882	53.588597772629278	DIRECTIONAL
bybit	ltcusdt	20260328	trade	signed_trade_volume_imbalance	100	100	0.200000	56233	0.982400079228333	0.635161241508020	53.543404865498260	DIRECTIONAL
bybit	ltcusdt	20260328	trade	signed_trade_volume_imbalance	100	250	0.050000	56443	0.979223238214827	0.722154398953429	55.312880877001781	DIRECTIONAL
bybit	ltcusdt	20260328	trade	signed_trade_volume_imbalance	100	250	0.100000	56384	0.980168533105954	0.722910927013865	55.325162570746890	DIRECTIONAL
bybit	ltcusdt	20260328	trade	signed_trade_volume_imbalance	100	250	0.200000	56233	0.982400079228333	0.724423954402002	55.320780227578680	DIRECTIONAL
bybit	ltcusdt	20260328	trade	signed_trade_volume_imbalance	100	500	0.050000	56443	0.979223238214827	0.725634987482543	51.761414571470830	DIRECTIONAL
bybit	ltcusdt	20260328	trade	signed_trade_volume_imbalance	100	500	0.100000	56384	0.980168533105954	0.725973311560619	51.747753204389419	DIRECTIONAL
bybit	ltcusdt	20260328	trade	signed_trade_volume_imbalance	100	500	0.200000	56233	0.982400079228333	0.727073392379787	51.762821860809041	DIRECTIONAL
bybit	ltcusdt	20260328	trade	signed_trade_volume_imbalance	250	100	0.050000	56418	0.974120832004135	0.627248016985093	52.996729757331366	DIRECTIONAL
bybit	ltcusdt	20260328	trade	signed_trade_volume_imbalance	250	100	0.100000	56342	0.975332946649108	0.627738422519251	52.982423843254367	DIRECTIONAL
bybit	ltcusdt	20260328	trade	signed_trade_volume_imbalance	250	100	0.200000	56183	0.977670569047024	0.628569841924754	52.948144860966792	DIRECTIONAL
bybit	ltcusdt	20260328	trade	signed_trade_volume_imbalance	250	250	0.050000	56418	0.974120832004135	0.715529651250747	54.766964636621104	DIRECTIONAL
bybit	ltcusdt	20260328	trade	signed_trade_volume_imbalance	250	250	0.100000	56342	0.975332946649108	0.715913601136888	54.741453605111701	DIRECTIONAL
bybit	ltcusdt	20260328	trade	signed_trade_volume_imbalance	250	250	0.200000	56183	0.977670569047024	0.716469918841188	54.676335873638870	DIRECTIONAL
bybit	ltcusdt	20260328	trade	signed_trade_volume_imbalance	250	500	0.050000	56418	0.974120832004135	0.727360170665910	51.898836148701065	DIRECTIONAL
bybit	ltcusdt	20260328	trade	signed_trade_volume_imbalance	250	500	0.100000	56342	0.975332946649108	0.727208895844328	51.843320900630459	DIRECTIONAL
bybit	ltcusdt	20260328	trade	signed_trade_volume_imbalance	250	500	0.200000	56183	0.977670569047024	0.727576962170884	51.793915585435904	DIRECTIONAL
bybit	ltcusdt	20260328	trade	signed_trade_volume_imbalance	500	100	0.050000	56382	0.963586102208864	0.614450257489483	51.834007462559164	DIRECTIONAL
bybit	ltcusdt	20260328	trade	signed_trade_volume_imbalance	500	100	0.100000	56287	0.965085354021570	0.615290841393556	51.837093518538410	DIRECTIONAL
bybit	ltcusdt	20260328	trade	signed_trade_volume_imbalance	500	100	0.200000	56080	0.968083175130860	0.616554152984533	51.792823331702024	DIRECTIONAL
bybit	ltcusdt	20260328	trade	signed_trade_volume_imbalance	500	250	0.050000	56382	0.963586102208864	0.703179766103762	53.729602023962357	DIRECTIONAL
bybit	ltcusdt	20260328	trade	signed_trade_volume_imbalance	500	250	0.100000	56287	0.965085354021570	0.704397233687493	53.760364686437981	DIRECTIONAL
bybit	ltcusdt	20260328	trade	signed_trade_volume_imbalance	500	250	0.200000	56080	0.968083175130860	0.706641884627199	53.818991745743915	DIRECTIONAL
bybit	ltcusdt	20260328	trade	signed_trade_volume_imbalance	500	500	0.050000	56382	0.963586102208864	0.714250162085898	50.876716806105570	DIRECTIONAL
bybit	ltcusdt	20260328	trade	signed_trade_volume_imbalance	500	500	0.100000	56287	0.965085354021570	0.714837371201808	50.861357838642625	DIRECTIONAL
bybit	ltcusdt	20260328	trade	signed_trade_volume_imbalance	500	500	0.200000	56080	0.968083175130860	0.715786974874073	50.843108074239304	DIRECTIONAL
bybit	solusdt	20260324	trade	signed_trade_volume_imbalance	100	100	0.050000	698163	0.963631677602928	0.488839072966102	145.047490734906944	DIRECTIONAL
bybit	solusdt	20260324	trade	signed_trade_volume_imbalance	100	100	0.100000	696328	0.965978021461190	0.489879915315176	145.088389635834289	DIRECTIONAL
bybit	solusdt	20260324	trade	signed_trade_volume_imbalance	100	100	0.200000	692378	0.970635871969793	0.494165452034093	145.879169908417992	DIRECTIONAL
bybit	solusdt	20260324	trade	signed_trade_volume_imbalance	100	250	0.050000	698163	0.963631677602928	0.532756114598359	156.147314776264665	DIRECTIONAL
bybit	solusdt	20260324	trade	signed_trade_volume_imbalance	100	250	0.100000	696328	0.965978021461190	0.534020535119606	156.265568621654694	DIRECTIONAL
bybit	solusdt	20260324	trade	signed_trade_volume_imbalance	100	250	0.200000	692378	0.970635871969793	0.538936616529436	157.292757724255495	DIRECTIONAL
bybit	solusdt	20260324	trade	signed_trade_volume_imbalance	100	500	0.050000	698163	0.963631677602928	0.526166230874922	145.432776744809416	DIRECTIONAL
bybit	solusdt	20260324	trade	signed_trade_volume_imbalance	100	500	0.100000	696328	0.965978021461190	0.527078548025546	145.461230716009027	DIRECTIONAL
bybit	solusdt	20260324	trade	signed_trade_volume_imbalance	100	500	0.200000	692378	0.970635871969793	0.531393488344292	146.245424173922089	DIRECTIONAL
bybit	solusdt	20260324	trade	signed_trade_volume_imbalance	250	100	0.050000	696957	0.941198649762307	0.481203273569135	142.418282237638465	DIRECTIONAL
bybit	solusdt	20260324	trade	signed_trade_volume_imbalance	250	100	0.100000	693922	0.944984966955332	0.481370928227297	141.990181772585771	DIRECTIONAL
bybit	solusdt	20260324	trade	signed_trade_volume_imbalance	250	100	0.200000	687562	0.952336895373353	0.485016165652841	141.937775775786633	DIRECTIONAL
bybit	solusdt	20260324	trade	signed_trade_volume_imbalance	250	250	0.050000	696957	0.941198649762307	0.518092634762406	151.403614839139522	DIRECTIONAL
bybit	solusdt	20260324	trade	signed_trade_volume_imbalance	250	250	0.100000	693922	0.944984966955332	0.518686370348685	151.098534585051141	DIRECTIONAL
bybit	solusdt	20260324	trade	signed_trade_volume_imbalance	250	250	0.200000	687562	0.952336895373353	0.523000522158340	151.225660612686767	DIRECTIONAL
bybit	solusdt	20260324	trade	signed_trade_volume_imbalance	250	500	0.050000	696957	0.941198649762307	0.507914096106538	139.962668346039891	DIRECTIONAL
bybit	solusdt	20260324	trade	signed_trade_volume_imbalance	250	500	0.100000	693922	0.944984966955332	0.507922477409132	139.610016157213153	DIRECTIONAL
bybit	solusdt	20260324	trade	signed_trade_volume_imbalance	250	500	0.200000	687562	0.952336895373353	0.511638044462342	139.700700588654001	DIRECTIONAL
bybit	solusdt	20260324	trade	signed_trade_volume_imbalance	500	100	0.050000	695421	0.911071838907204	0.462215667511928	136.374045526308976	DIRECTIONAL
bybit	solusdt	20260324	trade	signed_trade_volume_imbalance	500	100	0.100000	691018	0.916397857148865	0.464847269534047	136.387532316405753	DIRECTIONAL
bybit	solusdt	20260324	trade	signed_trade_volume_imbalance	500	100	0.200000	681188	0.927440625527247	0.471071073873712	136.547893066719837	DIRECTIONAL
bybit	solusdt	20260324	trade	signed_trade_volume_imbalance	500	250	0.050000	695421	0.911071838907204	0.497011326419738	144.787104054024894	DIRECTIONAL
bybit	solusdt	20260324	trade	signed_trade_volume_imbalance	500	250	0.100000	691018	0.916397857148865	0.499964652976653	144.904163907935299	DIRECTIONAL
bybit	solusdt	20260324	trade	signed_trade_volume_imbalance	500	250	0.200000	681188	0.927440625527247	0.506181504538641	145.059043923860855	DIRECTIONAL
bybit	solusdt	20260324	trade	signed_trade_volume_imbalance	500	500	0.050000	695421	0.911071838907204	0.478100682257865	131.313815819107816	DIRECTIONAL
bybit	solusdt	20260324	trade	signed_trade_volume_imbalance	500	500	0.100000	691018	0.916397857148865	0.480741212982497	131.415647181182209	DIRECTIONAL
bybit	solusdt	20260324	trade	signed_trade_volume_imbalance	500	500	0.200000	681188	0.927440625527247	0.487415220807293	131.831972984302837	DIRECTIONAL
bybit	solusdt	20260325	trade	signed_trade_volume_imbalance	100	100	0.050000	586622	0.964671039277632	0.413748451074919	148.467730421037629	DIRECTIONAL
bybit	solusdt	20260325	trade	signed_trade_volume_imbalance	100	100	0.100000	585175	0.966869529072960	0.415286215091078	148.791605275277959	DIRECTIONAL
bybit	solusdt	20260325	trade	signed_trade_volume_imbalance	100	100	0.200000	582168	0.971086344059938	0.416784832574849	148.810545885449670	DIRECTIONAL
bybit	solusdt	20260325	trade	signed_trade_volume_imbalance	100	250	0.050000	586622	0.964671039277632	0.484830098907806	150.467940176754070	DIRECTIONAL
bybit	solusdt	20260325	trade	signed_trade_volume_imbalance	100	250	0.100000	585175	0.966869529072960	0.485893657860268	150.531514108164089	DIRECTIONAL
bybit	solusdt	20260325	trade	signed_trade_volume_imbalance	100	250	0.200000	582168	0.971086344059938	0.487462921422407	150.456731208699438	DIRECTIONAL
bybit	solusdt	20260325	trade	signed_trade_volume_imbalance	100	500	0.050000	586622	0.964671039277632	0.496287928658792	139.806805888762227	DIRECTIONAL
bybit	solusdt	20260325	trade	signed_trade_volume_imbalance	100	500	0.100000	585175	0.966869529072960	0.498251933242671	140.145906455185099	DIRECTIONAL
bybit	solusdt	20260325	trade	signed_trade_volume_imbalance	100	500	0.200000	582168	0.971086344059938	0.500731582552690	140.386055735871537	DIRECTIONAL
bybit	solusdt	20260325	trade	signed_trade_volume_imbalance	250	100	0.050000	585720	0.945003549241397	0.409589661177590	146.704680375318333	DIRECTIONAL
bybit	solusdt	20260325	trade	signed_trade_volume_imbalance	250	100	0.100000	583505	0.948308190410900	0.411400870713589	146.931695217717362	DIRECTIONAL
bybit	solusdt	20260325	trade	signed_trade_volume_imbalance	250	100	0.200000	578480	0.955221033926533	0.414040611941982	146.908265629009406	DIRECTIONAL
bybit	solusdt	20260325	trade	signed_trade_volume_imbalance	250	250	0.050000	585720	0.945003549241397	0.479837462492766	148.614803428074197	DIRECTIONAL
bybit	solusdt	20260325	trade	signed_trade_volume_imbalance	250	250	0.100000	583505	0.948308190410900	0.482148176175122	148.907339025530803	DIRECTIONAL
bybit	solusdt	20260325	trade	signed_trade_volume_imbalance	250	250	0.200000	578480	0.955221033926533	0.485589377948116	148.992913291250545	DIRECTIONAL
bybit	solusdt	20260325	trade	signed_trade_volume_imbalance	250	500	0.050000	585720	0.945003549241397	0.493452046394726	138.750447473734852	DIRECTIONAL
bybit	solusdt	20260325	trade	signed_trade_volume_imbalance	250	500	0.100000	583505	0.948308190410900	0.496113223764693	139.143482873968566	DIRECTIONAL
bybit	solusdt	20260325	trade	signed_trade_volume_imbalance	250	500	0.200000	578480	0.955221033926533	0.499490670680404	139.250679683261637	DIRECTIONAL
bybit	solusdt	20260325	trade	signed_trade_volume_imbalance	500	100	0.050000	584655	0.918918835151896	0.401406921641018	143.444165678801198	DIRECTIONAL
bybit	solusdt	20260325	trade	signed_trade_volume_imbalance	500	100	0.100000	581340	0.923729138407384	0.403312402242842	143.491191954230942	DIRECTIONAL
bybit	solusdt	20260325	trade	signed_trade_volume_imbalance	500	100	0.200000	573814	0.933871015467798	0.406576451967857	143.193445151250387	DIRECTIONAL
bybit	solusdt	20260325	trade	signed_trade_volume_imbalance	500	250	0.050000	584655	0.918918835151896	0.467247460344089	144.378359172859462	DIRECTIONAL
bybit	solusdt	20260325	trade	signed_trade_volume_imbalance	500	250	0.100000	581340	0.923729138407384	0.469548242784738	144.468473545016138	DIRECTIONAL
bybit	solusdt	20260325	trade	signed_trade_volume_imbalance	500	250	0.200000	573814	0.933871015467798	0.474148525711052	144.429356553389056	DIRECTIONAL
bybit	solusdt	20260325	trade	signed_trade_volume_imbalance	500	500	0.050000	584655	0.918918835151896	0.482370399651379	135.359760196316785	DIRECTIONAL
bybit	solusdt	20260325	trade	signed_trade_volume_imbalance	500	500	0.100000	581340	0.923729138407384	0.485005133902754	135.514042306728868	DIRECTIONAL
bybit	solusdt	20260325	trade	signed_trade_volume_imbalance	500	500	0.200000	573814	0.933871015467798	0.490893467623307	135.818253198132396	DIRECTIONAL
bybit	solusdt	20260326	trade	signed_trade_volume_imbalance	100	100	0.050000	668942	0.950340576787527	0.346836560571804	126.145373216169858	DIRECTIONAL
bybit	solusdt	20260326	trade	signed_trade_volume_imbalance	100	100	0.100000	666631	0.953377997438289	0.350033635704998	127.213687550907935	DIRECTIONAL
bybit	solusdt	20260326	trade	signed_trade_volume_imbalance	100	100	0.200000	661978	0.959004800545285	0.352062690545556	127.589480841009149	DIRECTIONAL
bybit	solusdt	20260326	trade	signed_trade_volume_imbalance	100	250	0.050000	668941	0.950340502551647	0.374831382801203	122.013940151593246	DIRECTIONAL
bybit	solusdt	20260326	trade	signed_trade_volume_imbalance	100	250	0.100000	666630	0.953377927501439	0.379031656673008	123.494885531944959	DIRECTIONAL
bybit	solusdt	20260326	trade	signed_trade_volume_imbalance	100	250	0.200000	661977	0.959004738616850	0.379734343947040	123.760099490625180	DIRECTIONAL
bybit	solusdt	20260326	trade	signed_trade_volume_imbalance	100	500	0.050000	668941	0.950340502551647	0.420331328305822	115.900971906418377	DIRECTIONAL
bybit	solusdt	20260326	trade	signed_trade_volume_imbalance	100	500	0.100000	666630	0.953377927501439	0.424987994673491	117.340059427373916	DIRECTIONAL
bybit	solusdt	20260326	trade	signed_trade_volume_imbalance	100	500	0.200000	661977	0.959004738616850	0.424641101567722	117.486252314049111	DIRECTIONAL
bybit	solusdt	20260326	trade	signed_trade_volume_imbalance	250	100	0.050000	667432	0.921026949934691	0.334428260984882	121.305707430441004	DIRECTIONAL
bybit	solusdt	20260326	trade	signed_trade_volume_imbalance	250	100	0.100000	663611	0.925898926885388	0.337690939902728	122.134478701796851	DIRECTIONAL
bybit	solusdt	20260326	trade	signed_trade_volume_imbalance	250	100	0.200000	655821	0.935095325995022	0.342788649870858	123.321910384662317	DIRECTIONAL
bybit	solusdt	20260326	trade	signed_trade_volume_imbalance	250	250	0.050000	667431	0.921026831610774	0.367698924290845	119.371142861144079	DIRECTIONAL
bybit	solusdt	20260326	trade	signed_trade_volume_imbalance	250	250	0.100000	663610	0.925898815221801	0.370201178244002	120.158369372417312	DIRECTIONAL
bybit	solusdt	20260326	trade	signed_trade_volume_imbalance	250	250	0.200000	655820	0.935095227027815	0.372865432365683	120.801917049400814	DIRECTIONAL
bybit	solusdt	20260326	trade	signed_trade_volume_imbalance	250	500	0.050000	667431	0.921026831610774	0.424067660663009	116.636821974458456	DIRECTIONAL
bybit	solusdt	20260326	trade	signed_trade_volume_imbalance	250	500	0.100000	663610	0.925898815221801	0.426927563569686	117.334800183273657	DIRECTIONAL
bybit	solusdt	20260326	trade	signed_trade_volume_imbalance	250	500	0.200000	655820	0.935095227027815	0.428626502714836	117.692088715463839	DIRECTIONAL
bybit	solusdt	20260326	trade	signed_trade_volume_imbalance	500	100	0.050000	665386	0.889076521394227	0.331374592149456	119.913099173699621	DIRECTIONAL
bybit	solusdt	20260326	trade	signed_trade_volume_imbalance	500	100	0.100000	659671	0.896129701035809	0.335711367181837	120.964658806782140	DIRECTIONAL
bybit	solusdt	20260326	trade	signed_trade_volume_imbalance	500	100	0.200000	648780	0.908632942466681	0.342747626405767	122.759134495384231	DIRECTIONAL
bybit	solusdt	20260326	trade	signed_trade_volume_imbalance	500	250	0.050000	665385	0.889076354688517	0.363134995822415	117.719121030051227	DIRECTIONAL
bybit	solusdt	20260326	trade	signed_trade_volume_imbalance	500	250	0.100000	659670	0.896129543577839	0.367570340614521	118.950609593979678	DIRECTIONAL
bybit	solusdt	20260326	trade	signed_trade_volume_imbalance	500	250	0.200000	648779	0.908632801637435	0.372862482956567	120.165042571132247	DIRECTIONAL
bybit	solusdt	20260326	trade	signed_trade_volume_imbalance	500	500	0.050000	665385	0.889076354688517	0.420533667598852	115.779710231481715	DIRECTIONAL
bybit	solusdt	20260326	trade	signed_trade_volume_imbalance	500	500	0.100000	659670	0.896129543577839	0.425177428727016	116.975487673902592	DIRECTIONAL
bybit	solusdt	20260326	trade	signed_trade_volume_imbalance	500	500	0.200000	648779	0.908632801637435	0.431504307851611	118.251869317701903	DIRECTIONAL
bybit	solusdt	20260327	trade	signed_trade_volume_imbalance	100	100	0.050000	604435	0.943344588225285	0.450181703467692	96.792602603586587	DIRECTIONAL
bybit	solusdt	20260327	trade	signed_trade_volume_imbalance	100	100	0.100000	601989	0.946870368619087	0.453058468310090	97.183779303330766	DIRECTIONAL
bybit	solusdt	20260327	trade	signed_trade_volume_imbalance	100	100	0.200000	597030	0.953483678503634	0.455614918718993	97.247223597160641	DIRECTIONAL
bybit	solusdt	20260327	trade	signed_trade_volume_imbalance	100	250	0.050000	604435	0.943344588225285	0.524917554561461	84.756831168361941	DIRECTIONAL
bybit	solusdt	20260327	trade	signed_trade_volume_imbalance	100	250	0.100000	601989	0.946870368619087	0.529607824371036	85.333363563196698	DIRECTIONAL
bybit	solusdt	20260327	trade	signed_trade_volume_imbalance	100	250	0.200000	597030	0.953483678503634	0.535125769844217	85.806899336644918	DIRECTIONAL
bybit	solusdt	20260327	trade	signed_trade_volume_imbalance	100	500	0.050000	604435	0.943344588225285	0.631664153410945	95.801395811729321	DIRECTIONAL
bybit	solusdt	20260327	trade	signed_trade_volume_imbalance	100	500	0.100000	601989	0.946870368619087	0.637460786078069	96.588100933645265	DIRECTIONAL
bybit	solusdt	20260327	trade	signed_trade_volume_imbalance	100	500	0.200000	597030	0.953483678503634	0.647531890835687	97.829923721673723	DIRECTIONAL
bybit	solusdt	20260327	trade	signed_trade_volume_imbalance	250	100	0.050000	602781	0.914374227146045	0.434767207875309	93.457598120408107	DIRECTIONAL
bybit	solusdt	20260327	trade	signed_trade_volume_imbalance	250	100	0.100000	598945	0.919745535813616	0.437167073275009	93.681747188629075	DIRECTIONAL
bybit	solusdt	20260327	trade	signed_trade_volume_imbalance	250	100	0.200000	590803	0.930324749116075	0.442606531188656	94.096262808869810	DIRECTIONAL
bybit	solusdt	20260327	trade	signed_trade_volume_imbalance	250	250	0.050000	602781	0.914374227146045	0.508567707653771	81.996634247804579	DIRECTIONAL
bybit	solusdt	20260327	trade	signed_trade_volume_imbalance	250	250	0.100000	598945	0.919745535813616	0.513621743564663	82.499136080753203	DIRECTIONAL
bybit	solusdt	20260327	trade	signed_trade_volume_imbalance	250	250	0.200000	590803	0.930324749116075	0.516152335322330	82.228405240860781	DIRECTIONAL
bybit	solusdt	20260327	trade	signed_trade_volume_imbalance	250	500	0.050000	602781	0.914374227146045	0.610762120362396	92.524464792488288	DIRECTIONAL
bybit	solusdt	20260327	trade	signed_trade_volume_imbalance	250	500	0.100000	598945	0.919745535813616	0.617069605864415	93.212017314317322	DIRECTIONAL
bybit	solusdt	20260327	trade	signed_trade_volume_imbalance	250	500	0.200000	590803	0.930324749116075	0.627111736115339	94.156275509286672	DIRECTIONAL
bybit	solusdt	20260327	trade	signed_trade_volume_imbalance	500	100	0.050000	600527	0.883910118884682	0.429602168309269	91.846178437102992	DIRECTIONAL
bybit	solusdt	20260327	trade	signed_trade_volume_imbalance	500	100	0.100000	594974	0.891464861973644	0.434051606931409	92.295190348986850	DIRECTIONAL
bybit	solusdt	20260327	trade	signed_trade_volume_imbalance	500	100	0.200000	584282	0.905049646494271	0.446368167075354	93.787031712475326	DIRECTIONAL
bybit	solusdt	20260327	trade	signed_trade_volume_imbalance	500	250	0.050000	600527	0.883910118884682	0.491006799363946	78.874679907460617	DIRECTIONAL
bybit	solusdt	20260327	trade	signed_trade_volume_imbalance	500	250	0.100000	594974	0.891464861973644	0.493223908116545	78.743845770286882	DIRECTIONAL
bybit	solusdt	20260327	trade	signed_trade_volume_imbalance	500	250	0.200000	584282	0.905049646494271	0.510755195529996	80.632170369866856	DIRECTIONAL
bybit	solusdt	20260327	trade	signed_trade_volume_imbalance	500	500	0.050000	600527	0.883910118884682	0.607484692643453	91.701930058261325	DIRECTIONAL
bybit	solusdt	20260327	trade	signed_trade_volume_imbalance	500	500	0.100000	594974	0.891464861973644	0.611317627723321	91.822317606408859	DIRECTIONAL
bybit	solusdt	20260327	trade	signed_trade_volume_imbalance	500	500	0.200000	584282	0.905049646494271	0.626579671476562	93.311518525018798	DIRECTIONAL
bybit	solusdt	20260328	trade	signed_trade_volume_imbalance	100	100	0.050000	349656	0.962786992776193	0.383185785993389	96.199394283363972	DIRECTIONAL
bybit	solusdt	20260328	trade	signed_trade_volume_imbalance	100	100	0.100000	348661	0.965324576411464	0.383280096054873	96.201857773303146	DIRECTIONAL
bybit	solusdt	20260328	trade	signed_trade_volume_imbalance	100	100	0.200000	346452	0.970524984927825	0.382784343994607	96.616041764356098	DIRECTIONAL
bybit	solusdt	20260328	trade	signed_trade_volume_imbalance	100	250	0.050000	349656	0.962786992776193	0.413457543650353	93.028707915498515	DIRECTIONAL
bybit	solusdt	20260328	trade	signed_trade_volume_imbalance	100	250	0.100000	348661	0.965324576411464	0.412647255385583	92.893107571976927	DIRECTIONAL
bybit	solusdt	20260328	trade	signed_trade_volume_imbalance	100	250	0.200000	346452	0.970524984927825	0.411385806056961	92.902060218641438	DIRECTIONAL
bybit	solusdt	20260328	trade	signed_trade_volume_imbalance	100	500	0.050000	349655	0.962786886348407	0.480793554086586	95.697195142025393	DIRECTIONAL
bybit	solusdt	20260328	trade	signed_trade_volume_imbalance	100	500	0.100000	348660	0.965324476958060	0.479977092844065	95.684768071730034	DIRECTIONAL
bybit	solusdt	20260328	trade	signed_trade_volume_imbalance	100	500	0.200000	346451	0.970524899850816	0.477260523761972	95.600101431450000	DIRECTIONAL
bybit	solusdt	20260328	trade	signed_trade_volume_imbalance	250	100	0.050000	349135	0.944256840401847	0.380620118001062	95.682019140035777	DIRECTIONAL
bybit	solusdt	20260328	trade	signed_trade_volume_imbalance	250	100	0.100000	347812	0.947561575011111	0.381235316779144	95.690852103904618	DIRECTIONAL
bybit	solusdt	20260328	trade	signed_trade_volume_imbalance	250	100	0.200000	344759	0.954637338923896	0.382256044762938	95.515917278028724	DIRECTIONAL
bybit	solusdt	20260328	trade	signed_trade_volume_imbalance	250	250	0.050000	349135	0.944256840401847	0.402909694149893	90.814150884289376	DIRECTIONAL
bybit	solusdt	20260328	trade	signed_trade_volume_imbalance	250	250	0.100000	347812	0.947561575011111	0.403416192025576	90.906136573183403	DIRECTIONAL
bybit	solusdt	20260328	trade	signed_trade_volume_imbalance	250	250	0.200000	344759	0.954637338923896	0.406551129456431	91.695815979659841	DIRECTIONAL
bybit	solusdt	20260328	trade	signed_trade_volume_imbalance	250	500	0.050000	349134	0.944256680740629	0.461921758207297	91.859484633059736	DIRECTIONAL
bybit	solusdt	20260328	trade	signed_trade_volume_imbalance	250	500	0.100000	347811	0.947561424244100	0.463966516330625	92.328860386104836	DIRECTIONAL
bybit	solusdt	20260328	trade	signed_trade_volume_imbalance	250	500	0.200000	344758	0.954637207345626	0.469032851889330	93.980879628900766	DIRECTIONAL
bybit	solusdt	20260328	trade	signed_trade_volume_imbalance	500	100	0.050000	348011	0.920286276699919	0.366261753459997	91.752054068201957	DIRECTIONAL
bybit	solusdt	20260328	trade	signed_trade_volume_imbalance	500	100	0.100000	346024	0.925136468910231	0.368893225511327	92.256187213447504	DIRECTIONAL
bybit	solusdt	20260328	trade	signed_trade_volume_imbalance	500	100	0.200000	341482	0.935436087777162	0.376620764593550	93.803925135752792	DIRECTIONAL
bybit	solusdt	20260328	trade	signed_trade_volume_imbalance	500	250	0.050000	348011	0.920286276699919	0.393080021738733	88.718494458851339	DIRECTIONAL
bybit	solusdt	20260328	trade	signed_trade_volume_imbalance	500	250	0.100000	346024	0.925136468910231	0.395492337291284	89.240339644733751	DIRECTIONAL
bybit	solusdt	20260328	trade	signed_trade_volume_imbalance	500	250	0.200000	341482	0.935436087777162	0.402538737222217	90.542353069861562	DIRECTIONAL
bybit	solusdt	20260328	trade	signed_trade_volume_imbalance	500	500	0.050000	348010	0.920286047644078	0.451891455665207	90.845994876262665	DIRECTIONAL
bybit	solusdt	20260328	trade	signed_trade_volume_imbalance	500	500	0.100000	346023	0.925136252556026	0.452964690368311	91.224891280733374	DIRECTIONAL
bybit	solusdt	20260328	trade	signed_trade_volume_imbalance	500	500	0.200000	341481	0.935435898706871	0.459193581918913	92.494617222457734	DIRECTIONAL
bybit	xrpusdt	20260324	trade	signed_trade_volume_imbalance	100	100	0.050000	461409	0.975875563010792	0.330772578741350	154.269861688761523	DIRECTIONAL
bybit	xrpusdt	20260324	trade	signed_trade_volume_imbalance	100	100	0.100000	460645	0.977370596136139	0.331073244988661	154.263873946140507	DIRECTIONAL
bybit	xrpusdt	20260324	trade	signed_trade_volume_imbalance	100	100	0.200000	459186	0.979995481325229	0.332417736241744	154.573591270376738	DIRECTIONAL
bybit	xrpusdt	20260324	trade	signed_trade_volume_imbalance	100	250	0.050000	461409	0.975875563010792	0.387308457241642	162.645927677050395	DIRECTIONAL
bybit	xrpusdt	20260324	trade	signed_trade_volume_imbalance	100	250	0.100000	460645	0.977370596136139	0.387716766602707	162.643117523806723	DIRECTIONAL
bybit	xrpusdt	20260324	trade	signed_trade_volume_imbalance	100	250	0.200000	459186	0.979995481325229	0.389166542653821	162.895731687074203	DIRECTIONAL
bybit	xrpusdt	20260324	trade	signed_trade_volume_imbalance	100	500	0.050000	461409	0.975875563010792	0.400825806711199	155.756805228856393	DIRECTIONAL
bybit	xrpusdt	20260324	trade	signed_trade_volume_imbalance	100	500	0.100000	460645	0.977370596136139	0.401324543727101	155.775503896833726	DIRECTIONAL
bybit	xrpusdt	20260324	trade	signed_trade_volume_imbalance	100	500	0.200000	459186	0.979995481325229	0.402979126000682	156.083439954978530	DIRECTIONAL
bybit	xrpusdt	20260324	trade	signed_trade_volume_imbalance	250	100	0.050000	460787	0.960009201293114	0.318403390484800	148.066940272948500	DIRECTIONAL
bybit	xrpusdt	20260324	trade	signed_trade_volume_imbalance	250	100	0.100000	459411	0.962661881945222	0.319290303109835	148.195484844843918	DIRECTIONAL
bybit	xrpusdt	20260324	trade	signed_trade_volume_imbalance	250	100	0.200000	456845	0.967226120087610	0.321275654582550	148.532746591053439	DIRECTIONAL
bybit	xrpusdt	20260324	trade	signed_trade_volume_imbalance	250	250	0.050000	460787	0.960009201293114	0.371502258600880	155.481592778956241	DIRECTIONAL
bybit	xrpusdt	20260324	trade	signed_trade_volume_imbalance	250	250	0.100000	459411	0.962661881945222	0.372474019392764	155.594761348163161	DIRECTIONAL
bybit	xrpusdt	20260324	trade	signed_trade_volume_imbalance	250	250	0.200000	456845	0.967226120087610	0.374610019347487	155.915285482188040	DIRECTIONAL
bybit	xrpusdt	20260324	trade	signed_trade_volume_imbalance	250	500	0.050000	460787	0.960009201293114	0.381764230287978	147.835169359415517	DIRECTIONAL
bybit	xrpusdt	20260324	trade	signed_trade_volume_imbalance	250	500	0.100000	459411	0.962661881945222	0.382668571610960	147.946271630253278	DIRECTIONAL
bybit	xrpusdt	20260324	trade	signed_trade_volume_imbalance	250	500	0.200000	456845	0.967226120087610	0.384937870017597	148.433170318514641	DIRECTIONAL
bybit	xrpusdt	20260324	trade	signed_trade_volume_imbalance	500	100	0.050000	459919	0.938623092584871	0.302610584253916	140.172215269964767	DIRECTIONAL
bybit	xrpusdt	20260324	trade	signed_trade_volume_imbalance	500	100	0.100000	457870	0.942488707030063	0.303979271364069	140.337445499508931	DIRECTIONAL
bybit	xrpusdt	20260324	trade	signed_trade_volume_imbalance	500	100	0.200000	453735	0.949686914110182	0.306755690162639	140.647463947686049	DIRECTIONAL
bybit	xrpusdt	20260324	trade	signed_trade_volume_imbalance	500	250	0.050000	459919	0.938623092584871	0.353000682813019	147.129301598856500	DIRECTIONAL
bybit	xrpusdt	20260324	trade	signed_trade_volume_imbalance	500	250	0.100000	457870	0.942488707030063	0.354610113335456	147.311694901197939	DIRECTIONAL
bybit	xrpusdt	20260324	trade	signed_trade_volume_imbalance	500	250	0.200000	453735	0.949686914110182	0.358081358773774	147.797968711642824	DIRECTIONAL
bybit	xrpusdt	20260324	trade	signed_trade_volume_imbalance	500	500	0.050000	459919	0.938623092584871	0.360576093119999	139.078899777715066	DIRECTIONAL
bybit	xrpusdt	20260324	trade	signed_trade_volume_imbalance	500	500	0.100000	457870	0.942488707030063	0.362263334918729	139.289406525836370	DIRECTIONAL
bybit	xrpusdt	20260324	trade	signed_trade_volume_imbalance	500	500	0.200000	453735	0.949686914110182	0.365730535421087	139.793339132615529	DIRECTIONAL
bybit	xrpusdt	20260325	trade	signed_trade_volume_imbalance	100	100	0.050000	373844	0.976780902799638	0.458606176856516	141.536708332700101	DIRECTIONAL
bybit	xrpusdt	20260325	trade	signed_trade_volume_imbalance	100	100	0.100000	373099	0.978582663212949	0.459784225404890	141.711170888749621	DIRECTIONAL
bybit	xrpusdt	20260325	trade	signed_trade_volume_imbalance	100	100	0.200000	371499	0.982159426355220	0.462809053466825	142.234699512074485	DIRECTIONAL
bybit	xrpusdt	20260325	trade	signed_trade_volume_imbalance	100	250	0.050000	373844	0.976780902799638	0.542667553247724	141.591579050075836	DIRECTIONAL
bybit	xrpusdt	20260325	trade	signed_trade_volume_imbalance	100	250	0.100000	373099	0.978582663212949	0.544004219384504	141.741858980921023	DIRECTIONAL
bybit	xrpusdt	20260325	trade	signed_trade_volume_imbalance	100	250	0.200000	371499	0.982159426355220	0.547525795281202	142.235405222156601	DIRECTIONAL
bybit	xrpusdt	20260325	trade	signed_trade_volume_imbalance	100	500	0.050000	373844	0.976780902799638	0.562140379179548	143.079968772542315	DIRECTIONAL
bybit	xrpusdt	20260325	trade	signed_trade_volume_imbalance	100	500	0.100000	373099	0.978582663212949	0.563679193532994	143.334678819021008	DIRECTIONAL
bybit	xrpusdt	20260325	trade	signed_trade_volume_imbalance	100	500	0.200000	371499	0.982159426355220	0.567249268554704	143.856773659083956	DIRECTIONAL
bybit	xrpusdt	20260325	trade	signed_trade_volume_imbalance	250	100	0.050000	373289	0.963685290353302	0.455259297478551	140.264908298583379	DIRECTIONAL
bybit	xrpusdt	20260325	trade	signed_trade_volume_imbalance	250	100	0.100000	372226	0.966222819277772	0.456358153073946	140.277122879926083	DIRECTIONAL
bybit	xrpusdt	20260325	trade	signed_trade_volume_imbalance	250	100	0.200000	369780	0.971622964226534	0.459572641180780	140.498612059893333	DIRECTIONAL
bybit	xrpusdt	20260325	trade	signed_trade_volume_imbalance	250	250	0.050000	373289	0.963685290353302	0.537467993163503	139.970732802432138	DIRECTIONAL
bybit	xrpusdt	20260325	trade	signed_trade_volume_imbalance	250	250	0.100000	372226	0.966222819277772	0.538699261462988	139.962049344395837	DIRECTIONAL
bybit	xrpusdt	20260325	trade	signed_trade_volume_imbalance	250	250	0.200000	369780	0.971622964226534	0.542349846620625	140.146497485731061	DIRECTIONAL
bybit	xrpusdt	20260325	trade	signed_trade_volume_imbalance	250	500	0.050000	373289	0.963685290353302	0.555369607569910	141.105512626749629	DIRECTIONAL
bybit	xrpusdt	20260325	trade	signed_trade_volume_imbalance	250	500	0.100000	372226	0.966222819277772	0.556736355994294	141.154509305277543	DIRECTIONAL
bybit	xrpusdt	20260325	trade	signed_trade_volume_imbalance	250	500	0.200000	369780	0.971622964226534	0.560198064224686	141.352116051828176	DIRECTIONAL
bybit	xrpusdt	20260325	trade	signed_trade_volume_imbalance	500	100	0.050000	372688	0.942693067816592	0.438951218695487	134.776964061812777	DIRECTIONAL
bybit	xrpusdt	20260325	trade	signed_trade_volume_imbalance	500	100	0.100000	371077	0.946461450947679	0.440773618706042	134.845028678528337	DIRECTIONAL
bybit	xrpusdt	20260325	trade	signed_trade_volume_imbalance	500	100	0.200000	367257	0.954735188876450	0.444449329845128	134.822248134490195	DIRECTIONAL
bybit	xrpusdt	20260325	trade	signed_trade_volume_imbalance	500	250	0.050000	372688	0.942693067816592	0.518103264991998	134.468513410893479	DIRECTIONAL
bybit	xrpusdt	20260325	trade	signed_trade_volume_imbalance	500	250	0.100000	371077	0.946461450947679	0.520183663498583	134.519237268864771	DIRECTIONAL
bybit	xrpusdt	20260325	trade	signed_trade_volume_imbalance	500	250	0.200000	367257	0.954735188876450	0.524270711877041	134.435090478717001	DIRECTIONAL
bybit	xrpusdt	20260325	trade	signed_trade_volume_imbalance	500	500	0.050000	372688	0.942693067816592	0.533920551784260	135.178872901809115	DIRECTIONAL
bybit	xrpusdt	20260325	trade	signed_trade_volume_imbalance	500	500	0.100000	371077	0.946461450947679	0.536058729852078	135.270282142839847	DIRECTIONAL
bybit	xrpusdt	20260325	trade	signed_trade_volume_imbalance	500	500	0.200000	367257	0.954735188876450	0.540456416091337	135.294540436273849	DIRECTIONAL
bybit	xrpusdt	20260326	trade	signed_trade_volume_imbalance	100	100	0.050000	429886	0.964139547894580	0.302879883336377	92.284184227609785	DIRECTIONAL
bybit	xrpusdt	20260326	trade	signed_trade_volume_imbalance	100	100	0.100000	428585	0.966837504275542	0.304215461082116	92.580427156699514	DIRECTIONAL
bybit	xrpusdt	20260326	trade	signed_trade_volume_imbalance	100	100	0.200000	426154	0.971504725272623	0.307172895159543	93.231360532920391	DIRECTIONAL
bybit	xrpusdt	20260326	trade	signed_trade_volume_imbalance	100	250	0.050000	429886	0.964139547894580	0.367941976418257	97.616415274408809	DIRECTIONAL
bybit	xrpusdt	20260326	trade	signed_trade_volume_imbalance	100	250	0.100000	428585	0.966837504275542	0.368773225428188	97.777897706549609	DIRECTIONAL
bybit	xrpusdt	20260326	trade	signed_trade_volume_imbalance	100	250	0.200000	426154	0.971504725272623	0.370943967336166	98.210123177308787	DIRECTIONAL
bybit	xrpusdt	20260326	trade	signed_trade_volume_imbalance	100	500	0.050000	429886	0.964139547894580	0.440356261402665	101.972590270150448	DIRECTIONAL
bybit	xrpusdt	20260326	trade	signed_trade_volume_imbalance	100	500	0.100000	428585	0.966837504275542	0.441713162805619	102.348152726142359	DIRECTIONAL
bybit	xrpusdt	20260326	trade	signed_trade_volume_imbalance	100	500	0.200000	426154	0.971504725272623	0.444915532114684	103.062405295716388	DIRECTIONAL
bybit	xrpusdt	20260326	trade	signed_trade_volume_imbalance	250	100	0.050000	429012	0.944906499542421	0.286804478405073	87.237333900574058	DIRECTIONAL
bybit	xrpusdt	20260326	trade	signed_trade_volume_imbalance	250	100	0.100000	427014	0.948978546859186	0.287933118544721	87.354052995294921	DIRECTIONAL
bybit	xrpusdt	20260326	trade	signed_trade_volume_imbalance	250	100	0.200000	423376	0.955823253362930	0.290148820128348	87.782983057798177	DIRECTIONAL
bybit	xrpusdt	20260326	trade	signed_trade_volume_imbalance	250	250	0.050000	429012	0.944906499542421	0.346097877513585	91.737484387975158	DIRECTIONAL
bybit	xrpusdt	20260326	trade	signed_trade_volume_imbalance	250	250	0.100000	427014	0.948978546859186	0.347074371897196	91.798311839931941	DIRECTIONAL
bybit	xrpusdt	20260326	trade	signed_trade_volume_imbalance	250	250	0.200000	423376	0.955823253362930	0.349952112151515	92.419216334511532	DIRECTIONAL
bybit	xrpusdt	20260326	trade	signed_trade_volume_imbalance	250	500	0.050000	429012	0.944906499542421	0.416018754576610	96.311167455238746	DIRECTIONAL
bybit	xrpusdt	20260326	trade	signed_trade_volume_imbalance	250	500	0.100000	427014	0.948978546859186	0.417633403350413	96.552409087408662	DIRECTIONAL
bybit	xrpusdt	20260326	trade	signed_trade_volume_imbalance	250	500	0.200000	423376	0.955823253362930	0.422269294388556	97.613084581175016	DIRECTIONAL
bybit	xrpusdt	20260326	trade	signed_trade_volume_imbalance	500	100	0.050000	428187	0.918512187852767	0.265128803462582	80.777786216918699	DIRECTIONAL
bybit	xrpusdt	20260326	trade	signed_trade_volume_imbalance	500	100	0.100000	424989	0.924860020663433	0.265122837502738	80.578156593995601	DIRECTIONAL
bybit	xrpusdt	20260326	trade	signed_trade_volume_imbalance	500	100	0.200000	419250	0.935470607812918	0.268722888284199	81.204146146792866	DIRECTIONAL
bybit	xrpusdt	20260326	trade	signed_trade_volume_imbalance	500	250	0.050000	428187	0.918512187852767	0.318195401828792	84.312762821650765	DIRECTIONAL
bybit	xrpusdt	20260326	trade	signed_trade_volume_imbalance	500	250	0.100000	424989	0.924860020663433	0.315306183563933	83.513097753959926	DIRECTIONAL
bybit	xrpusdt	20260326	trade	signed_trade_volume_imbalance	500	250	0.200000	419250	0.935470607812918	0.317847464032551	83.841812224413616	DIRECTIONAL
bybit	xrpusdt	20260326	trade	signed_trade_volume_imbalance	500	500	0.050000	428187	0.918512187852767	0.387791837353238	89.825587763545343	DIRECTIONAL
bybit	xrpusdt	20260326	trade	signed_trade_volume_imbalance	500	500	0.100000	424989	0.924860020663433	0.382679568897043	88.862901715827761	DIRECTIONAL
bybit	xrpusdt	20260326	trade	signed_trade_volume_imbalance	500	500	0.200000	419250	0.935470607812918	0.383094824780114	88.775317786391213	DIRECTIONAL
bybit	xrpusdt	20260327	trade	signed_trade_volume_imbalance	100	100	0.050000	402994	0.965179330419956	0.284929521694363	104.272055457176208	DIRECTIONAL
bybit	xrpusdt	20260327	trade	signed_trade_volume_imbalance	100	100	0.100000	401890	0.967620796213407	0.285328537620401	104.440593024270541	DIRECTIONAL
bybit	xrpusdt	20260327	trade	signed_trade_volume_imbalance	100	100	0.200000	399457	0.972573318583839	0.288711995599689	105.855327788382780	DIRECTIONAL
bybit	xrpusdt	20260327	trade	signed_trade_volume_imbalance	100	250	0.050000	402994	0.965179330419956	0.347119184812421	100.682640644464755	DIRECTIONAL
bybit	xrpusdt	20260327	trade	signed_trade_volume_imbalance	100	250	0.100000	401890	0.967620796213407	0.347800711957123	101.042212892830392	DIRECTIONAL
bybit	xrpusdt	20260327	trade	signed_trade_volume_imbalance	100	250	0.200000	399457	0.972573318583839	0.352251529040960	102.695008179203668	DIRECTIONAL
bybit	xrpusdt	20260327	trade	signed_trade_volume_imbalance	100	500	0.050000	402994	0.965179330419956	0.402293409288399	102.629247737518511	DIRECTIONAL
bybit	xrpusdt	20260327	trade	signed_trade_volume_imbalance	100	500	0.100000	401890	0.967620796213407	0.403155699020531	102.908402933776230	DIRECTIONAL
bybit	xrpusdt	20260327	trade	signed_trade_volume_imbalance	100	500	0.200000	399457	0.972573318583839	0.407598008234244	104.216639893258602	DIRECTIONAL
bybit	xrpusdt	20260327	trade	signed_trade_volume_imbalance	250	100	0.050000	402210	0.942595381467775	0.276049972600276	100.703151677364232	DIRECTIONAL
bybit	xrpusdt	20260327	trade	signed_trade_volume_imbalance	250	100	0.100000	400308	0.946714854523124	0.277863679709830	101.246067591749338	DIRECTIONAL
bybit	xrpusdt	20260327	trade	signed_trade_volume_imbalance	250	100	0.200000	396637	0.954065353075713	0.281189896957284	102.318072666014487	DIRECTIONAL
bybit	xrpusdt	20260327	trade	signed_trade_volume_imbalance	250	250	0.050000	402210	0.942595381467775	0.333682235429113	96.516946729018471	DIRECTIONAL
bybit	xrpusdt	20260327	trade	signed_trade_volume_imbalance	250	250	0.100000	400308	0.946714854523124	0.336128746233113	97.244921600856273	DIRECTIONAL
bybit	xrpusdt	20260327	trade	signed_trade_volume_imbalance	250	250	0.200000	396637	0.954065353075713	0.343855016385877	99.509644262656778	DIRECTIONAL
bybit	xrpusdt	20260327	trade	signed_trade_volume_imbalance	250	500	0.050000	402210	0.942595381467775	0.382113041862522	97.012247121703666	DIRECTIONAL
bybit	xrpusdt	20260327	trade	signed_trade_volume_imbalance	250	500	0.100000	400308	0.946714854523124	0.383729866989341	97.384485121372663	DIRECTIONAL
bybit	xrpusdt	20260327	trade	signed_trade_volume_imbalance	250	500	0.200000	396637	0.954065353075713	0.392153721461067	99.566944494197969	DIRECTIONAL
bybit	xrpusdt	20260327	trade	signed_trade_volume_imbalance	500	100	0.050000	401465	0.921447177642924	0.259906705662429	94.523166209401879	DIRECTIONAL
bybit	xrpusdt	20260327	trade	signed_trade_volume_imbalance	500	100	0.100000	399092	0.926479532679620	0.262325090897238	95.059135560804165	DIRECTIONAL
bybit	xrpusdt	20260327	trade	signed_trade_volume_imbalance	500	100	0.200000	394123	0.936259266232118	0.268171276294287	96.838789105467001	DIRECTIONAL
bybit	xrpusdt	20260327	trade	signed_trade_volume_imbalance	500	250	0.050000	401465	0.921447177642924	0.315003908359734	91.081506301819473	DIRECTIONAL
bybit	xrpusdt	20260327	trade	signed_trade_volume_imbalance	500	250	0.100000	399092	0.926479532679620	0.317141985024075	91.438040930574701	DIRECTIONAL
bybit	xrpusdt	20260327	trade	signed_trade_volume_imbalance	500	250	0.200000	394123	0.936259266232118	0.323235595578729	93.302013178939646	DIRECTIONAL
bybit	xrpusdt	20260327	trade	signed_trade_volume_imbalance	500	500	0.050000	401465	0.921447177642924	0.351596532430192	89.477355780282494	DIRECTIONAL
bybit	xrpusdt	20260327	trade	signed_trade_volume_imbalance	500	500	0.100000	399092	0.926479532679620	0.355534585387475	90.474206966691966	DIRECTIONAL
bybit	xrpusdt	20260327	trade	signed_trade_volume_imbalance	500	500	0.200000	394123	0.936259266232118	0.360519979051569	91.821062553412929	DIRECTIONAL
bybit	xrpusdt	20260328	trade	signed_trade_volume_imbalance	100	100	0.050000	211827	0.970262101067522	0.463150409918270	126.001118425993042	DIRECTIONAL
bybit	xrpusdt	20260328	trade	signed_trade_volume_imbalance	100	100	0.100000	211344	0.972304888890036	0.463587143432565	126.048229811483509	DIRECTIONAL
bybit	xrpusdt	20260328	trade	signed_trade_volume_imbalance	100	100	0.200000	210258	0.976551535123749	0.467376937226293	126.908123328620690	DIRECTIONAL
bybit	xrpusdt	20260328	trade	signed_trade_volume_imbalance	100	250	0.050000	211827	0.970262101067522	0.513036096050630	123.501153776889112	DIRECTIONAL
bybit	xrpusdt	20260328	trade	signed_trade_volume_imbalance	100	250	0.100000	211344	0.972304888890036	0.514101468690014	123.911990705943140	DIRECTIONAL
bybit	xrpusdt	20260328	trade	signed_trade_volume_imbalance	100	250	0.200000	210258	0.976551535123749	0.518871478672330	125.252704907383929	DIRECTIONAL
bybit	xrpusdt	20260328	trade	signed_trade_volume_imbalance	100	500	0.050000	211827	0.970262101067522	0.569047039269193	108.670555014033667	DIRECTIONAL
bybit	xrpusdt	20260328	trade	signed_trade_volume_imbalance	100	500	0.100000	211344	0.972304888890036	0.573229945264925	109.864338874948871	DIRECTIONAL
bybit	xrpusdt	20260328	trade	signed_trade_volume_imbalance	100	500	0.200000	210258	0.976551535123749	0.579903938821363	111.744735242994494	DIRECTIONAL
bybit	xrpusdt	20260328	trade	signed_trade_volume_imbalance	250	100	0.050000	211479	0.956108159376549	0.448227616749303	121.894650456571270	DIRECTIONAL
bybit	xrpusdt	20260328	trade	signed_trade_volume_imbalance	250	100	0.100000	210779	0.959038831519588	0.448840204628741	122.009253262906654	DIRECTIONAL
bybit	xrpusdt	20260328	trade	signed_trade_volume_imbalance	250	100	0.200000	209236	0.965005626473223	0.451994058982599	122.757322434552478	DIRECTIONAL
bybit	xrpusdt	20260328	trade	signed_trade_volume_imbalance	250	250	0.050000	211479	0.956108159376549	0.497305945298370	119.884570239686710	DIRECTIONAL
bybit	xrpusdt	20260328	trade	signed_trade_volume_imbalance	250	250	0.100000	210779	0.959038831519588	0.498286290812167	120.396125661918319	DIRECTIONAL
bybit	xrpusdt	20260328	trade	signed_trade_volume_imbalance	250	250	0.200000	209236	0.965005626473223	0.501232917451400	121.760648184074569	DIRECTIONAL
bybit	xrpusdt	20260328	trade	signed_trade_volume_imbalance	250	500	0.050000	211479	0.956108159376549	0.570041473583365	109.183923816421441	DIRECTIONAL
bybit	xrpusdt	20260328	trade	signed_trade_volume_imbalance	250	500	0.100000	210779	0.959038831519588	0.572359425778992	109.932246669379694	DIRECTIONAL
bybit	xrpusdt	20260328	trade	signed_trade_volume_imbalance	250	500	0.200000	209236	0.965005626473223	0.581758146264453	113.664592632390949	DIRECTIONAL
bybit	xrpusdt	20260328	trade	signed_trade_volume_imbalance	500	100	0.050000	210963	0.940048190118074	0.438935255112835	120.140777758067514	DIRECTIONAL
bybit	xrpusdt	20260328	trade	signed_trade_volume_imbalance	500	100	0.100000	209856	0.944604382705464	0.438914000369410	120.326397329341077	DIRECTIONAL
bybit	xrpusdt	20260328	trade	signed_trade_volume_imbalance	500	100	0.200000	207911	0.952033939983473	0.443820503825339	121.711784719022290	DIRECTIONAL
bybit	xrpusdt	20260328	trade	signed_trade_volume_imbalance	500	250	0.050000	210963	0.940048190118074	0.504222771630306	121.577035426601967	DIRECTIONAL
bybit	xrpusdt	20260328	trade	signed_trade_volume_imbalance	500	250	0.100000	209856	0.944604382705464	0.504111898635837	122.180237046459922	DIRECTIONAL
bybit	xrpusdt	20260328	trade	signed_trade_volume_imbalance	500	250	0.200000	207911	0.952033939983473	0.511873282140984	125.194879399054571	DIRECTIONAL
bybit	xrpusdt	20260328	trade	signed_trade_volume_imbalance	500	500	0.050000	210963	0.940048190118074	0.597137190435958	114.708753514712186	DIRECTIONAL
bybit	xrpusdt	20260328	trade	signed_trade_volume_imbalance	500	500	0.100000	209856	0.944604382705464	0.591851568395021	114.797831551839820	DIRECTIONAL
bybit	xrpusdt	20260328	trade	signed_trade_volume_imbalance	500	500	0.200000	207911	0.952033939983473	0.600134745370251	118.046470909278952	DIRECTIONAL
okx	adausdt	20260324	trade	signed_trade_volume_imbalance	100	100	0.050000	147864	0.989038220371627	-0.252417606153392	-51.262086158354741	ANTI_EDGE
okx	adausdt	20260324	trade	signed_trade_volume_imbalance	100	100	0.100000	147775	0.989587387664585	-0.252493090116850	-51.284837418513810	ANTI_EDGE
okx	adausdt	20260324	trade	signed_trade_volume_imbalance	100	100	0.200000	147541	0.990927253303807	-0.252454017334047	-51.307104765753706	ANTI_EDGE
okx	adausdt	20260324	trade	signed_trade_volume_imbalance	100	250	0.050000	147864	0.989038220371627	-0.259447701563932	-49.838901694707218	ANTI_EDGE
okx	adausdt	20260324	trade	signed_trade_volume_imbalance	100	250	0.100000	147775	0.989587387664585	-0.259653833193196	-49.890974198223915	ANTI_EDGE
okx	adausdt	20260324	trade	signed_trade_volume_imbalance	100	250	0.200000	147541	0.990927253303807	-0.259546871763313	-49.911335721734766	ANTI_EDGE
okx	adausdt	20260324	trade	signed_trade_volume_imbalance	100	500	0.050000	147864	0.989038220371627	-0.286335237274569	-49.486481549540301	ANTI_EDGE
okx	adausdt	20260324	trade	signed_trade_volume_imbalance	100	500	0.100000	147775	0.989587387664585	-0.286738393108422	-49.583738559395840	ANTI_EDGE
okx	adausdt	20260324	trade	signed_trade_volume_imbalance	100	500	0.200000	147541	0.990927253303807	-0.286598365204195	-49.605975372068606	ANTI_EDGE
okx	adausdt	20260324	trade	signed_trade_volume_imbalance	250	100	0.050000	147485	0.979787585430332	-0.218226329219887	-44.213542841130014	ANTI_EDGE
okx	adausdt	20260324	trade	signed_trade_volume_imbalance	250	100	0.100000	147351	0.980607579261653	-0.218763026644023	-44.328271477710913	ANTI_EDGE
okx	adausdt	20260324	trade	signed_trade_volume_imbalance	250	100	0.200000	146919	0.983037479682135	-0.219303258328037	-44.444199862139499	ANTI_EDGE
okx	adausdt	20260324	trade	signed_trade_volume_imbalance	250	250	0.050000	147485	0.979787585430332	-0.226641950688818	-43.436048822273904	ANTI_EDGE
okx	adausdt	20260324	trade	signed_trade_volume_imbalance	250	250	0.100000	147351	0.980607579261653	-0.227211748026804	-43.552339937744222	ANTI_EDGE
okx	adausdt	20260324	trade	signed_trade_volume_imbalance	250	250	0.200000	146919	0.983037479682135	-0.227210529413747	-43.565307360643558	ANTI_EDGE
okx	adausdt	20260324	trade	signed_trade_volume_imbalance	250	500	0.050000	147485	0.979787585430332	-0.249625072531445	-43.045967890203322	ANTI_EDGE
okx	adausdt	20260324	trade	signed_trade_volume_imbalance	250	500	0.100000	147351	0.980607579261653	-0.250604419334880	-43.237809377264576	ANTI_EDGE
okx	adausdt	20260324	trade	signed_trade_volume_imbalance	250	500	0.200000	146919	0.983037479682135	-0.251036614229323	-43.374376454051365	ANTI_EDGE
okx	adausdt	20260324	trade	signed_trade_volume_imbalance	500	100	0.050000	147250	0.966566204288359	-0.180967088248492	-36.584296209475148	NO_EDGE
okx	adausdt	20260324	trade	signed_trade_volume_imbalance	500	100	0.100000	147016	0.967981511367473	-0.181618978628208	-36.715891174518333	NO_EDGE
okx	adausdt	20260324	trade	signed_trade_volume_imbalance	500	100	0.200000	146384	0.971510119982473	-0.182039881345759	-36.794383867114661	NO_EDGE
okx	adausdt	20260324	trade	signed_trade_volume_imbalance	500	250	0.050000	147250	0.966566204288359	-0.186877485744662	-35.737831560150916	NO_EDGE
okx	adausdt	20260324	trade	signed_trade_volume_imbalance	500	250	0.100000	147016	0.967981511367473	-0.187720858419636	-35.898103892223105	NO_EDGE
okx	adausdt	20260324	trade	signed_trade_volume_imbalance	500	250	0.200000	146384	0.971510119982473	-0.187909746989078	-35.925955625272131	NO_EDGE
okx	adausdt	20260324	trade	signed_trade_volume_imbalance	500	500	0.050000	147250	0.966566204288359	-0.210816976881852	-36.265753744441469	ANTI_EDGE
okx	adausdt	20260324	trade	signed_trade_volume_imbalance	500	500	0.100000	147016	0.967981511367473	-0.211930405750046	-36.459934242105312	ANTI_EDGE
okx	adausdt	20260324	trade	signed_trade_volume_imbalance	500	500	0.200000	146384	0.971510119982473	-0.212148364232600	-36.483428201673767	ANTI_EDGE
okx	adausdt	20260325	trade	signed_trade_volume_imbalance	100	100	0.050000	152736	0.986971535146036	-0.260155961784713	-55.318163713173099	ANTI_EDGE
okx	adausdt	20260325	trade	signed_trade_volume_imbalance	100	100	0.100000	152638	0.987556839640451	-0.259889441146421	-55.265335153951305	ANTI_EDGE
okx	adausdt	20260325	trade	signed_trade_volume_imbalance	100	100	0.200000	152321	0.989291361277719	-0.259089795556939	-55.166723933789591	ANTI_EDGE
okx	adausdt	20260325	trade	signed_trade_volume_imbalance	100	250	0.050000	152736	0.986971535146036	-0.267260169735429	-52.456982167544368	ANTI_EDGE
okx	adausdt	20260325	trade	signed_trade_volume_imbalance	100	250	0.100000	152638	0.987556839640451	-0.267214563518603	-52.446444947292527	ANTI_EDGE
okx	adausdt	20260325	trade	signed_trade_volume_imbalance	100	250	0.200000	152321	0.989291361277719	-0.266556902295662	-52.416397270899544	ANTI_EDGE
okx	adausdt	20260325	trade	signed_trade_volume_imbalance	100	500	0.050000	152735	0.986971449844927	-0.275995538605377	-49.147023676153829	ANTI_EDGE
okx	adausdt	20260325	trade	signed_trade_volume_imbalance	100	500	0.100000	152637	0.987556758119192	-0.275981669011477	-49.161285603197683	ANTI_EDGE
okx	adausdt	20260325	trade	signed_trade_volume_imbalance	100	500	0.200000	152320	0.989291290974156	-0.274860346210720	-49.027226923946479	ANTI_EDGE
okx	adausdt	20260325	trade	signed_trade_volume_imbalance	250	100	0.050000	152440	0.975657723649061	-0.224450232639039	-47.619502480563071	ANTI_EDGE
okx	adausdt	20260325	trade	signed_trade_volume_imbalance	250	100	0.100000	152272	0.976649694938775	-0.224550817415196	-47.635980690856186	ANTI_EDGE
okx	adausdt	20260325	trade	signed_trade_volume_imbalance	250	100	0.200000	151620	0.980195816970616	-0.223478102009961	-47.475305613209251	ANTI_EDGE
okx	adausdt	20260325	trade	signed_trade_volume_imbalance	250	250	0.050000	152440	0.975657723649061	-0.231850516973575	-45.390986630685070	ANTI_EDGE
okx	adausdt	20260325	trade	signed_trade_volume_imbalance	250	250	0.100000	152272	0.976649694938775	-0.231840000489859	-45.376723351873956	ANTI_EDGE
okx	adausdt	20260325	trade	signed_trade_volume_imbalance	250	250	0.200000	151620	0.980195816970616	-0.229872457292938	-45.073170963151291	ANTI_EDGE
okx	adausdt	20260325	trade	signed_trade_volume_imbalance	250	500	0.050000	152439	0.975657563963704	-0.241044626947369	-42.831285216334471	ANTI_EDGE
okx	adausdt	20260325	trade	signed_trade_volume_imbalance	250	500	0.100000	152271	0.976649541591750	-0.241578711194263	-42.932175933783085	ANTI_EDGE
okx	adausdt	20260325	trade	signed_trade_volume_imbalance	250	500	0.200000	151619	0.980195686352534	-0.238787431061921	-42.508785700081830	ANTI_EDGE
okx	adausdt	20260325	trade	signed_trade_volume_imbalance	500	100	0.050000	152121	0.961975891165930	-0.181384383639826	-38.361711739501317	NO_EDGE
okx	adausdt	20260325	trade	signed_trade_volume_imbalance	500	100	0.100000	151816	0.963750207348125	-0.181845769499685	-38.460359241544040	NO_EDGE
okx	adausdt	20260325	trade	signed_trade_volume_imbalance	500	100	0.200000	150825	0.969059315481765	-0.180177906730465	-38.129933717190475	NO_EDGE
okx	adausdt	20260325	trade	signed_trade_volume_imbalance	500	250	0.050000	152121	0.961975891165930	-0.188452940341007	-36.797359647258872	NO_EDGE
okx	adausdt	20260325	trade	signed_trade_volume_imbalance	500	250	0.100000	151816	0.963750207348125	-0.188784226832174	-36.863234992328486	NO_EDGE
okx	adausdt	20260325	trade	signed_trade_volume_imbalance	500	250	0.200000	150825	0.969059315481765	-0.186247807279577	-36.415599560951470	NO_EDGE
okx	adausdt	20260325	trade	signed_trade_volume_imbalance	500	500	0.050000	152121	0.961975891165930	-0.195822678786560	-34.704663104270374	NO_EDGE
okx	adausdt	20260325	trade	signed_trade_volume_imbalance	500	500	0.100000	151816	0.963750207348125	-0.196046822701442	-34.751655620096010	NO_EDGE
okx	adausdt	20260325	trade	signed_trade_volume_imbalance	500	500	0.200000	150825	0.969059315481765	-0.192881319048011	-34.235910612973626	NO_EDGE
okx	adausdt	20260326	trade	signed_trade_volume_imbalance	100	100	0.050000	143169	0.984431640043456	-0.415340845813066	-79.919693463011669	ANTI_EDGE
okx	adausdt	20260326	trade	signed_trade_volume_imbalance	100	100	0.100000	143052	0.985175539760851	-0.415868796004996	-80.060742468292830	ANTI_EDGE
okx	adausdt	20260326	trade	signed_trade_volume_imbalance	100	100	0.200000	142734	0.987024436586733	-0.417207532923885	-80.475035832284561	ANTI_EDGE
okx	adausdt	20260326	trade	signed_trade_volume_imbalance	100	250	0.050000	143169	0.984431640043456	-0.432291706498190	-75.140447874239953	ANTI_EDGE
okx	adausdt	20260326	trade	signed_trade_volume_imbalance	100	250	0.100000	143052	0.985175539760851	-0.433435826591650	-75.431060888262635	ANTI_EDGE
okx	adausdt	20260326	trade	signed_trade_volume_imbalance	100	250	0.200000	142734	0.987024436586733	-0.435228593248365	-75.934145357089420	ANTI_EDGE
okx	adausdt	20260326	trade	signed_trade_volume_imbalance	100	500	0.050000	143169	0.984431640043456	-0.423383122853668	-64.716888566517127	ANTI_EDGE
okx	adausdt	20260326	trade	signed_trade_volume_imbalance	100	500	0.100000	143052	0.985175539760851	-0.424138510520878	-64.922390783892126	ANTI_EDGE
okx	adausdt	20260326	trade	signed_trade_volume_imbalance	100	500	0.200000	142734	0.987024436586733	-0.425934069723508	-65.544861497894630	ANTI_EDGE
okx	adausdt	20260326	trade	signed_trade_volume_imbalance	250	100	0.050000	142794	0.971546919973545	-0.379127907725539	-72.697865178347740	ANTI_EDGE
okx	adausdt	20260326	trade	signed_trade_volume_imbalance	250	100	0.100000	142513	0.973314351684744	-0.377960824085643	-72.600982071417718	ANTI_EDGE
okx	adausdt	20260326	trade	signed_trade_volume_imbalance	250	100	0.200000	141902	0.976840038706479	-0.379117139684561	-72.979535939120169	ANTI_EDGE
okx	adausdt	20260326	trade	signed_trade_volume_imbalance	250	250	0.050000	142794	0.971546919973545	-0.388147561169803	-67.200863130643697	ANTI_EDGE
okx	adausdt	20260326	trade	signed_trade_volume_imbalance	250	250	0.100000	142513	0.973314351684744	-0.387473920532910	-67.233657988834793	ANTI_EDGE
okx	adausdt	20260326	trade	signed_trade_volume_imbalance	250	250	0.200000	141902	0.976840038706479	-0.389173501894008	-67.756185957116060	ANTI_EDGE
okx	adausdt	20260326	trade	signed_trade_volume_imbalance	250	500	0.050000	142794	0.971546919973545	-0.379789233580038	-57.860603872494224	ANTI_EDGE
okx	adausdt	20260326	trade	signed_trade_volume_imbalance	250	500	0.100000	142513	0.973314351684744	-0.379251181524583	-57.894077539415072	ANTI_EDGE
okx	adausdt	20260326	trade	signed_trade_volume_imbalance	250	500	0.200000	141902	0.976840038706479	-0.382246763343302	-58.737331290316618	ANTI_EDGE
okx	adausdt	20260326	trade	signed_trade_volume_imbalance	500	100	0.050000	142434	0.956104094140215	-0.324644433349990	-62.007876383262719	ANTI_EDGE
okx	adausdt	20260326	trade	signed_trade_volume_imbalance	500	100	0.100000	142003	0.958776542783235	-0.326068430807729	-62.305228979121374	ANTI_EDGE
okx	adausdt	20260326	trade	signed_trade_volume_imbalance	500	100	0.200000	140972	0.964677565056168	-0.328377719122589	-62.902483405345521	ANTI_EDGE
okx	adausdt	20260326	trade	signed_trade_volume_imbalance	500	250	0.050000	142434	0.956104094140215	-0.333105676453638	-57.422464217363803	ANTI_EDGE
okx	adausdt	20260326	trade	signed_trade_volume_imbalance	500	250	0.100000	142003	0.958776542783235	-0.334652528360364	-57.755130346564762	ANTI_EDGE
okx	adausdt	20260326	trade	signed_trade_volume_imbalance	500	250	0.200000	140972	0.964677565056168	-0.337463944372114	-58.500583171039771	ANTI_EDGE
okx	adausdt	20260326	trade	signed_trade_volume_imbalance	500	500	0.050000	142434	0.956104094140215	-0.327556420789123	-49.816638637173796	ANTI_EDGE
okx	adausdt	20260326	trade	signed_trade_volume_imbalance	500	500	0.100000	142003	0.958776542783235	-0.328198658977271	-50.115032551019155	ANTI_EDGE
okx	adausdt	20260326	trade	signed_trade_volume_imbalance	500	500	0.200000	140972	0.964677565056168	-0.329332122032074	-50.490338748351782	ANTI_EDGE
okx	adausdt	20260327	trade	signed_trade_volume_imbalance	100	100	0.050000	124666	0.981161043170687	-0.361856902835359	-63.473004051238334	ANTI_EDGE
okx	adausdt	20260327	trade	signed_trade_volume_imbalance	100	100	0.100000	124495	0.982402199433963	-0.362126786611238	-63.549270097920846	ANTI_EDGE
okx	adausdt	20260327	trade	signed_trade_volume_imbalance	100	100	0.200000	124097	0.985064068673179	-0.362399437862491	-63.683285216399810	ANTI_EDGE
okx	adausdt	20260327	trade	signed_trade_volume_imbalance	100	250	0.050000	124666	0.981161043170687	-0.365148929397714	-57.490791959704751	ANTI_EDGE
okx	adausdt	20260327	trade	signed_trade_volume_imbalance	100	250	0.100000	124495	0.982402199433963	-0.365546250285872	-57.662795957883034	ANTI_EDGE
okx	adausdt	20260327	trade	signed_trade_volume_imbalance	100	250	0.200000	124097	0.985064068673179	-0.366798439080176	-58.033944722268572	ANTI_EDGE
okx	adausdt	20260327	trade	signed_trade_volume_imbalance	100	500	0.050000	124666	0.981161043170687	-0.354827426236563	-49.871243757100174	ANTI_EDGE
okx	adausdt	20260327	trade	signed_trade_volume_imbalance	100	500	0.100000	124495	0.982402199433963	-0.356904663265596	-50.292251754219123	ANTI_EDGE
okx	adausdt	20260327	trade	signed_trade_volume_imbalance	100	500	0.200000	124097	0.985064068673179	-0.358607228691135	-50.639818801981299	ANTI_EDGE
okx	adausdt	20260327	trade	signed_trade_volume_imbalance	250	100	0.050000	124317	0.967269365967423	-0.319957826532832	-55.939929151729189	ANTI_EDGE
okx	adausdt	20260327	trade	signed_trade_volume_imbalance	250	100	0.100000	124012	0.969461035843360	-0.320326243315656	-56.072016836863007	ANTI_EDGE
okx	adausdt	20260327	trade	signed_trade_volume_imbalance	250	100	0.200000	123298	0.974187434710032	-0.320435718668412	-56.221698828057093	ANTI_EDGE
okx	adausdt	20260327	trade	signed_trade_volume_imbalance	250	250	0.050000	124317	0.967269365967423	-0.330214886677446	-51.825450662354378	ANTI_EDGE
okx	adausdt	20260327	trade	signed_trade_volume_imbalance	250	250	0.100000	124012	0.969461035843360	-0.331447856980734	-52.101773940307062	ANTI_EDGE
okx	adausdt	20260327	trade	signed_trade_volume_imbalance	250	250	0.200000	123298	0.974187434710032	-0.330459004654682	-52.088017412209595	ANTI_EDGE
okx	adausdt	20260327	trade	signed_trade_volume_imbalance	250	500	0.050000	124317	0.967269365967423	-0.312042783392833	-43.745971190347603	ANTI_EDGE
okx	adausdt	20260327	trade	signed_trade_volume_imbalance	250	500	0.100000	124012	0.969461035843360	-0.313805243960534	-44.142977395922586	ANTI_EDGE
okx	adausdt	20260327	trade	signed_trade_volume_imbalance	250	500	0.200000	123298	0.974187434710032	-0.315423504771477	-44.519559023673501	ANTI_EDGE
okx	adausdt	20260327	trade	signed_trade_volume_imbalance	500	100	0.050000	124030	0.951593301326190	-0.271682214573111	-47.360806796589465	ANTI_EDGE
okx	adausdt	20260327	trade	signed_trade_volume_imbalance	500	100	0.100000	123595	0.954671688896013	-0.272131437665624	-47.507014277971251	ANTI_EDGE
okx	adausdt	20260327	trade	signed_trade_volume_imbalance	500	100	0.200000	122553	0.961503316497803	-0.271437979442025	-47.546217178007730	ANTI_EDGE
okx	adausdt	20260327	trade	signed_trade_volume_imbalance	500	250	0.050000	124030	0.951593301326190	-0.275359421752869	-43.096104908330801	ANTI_EDGE
okx	adausdt	20260327	trade	signed_trade_volume_imbalance	500	250	0.100000	123595	0.954671688896013	-0.275556835484937	-43.232995379231063	ANTI_EDGE
okx	adausdt	20260327	trade	signed_trade_volume_imbalance	500	250	0.200000	122553	0.961503316497803	-0.272236582586502	-42.939236949068381	ANTI_EDGE
okx	adausdt	20260327	trade	signed_trade_volume_imbalance	500	500	0.050000	124030	0.951593301326190	-0.253812353287226	-35.523508144681912	ANTI_EDGE
okx	adausdt	20260327	trade	signed_trade_volume_imbalance	500	500	0.100000	123595	0.954671688896013	-0.254714493132422	-35.756203118573062	ANTI_EDGE
okx	adausdt	20260327	trade	signed_trade_volume_imbalance	500	500	0.200000	122553	0.961503316497803	-0.253921152530126	-35.812080812843377	ANTI_EDGE
okx	adausdt	20260328	trade	signed_trade_volume_imbalance	100	100	0.050000	107459	0.990394592608220	-0.334206282468137	-59.663427763224540	ANTI_EDGE
okx	adausdt	20260328	trade	signed_trade_volume_imbalance	100	100	0.100000	107396	0.990932551983427	-0.334253455457277	-59.691740694983132	ANTI_EDGE
okx	adausdt	20260328	trade	signed_trade_volume_imbalance	100	100	0.200000	107262	0.991976960577383	-0.334665254948171	-59.782802052201163	ANTI_EDGE
okx	adausdt	20260328	trade	signed_trade_volume_imbalance	100	250	0.050000	107457	0.990394413831453	-0.335393248116116	-53.581814090980849	ANTI_EDGE
okx	adausdt	20260328	trade	signed_trade_volume_imbalance	100	250	0.100000	107394	0.990932383120211	-0.335366939344328	-53.638211128012408	ANTI_EDGE
okx	adausdt	20260328	trade	signed_trade_volume_imbalance	100	250	0.200000	107260	0.991976810977542	-0.335222075633069	-53.662424499235300	ANTI_EDGE
okx	adausdt	20260328	trade	signed_trade_volume_imbalance	100	500	0.050000	107456	0.990394324440574	-0.329645598162340	-46.682235699268702	ANTI_EDGE
okx	adausdt	20260328	trade	signed_trade_volume_imbalance	100	500	0.100000	107393	0.990932298686244	-0.329726629565466	-46.730380733301104	ANTI_EDGE
okx	adausdt	20260328	trade	signed_trade_volume_imbalance	100	500	0.200000	107259	0.991976736175527	-0.330284618311082	-46.824338665349345	ANTI_EDGE
okx	adausdt	20260328	trade	signed_trade_volume_imbalance	250	100	0.050000	107159	0.981718256771021	-0.306786040797774	-54.658702654341582	ANTI_EDGE
okx	adausdt	20260328	trade	signed_trade_volume_imbalance	250	100	0.100000	106999	0.983075054409745	-0.307096314533192	-54.797357563254231	ANTI_EDGE
okx	adausdt	20260328	trade	signed_trade_volume_imbalance	250	100	0.200000	106730	0.985162309913336	-0.308051186657126	-55.040580112613995	ANTI_EDGE
okx	adausdt	20260328	trade	signed_trade_volume_imbalance	250	250	0.050000	107157	0.981717915556853	-0.309808599994554	-49.463420415191152	ANTI_EDGE
okx	adausdt	20260328	trade	signed_trade_volume_imbalance	250	250	0.100000	106997	0.983074738046751	-0.310309222041780	-49.578774103716604	ANTI_EDGE
okx	adausdt	20260328	trade	signed_trade_volume_imbalance	250	250	0.200000	106728	0.985162031866523	-0.310178432113854	-49.636189942879611	ANTI_EDGE
okx	adausdt	20260328	trade	signed_trade_volume_imbalance	250	500	0.050000	107156	0.981717744944991	-0.300068678498644	-42.391838370482887	ANTI_EDGE
okx	adausdt	20260328	trade	signed_trade_volume_imbalance	250	500	0.100000	106996	0.983074579860817	-0.301110733242507	-42.573588808116895	ANTI_EDGE
okx	adausdt	20260328	trade	signed_trade_volume_imbalance	250	500	0.200000	106727	0.985161892839207	-0.302125247513961	-42.777376060502021	ANTI_EDGE
okx	adausdt	20260328	trade	signed_trade_volume_imbalance	500	100	0.050000	106927	0.970057846141923	-0.270087928693528	-47.954968676675342	ANTI_EDGE
okx	adausdt	20260328	trade	signed_trade_volume_imbalance	500	100	0.100000	106703	0.971936064394757	-0.270989300798344	-48.130936049816256	ANTI_EDGE
okx	adausdt	20260328	trade	signed_trade_volume_imbalance	500	100	0.200000	106259	0.975373061031104	-0.271924531649879	-48.391057539304200	ANTI_EDGE
okx	adausdt	20260328	trade	signed_trade_volume_imbalance	500	250	0.050000	106925	0.970057286082930	-0.271610759000525	-43.180481553756714	ANTI_EDGE
okx	adausdt	20260328	trade	signed_trade_volume_imbalance	500	250	0.100000	106701	0.971935538365279	-0.273232137487676	-43.476445786485087	ANTI_EDGE
okx	adausdt	20260328	trade	signed_trade_volume_imbalance	500	250	0.200000	106257	0.975372597495733	-0.274365242474237	-43.776435413676921	ANTI_EDGE
okx	adausdt	20260328	trade	signed_trade_volume_imbalance	500	500	0.050000	106924	0.970057006045577	-0.266761749393973	-37.631128357492933	ANTI_EDGE
okx	adausdt	20260328	trade	signed_trade_volume_imbalance	500	500	0.100000	106700	0.971935275343146	-0.269155564751572	-38.106841415043149	ANTI_EDGE
okx	adausdt	20260328	trade	signed_trade_volume_imbalance	500	500	0.200000	106256	0.975372365721503	-0.271095002992071	-38.506720828831909	ANTI_EDGE
okx	avaxusdt	20260324	trade	signed_trade_volume_imbalance	100	100	0.050000	165361	0.990658808012850	0.166868817890753	68.618875481975621	NO_EDGE
okx	avaxusdt	20260324	trade	signed_trade_volume_imbalance	100	100	0.100000	165237	0.991343488910220	0.167025451498052	68.666754537328373	NO_EDGE
okx	avaxusdt	20260324	trade	signed_trade_volume_imbalance	100	100	0.200000	165011	0.992494680089780	0.167330365251011	68.777266626794017	NO_EDGE
okx	avaxusdt	20260324	trade	signed_trade_volume_imbalance	100	250	0.050000	165361	0.990658808012850	0.192976290563642	70.124920599415560	NO_EDGE
okx	avaxusdt	20260324	trade	signed_trade_volume_imbalance	100	250	0.100000	165237	0.991343488910220	0.193291563649633	70.238350127369230	NO_EDGE
okx	avaxusdt	20260324	trade	signed_trade_volume_imbalance	100	250	0.200000	165011	0.992494680089780	0.193739994331989	70.416698262795308	NO_EDGE
okx	avaxusdt	20260324	trade	signed_trade_volume_imbalance	100	500	0.050000	165360	0.990658751522816	0.215038399256574	67.247675715595307	DIRECTIONAL
okx	avaxusdt	20260324	trade	signed_trade_volume_imbalance	100	500	0.100000	165236	0.991343436521448	0.215407751062174	67.378529133904181	DIRECTIONAL
okx	avaxusdt	20260324	trade	signed_trade_volume_imbalance	100	500	0.200000	165010	0.992494634605749	0.215775698865662	67.548476667353412	DIRECTIONAL
okx	avaxusdt	20260324	trade	signed_trade_volume_imbalance	250	100	0.050000	165066	0.982061522032102	0.170717934830023	70.147496252269775	NO_EDGE
okx	avaxusdt	20260324	trade	signed_trade_volume_imbalance	250	100	0.100000	164890	0.983027097801362	0.171021079357937	70.265069413203335	NO_EDGE
okx	avaxusdt	20260324	trade	signed_trade_volume_imbalance	250	100	0.200000	164465	0.985167820968405	0.171857403113196	70.587007182500997	NO_EDGE
okx	avaxusdt	20260324	trade	signed_trade_volume_imbalance	250	250	0.050000	165066	0.982061522032102	0.196598206853731	71.374872826292759	NO_EDGE
okx	avaxusdt	20260324	trade	signed_trade_volume_imbalance	250	250	0.100000	164890	0.983027097801362	0.196852621198912	71.469916224119686	NO_EDGE
okx	avaxusdt	20260324	trade	signed_trade_volume_imbalance	250	250	0.200000	164465	0.985167820968405	0.197991215714385	71.907483829328143	NO_EDGE
okx	avaxusdt	20260324	trade	signed_trade_volume_imbalance	250	500	0.050000	165065	0.982061413356864	0.217741577193823	68.031957237328513	DIRECTIONAL
okx	avaxusdt	20260324	trade	signed_trade_volume_imbalance	250	500	0.100000	164889	0.983026994866040	0.217974604438878	68.102330848515592	DIRECTIONAL
okx	avaxusdt	20260324	trade	signed_trade_volume_imbalance	250	500	0.200000	164464	0.985167730783446	0.219559615790027	68.662214048876265	DIRECTIONAL
okx	avaxusdt	20260324	trade	signed_trade_volume_imbalance	500	100	0.050000	164902	0.969323315185344	0.171754594915909	70.571898741957057	NO_EDGE
okx	avaxusdt	20260324	trade	signed_trade_volume_imbalance	500	100	0.100000	164577	0.971083137020983	0.172117763628875	70.695393730832336	NO_EDGE
okx	avaxusdt	20260324	trade	signed_trade_volume_imbalance	500	100	0.200000	163809	0.974916172697912	0.173188597350668	71.020794226593082	NO_EDGE
okx	avaxusdt	20260324	trade	signed_trade_volume_imbalance	500	250	0.050000	164902	0.969323315185344	0.196301412253830	71.252475038218236	NO_EDGE
okx	avaxusdt	20260324	trade	signed_trade_volume_imbalance	500	250	0.100000	164577	0.971083137020983	0.196368138326708	71.262211292523773	NO_EDGE
okx	avaxusdt	20260324	trade	signed_trade_volume_imbalance	500	250	0.200000	163809	0.974916172697912	0.197711517649545	71.674979607578891	NO_EDGE
okx	avaxusdt	20260324	trade	signed_trade_volume_imbalance	500	500	0.050000	164901	0.969323129154423	0.217632616757256	67.974133238451245	DIRECTIONAL
okx	avaxusdt	20260324	trade	signed_trade_volume_imbalance	500	500	0.100000	164576	0.971082961315758	0.217664443811216	67.952171215714728	DIRECTIONAL
okx	avaxusdt	20260324	trade	signed_trade_volume_imbalance	500	500	0.200000	163808	0.974916019568472	0.219244040278475	68.410563232086915	DIRECTIONAL
okx	avaxusdt	20260325	trade	signed_trade_volume_imbalance	100	100	0.050000	143129	0.992283417182638	0.126180525155308	56.686265025581186	NO_EDGE
okx	avaxusdt	20260325	trade	signed_trade_volume_imbalance	100	100	0.100000	143060	0.992724451215158	0.126299480733062	56.750827260707169	NO_EDGE
okx	avaxusdt	20260325	trade	signed_trade_volume_imbalance	100	100	0.200000	142904	0.993635739868600	0.126271243024905	56.745348930055037	NO_EDGE
okx	avaxusdt	20260325	trade	signed_trade_volume_imbalance	100	250	0.050000	143129	0.992283417182638	0.149860171459301	56.129715806465263	NO_EDGE
okx	avaxusdt	20260325	trade	signed_trade_volume_imbalance	100	250	0.100000	143060	0.992724451215158	0.150019478155710	56.196131974124278	NO_EDGE
okx	avaxusdt	20260325	trade	signed_trade_volume_imbalance	100	250	0.200000	142904	0.993635739868600	0.150074088643810	56.236160931231382	NO_EDGE
okx	avaxusdt	20260325	trade	signed_trade_volume_imbalance	100	500	0.050000	143129	0.992283417182638	0.164275173215258	53.638721689211799	NO_EDGE
okx	avaxusdt	20260325	trade	signed_trade_volume_imbalance	100	500	0.100000	143060	0.992724451215158	0.164499195986411	53.724479825958802	NO_EDGE
okx	avaxusdt	20260325	trade	signed_trade_volume_imbalance	100	500	0.200000	142904	0.993635739868600	0.164570055032908	53.753371829992219	NO_EDGE
okx	avaxusdt	20260325	trade	signed_trade_volume_imbalance	250	100	0.050000	142848	0.984525760142758	0.130885370079561	58.774337712761827	NO_EDGE
okx	avaxusdt	20260325	trade	signed_trade_volume_imbalance	250	100	0.100000	142717	0.985357953698796	0.130977199900649	58.811487803448976	NO_EDGE
okx	avaxusdt	20260325	trade	signed_trade_volume_imbalance	250	100	0.200000	142443	0.986953499563245	0.131056379942316	58.822273818651361	NO_EDGE
okx	avaxusdt	20260325	trade	signed_trade_volume_imbalance	250	250	0.050000	142848	0.984525760142758	0.154880315342552	57.983712155265763	NO_EDGE
okx	avaxusdt	20260325	trade	signed_trade_volume_imbalance	250	250	0.100000	142717	0.985357953698796	0.154950808581403	57.995057152788121	NO_EDGE
okx	avaxusdt	20260325	trade	signed_trade_volume_imbalance	250	250	0.200000	142443	0.986953499563245	0.155025067920220	57.992857666938001	NO_EDGE
okx	avaxusdt	20260325	trade	signed_trade_volume_imbalance	250	500	0.050000	142848	0.984525760142758	0.170273813864930	55.567679301639373	NO_EDGE
okx	avaxusdt	20260325	trade	signed_trade_volume_imbalance	250	500	0.100000	142717	0.985357953698796	0.170351343648648	55.583835061552250	NO_EDGE
okx	avaxusdt	20260325	trade	signed_trade_volume_imbalance	250	500	0.200000	142443	0.986953499563245	0.170505770126168	55.595322492228057	NO_EDGE
okx	avaxusdt	20260325	trade	signed_trade_volume_imbalance	500	100	0.050000	142678	0.973684733998628	0.134735981453288	60.528385540176934	NO_EDGE
okx	avaxusdt	20260325	trade	signed_trade_volume_imbalance	500	100	0.100000	142454	0.975093505089153	0.134998924582498	60.625821466497797	NO_EDGE
okx	avaxusdt	20260325	trade	signed_trade_volume_imbalance	500	100	0.200000	141910	0.978239052596780	0.135516772435474	60.851898385231657	NO_EDGE
okx	avaxusdt	20260325	trade	signed_trade_volume_imbalance	500	250	0.050000	142678	0.973684733998628	0.157811544891507	59.083143374984957	NO_EDGE
okx	avaxusdt	20260325	trade	signed_trade_volume_imbalance	500	250	0.100000	142454	0.975093505089153	0.158110538328856	59.176003991257801	NO_EDGE
okx	avaxusdt	20260325	trade	signed_trade_volume_imbalance	500	250	0.200000	141910	0.978239052596780	0.158557034810931	59.323573990946016	NO_EDGE
okx	avaxusdt	20260325	trade	signed_trade_volume_imbalance	500	500	0.050000	142678	0.973684733998628	0.171933856587017	56.086248390300398	NO_EDGE
okx	avaxusdt	20260325	trade	signed_trade_volume_imbalance	500	500	0.100000	142454	0.975093505089153	0.172254982819556	56.169557389154704	NO_EDGE
okx	avaxusdt	20260325	trade	signed_trade_volume_imbalance	500	500	0.200000	141910	0.978239052596780	0.172625352909072	56.253272367707680	NO_EDGE
okx	avaxusdt	20260326	trade	signed_trade_volume_imbalance	100	100	0.050000	143772	0.982899680302155	0.146471920248604	50.384511139671325	NO_EDGE
okx	avaxusdt	20260326	trade	signed_trade_volume_imbalance	100	100	0.100000	143590	0.984051507019316	0.146910672004696	50.657387439684967	NO_EDGE
okx	avaxusdt	20260326	trade	signed_trade_volume_imbalance	100	100	0.200000	143211	0.986244977836725	0.146843916225308	50.763714091489398	NO_EDGE
okx	avaxusdt	20260326	trade	signed_trade_volume_imbalance	100	250	0.050000	143772	0.982899680302155	0.170389531956023	46.759534490861384	NO_EDGE
okx	avaxusdt	20260326	trade	signed_trade_volume_imbalance	100	250	0.100000	143590	0.984051507019316	0.171196641109883	47.138606097664123	NO_EDGE
okx	avaxusdt	20260326	trade	signed_trade_volume_imbalance	100	250	0.200000	143211	0.986244977836725	0.170569112934393	47.213359714671356	NO_EDGE
okx	avaxusdt	20260326	trade	signed_trade_volume_imbalance	100	500	0.050000	143772	0.982899680302155	0.188546846358039	40.187841195322335	NO_EDGE
okx	avaxusdt	20260326	trade	signed_trade_volume_imbalance	100	500	0.100000	143590	0.984051507019316	0.189278801766541	40.578218729674191	NO_EDGE
okx	avaxusdt	20260326	trade	signed_trade_volume_imbalance	100	500	0.200000	143211	0.986244977836725	0.188368901094514	40.647975899190257	NO_EDGE
okx	avaxusdt	20260326	trade	signed_trade_volume_imbalance	250	100	0.050000	143416	0.968620487636478	0.147663091125610	50.684078797467528	NO_EDGE
okx	avaxusdt	20260326	trade	signed_trade_volume_imbalance	250	100	0.100000	143071	0.970773846987166	0.147978080476389	50.960735008146635	NO_EDGE
okx	avaxusdt	20260326	trade	signed_trade_volume_imbalance	250	100	0.200000	142363	0.974846489555037	0.147679191150524	51.384142837190787	NO_EDGE
okx	avaxusdt	20260326	trade	signed_trade_volume_imbalance	250	250	0.050000	143416	0.968620487636478	0.169920678467689	46.590908560777144	NO_EDGE
okx	avaxusdt	20260326	trade	signed_trade_volume_imbalance	250	250	0.100000	143071	0.970773846987166	0.170280375806119	46.928657989681916	NO_EDGE
okx	avaxusdt	20260326	trade	signed_trade_volume_imbalance	250	250	0.200000	142363	0.974846489555037	0.170199726167221	47.647837292133381	NO_EDGE
okx	avaxusdt	20260326	trade	signed_trade_volume_imbalance	250	500	0.050000	143416	0.968620487636478	0.190311093857460	40.595413751779653	NO_EDGE
okx	avaxusdt	20260326	trade	signed_trade_volume_imbalance	250	500	0.100000	143071	0.970773846987166	0.191043699110457	41.021521976705046	NO_EDGE
okx	avaxusdt	20260326	trade	signed_trade_volume_imbalance	250	500	0.200000	142363	0.974846489555037	0.191171893200028	41.667843242704770	NO_EDGE
okx	avaxusdt	20260326	trade	signed_trade_volume_imbalance	500	100	0.050000	143114	0.950743594505650	0.141591314709575	48.693429940897595	NO_EDGE
okx	avaxusdt	20260326	trade	signed_trade_volume_imbalance	500	100	0.100000	142568	0.954094655045142	0.142200899249168	49.144109233568315	NO_EDGE
okx	avaxusdt	20260326	trade	signed_trade_volume_imbalance	500	100	0.200000	141418	0.960617673940691	0.146732821844019	51.510982659835513	NO_EDGE
okx	avaxusdt	20260326	trade	signed_trade_volume_imbalance	500	250	0.050000	143114	0.950743594505650	0.159301650531304	43.771653587597982	NO_EDGE
okx	avaxusdt	20260326	trade	signed_trade_volume_imbalance	500	250	0.100000	142568	0.954094655045142	0.159699182497442	44.368013262724084	NO_EDGE
okx	avaxusdt	20260326	trade	signed_trade_volume_imbalance	500	250	0.200000	141418	0.960617673940691	0.166432166529482	47.330951500900255	NO_EDGE
okx	avaxusdt	20260326	trade	signed_trade_volume_imbalance	500	500	0.050000	143114	0.950743594505650	0.171364465629903	36.690540366506504	NO_EDGE
okx	avaxusdt	20260326	trade	signed_trade_volume_imbalance	500	500	0.100000	142568	0.954094655045142	0.171862944112253	37.173216354921799	NO_EDGE
okx	avaxusdt	20260326	trade	signed_trade_volume_imbalance	500	500	0.200000	141418	0.960617673940691	0.179726219732413	39.697956581173720	NO_EDGE
okx	avaxusdt	20260327	trade	signed_trade_volume_imbalance	100	100	0.050000	153040	0.978410818078781	0.097239566213075	29.012982377371191	NO_EDGE
okx	avaxusdt	20260327	trade	signed_trade_volume_imbalance	100	100	0.100000	152838	0.979603332618857	0.097476463954359	29.223019103288465	NO_EDGE
okx	avaxusdt	20260327	trade	signed_trade_volume_imbalance	100	100	0.200000	152322	0.982418880229639	0.097184142589508	29.451861207073414	NO_EDGE
okx	avaxusdt	20260327	trade	signed_trade_volume_imbalance	100	250	0.050000	153040	0.978410818078781	0.120553488046923	27.415116101311444	NO_EDGE
okx	avaxusdt	20260327	trade	signed_trade_volume_imbalance	100	250	0.100000	152838	0.979603332618857	0.121848615641808	27.839773247366718	NO_EDGE
okx	avaxusdt	20260327	trade	signed_trade_volume_imbalance	100	250	0.200000	152322	0.982418880229639	0.121409186155509	28.063610708170504	NO_EDGE
okx	avaxusdt	20260327	trade	signed_trade_volume_imbalance	100	500	0.050000	153039	0.978410677008976	0.169662403781312	29.742714654621626	NO_EDGE
okx	avaxusdt	20260327	trade	signed_trade_volume_imbalance	100	500	0.100000	152837	0.979603199165129	0.170803159855148	30.095369471232825	NO_EDGE
okx	avaxusdt	20260327	trade	signed_trade_volume_imbalance	100	500	0.200000	152321	0.982418764808130	0.169497290186128	30.239179140309005	NO_EDGE
okx	avaxusdt	20260327	trade	signed_trade_volume_imbalance	250	100	0.050000	152640	0.959174954642634	0.108356388705633	32.356858818036280	NO_EDGE
okx	avaxusdt	20260327	trade	signed_trade_volume_imbalance	250	100	0.100000	152196	0.961751367482879	0.107997875921862	32.440252794526259	NO_EDGE
okx	avaxusdt	20260327	trade	signed_trade_volume_imbalance	250	100	0.200000	151241	0.966875003295774	0.107079409078628	32.689770980057460	NO_EDGE
okx	avaxusdt	20260327	trade	signed_trade_volume_imbalance	250	250	0.050000	152640	0.959174954642634	0.148336240753268	33.757264168807808	NO_EDGE
okx	avaxusdt	20260327	trade	signed_trade_volume_imbalance	250	250	0.100000	152196	0.961751367482879	0.147122549294429	33.624728717653745	NO_EDGE
okx	avaxusdt	20260327	trade	signed_trade_volume_imbalance	250	250	0.200000	151241	0.966875003295774	0.145273679691408	33.593179770101067	NO_EDGE
okx	avaxusdt	20260327	trade	signed_trade_volume_imbalance	250	500	0.050000	152639	0.959174687181203	0.198240212789283	34.770736452426306	NO_EDGE
okx	avaxusdt	20260327	trade	signed_trade_volume_imbalance	250	500	0.100000	152195	0.961751116169547	0.197467249879981	34.769273336915518	NO_EDGE
okx	avaxusdt	20260327	trade	signed_trade_volume_imbalance	250	500	0.200000	151240	0.966874784273051	0.194865877020788	34.749839798476522	NO_EDGE
okx	avaxusdt	20260327	trade	signed_trade_volume_imbalance	500	100	0.050000	152408	0.935585158607644	0.115749371404098	34.357502283264694	NO_EDGE
okx	avaxusdt	20260327	trade	signed_trade_volume_imbalance	500	100	0.100000	151734	0.939407823499854	0.116023346508214	34.634569892667720	NO_EDGE
okx	avaxusdt	20260327	trade	signed_trade_volume_imbalance	500	100	0.200000	150169	0.947614140683084	0.114781466207985	34.850172651593169	NO_EDGE
okx	avaxusdt	20260327	trade	signed_trade_volume_imbalance	500	250	0.050000	152408	0.935585158607644	0.155889689524433	35.283493554842323	NO_EDGE
okx	avaxusdt	20260327	trade	signed_trade_volume_imbalance	500	250	0.100000	151734	0.939407823499854	0.157226649248717	35.746650995089077	NO_EDGE
okx	avaxusdt	20260327	trade	signed_trade_volume_imbalance	500	250	0.200000	150169	0.947614140683084	0.158530007628630	36.705288358512654	NO_EDGE
okx	avaxusdt	20260327	trade	signed_trade_volume_imbalance	500	500	0.050000	152407	0.935584735957496	0.201341205342422	35.100460320198991	DIRECTIONAL
okx	avaxusdt	20260327	trade	signed_trade_volume_imbalance	500	500	0.100000	151733	0.939407424165654	0.202813649197555	35.494641150809905	DIRECTIONAL
okx	avaxusdt	20260327	trade	signed_trade_volume_imbalance	500	500	0.200000	150168	0.947613791834734	0.201496043323246	35.834652847338603	DIRECTIONAL
okx	avaxusdt	20260328	trade	signed_trade_volume_imbalance	100	100	0.050000	103367	0.988950614672331	0.025261422393617	8.288973496450245	NO_EDGE
okx	avaxusdt	20260328	trade	signed_trade_volume_imbalance	100	100	0.100000	103289	0.989640151500640	0.025408784509387	8.354337830620212	NO_EDGE
okx	avaxusdt	20260328	trade	signed_trade_volume_imbalance	100	100	0.200000	103125	0.990966607183184	0.024869608141423	8.192235472307541	NO_EDGE
okx	avaxusdt	20260328	trade	signed_trade_volume_imbalance	100	250	0.050000	103367	0.988950614672331	0.039012348333774	10.569168423488389	NO_EDGE
okx	avaxusdt	20260328	trade	signed_trade_volume_imbalance	100	250	0.100000	103289	0.989640151500640	0.039209937456986	10.645213017864377	NO_EDGE
okx	avaxusdt	20260328	trade	signed_trade_volume_imbalance	100	250	0.200000	103125	0.990966607183184	0.038854224194527	10.570298247405601	NO_EDGE
okx	avaxusdt	20260328	trade	signed_trade_volume_imbalance	100	500	0.050000	103367	0.988950614672331	0.054179791634469	11.942041835805218	NO_EDGE
okx	avaxusdt	20260328	trade	signed_trade_volume_imbalance	100	500	0.100000	103289	0.989640151500640	0.054326083209160	11.989552796958327	NO_EDGE
okx	avaxusdt	20260328	trade	signed_trade_volume_imbalance	100	500	0.200000	103125	0.990966607183184	0.054147209327634	11.966247608678705	NO_EDGE
okx	avaxusdt	20260328	trade	signed_trade_volume_imbalance	250	100	0.050000	103171	0.977917123211579	0.025101518395500	8.242168331607440	NO_EDGE
okx	avaxusdt	20260328	trade	signed_trade_volume_imbalance	250	100	0.100000	102994	0.979466744240677	0.024774073095385	8.158406396811312	NO_EDGE
okx	avaxusdt	20260328	trade	signed_trade_volume_imbalance	250	100	0.200000	102700	0.981825551938816	0.025001871565987	8.245249987625263	NO_EDGE
okx	avaxusdt	20260328	trade	signed_trade_volume_imbalance	250	250	0.050000	103171	0.977917123211579	0.036128535710863	9.791243049751886	NO_EDGE
okx	avaxusdt	20260328	trade	signed_trade_volume_imbalance	250	250	0.100000	102994	0.979466744240677	0.035634864381963	9.697193840514331	NO_EDGE
okx	avaxusdt	20260328	trade	signed_trade_volume_imbalance	250	250	0.200000	102700	0.981825551938816	0.036387611038923	9.928451857418450	NO_EDGE
okx	avaxusdt	20260328	trade	signed_trade_volume_imbalance	250	500	0.050000	103171	0.977917123211579	0.056161861419571	12.415429596618116	NO_EDGE
okx	avaxusdt	20260328	trade	signed_trade_volume_imbalance	250	500	0.100000	102994	0.979466744240677	0.055243760998891	12.291306652582769	NO_EDGE
okx	avaxusdt	20260328	trade	signed_trade_volume_imbalance	250	500	0.200000	102700	0.981825551938816	0.056414372175784	12.607564816761547	NO_EDGE
okx	avaxusdt	20260328	trade	signed_trade_volume_imbalance	500	100	0.050000	102962	0.962381777173973	0.028530598497479	9.336581619100862	NO_EDGE
okx	avaxusdt	20260328	trade	signed_trade_volume_imbalance	500	100	0.100000	102697	0.964666982972871	0.028648864106192	9.389615445066799	NO_EDGE
okx	avaxusdt	20260328	trade	signed_trade_volume_imbalance	500	100	0.200000	102148	0.969030509417505	0.029241161850660	9.622979811819613	NO_EDGE
okx	avaxusdt	20260328	trade	signed_trade_volume_imbalance	500	250	0.050000	102962	0.962381777173973	0.040777889008902	11.030629145293785	NO_EDGE
okx	avaxusdt	20260328	trade	signed_trade_volume_imbalance	500	250	0.100000	102697	0.964666982972871	0.040969530503805	11.107294380520845	NO_EDGE
okx	avaxusdt	20260328	trade	signed_trade_volume_imbalance	500	250	0.200000	102148	0.969030509417505	0.042331605927820	11.563464306073456	NO_EDGE
okx	avaxusdt	20260328	trade	signed_trade_volume_imbalance	500	500	0.050000	102962	0.962381777173973	0.059048850045823	13.014560422912796	NO_EDGE
okx	avaxusdt	20260328	trade	signed_trade_volume_imbalance	500	500	0.100000	102697	0.964666982972871	0.058280597413639	12.957201504359745	NO_EDGE
okx	avaxusdt	20260328	trade	signed_trade_volume_imbalance	500	500	0.200000	102148	0.969030509417505	0.058308661756264	13.164616831396637	NO_EDGE
okx	bnbusdt	20260324	trade	signed_trade_volume_imbalance	100	100	0.050000	103094	0.986460472656277	-0.149192991126330	-29.361683706243401	NO_EDGE
okx	bnbusdt	20260324	trade	signed_trade_volume_imbalance	100	100	0.100000	103027	0.987051993957765	-0.149333983656842	-29.379471589909780	NO_EDGE
okx	bnbusdt	20260324	trade	signed_trade_volume_imbalance	100	100	0.200000	102847	0.988517190887300	-0.149346107989700	-29.359156568287322	NO_EDGE
okx	bnbusdt	20260324	trade	signed_trade_volume_imbalance	100	250	0.050000	103094	0.986460472656277	-0.143912668066024	-27.602887556131741	NO_EDGE
okx	bnbusdt	20260324	trade	signed_trade_volume_imbalance	100	250	0.100000	103027	0.987051993957765	-0.144019654181592	-27.614041230209732	NO_EDGE
okx	bnbusdt	20260324	trade	signed_trade_volume_imbalance	100	250	0.200000	102847	0.988517190887300	-0.143991771709430	-27.587165271864912	NO_EDGE
okx	bnbusdt	20260324	trade	signed_trade_volume_imbalance	100	500	0.050000	103094	0.986460472656277	-0.146314505635726	-27.051592521638732	NO_EDGE
okx	bnbusdt	20260324	trade	signed_trade_volume_imbalance	100	500	0.100000	103027	0.987051993957765	-0.146237620164899	-27.036852749731690	NO_EDGE
okx	bnbusdt	20260324	trade	signed_trade_volume_imbalance	100	500	0.200000	102847	0.988517190887300	-0.145996713309753	-26.990535190128732	NO_EDGE
okx	bnbusdt	20260324	trade	signed_trade_volume_imbalance	250	100	0.050000	102910	0.978256010627986	-0.134284600434583	-26.372107059994825	NO_EDGE
okx	bnbusdt	20260324	trade	signed_trade_volume_imbalance	250	100	0.100000	102810	0.979132818858094	-0.134691477806088	-26.437147144335849	NO_EDGE
okx	bnbusdt	20260324	trade	signed_trade_volume_imbalance	250	100	0.200000	102532	0.981384730493756	-0.135147568178328	-26.489054336331673	NO_EDGE
okx	bnbusdt	20260324	trade	signed_trade_volume_imbalance	250	250	0.050000	102910	0.978256010627986	-0.129287158638990	-24.747927698761849	NO_EDGE
okx	bnbusdt	20260324	trade	signed_trade_volume_imbalance	250	250	0.100000	102810	0.979132818858094	-0.129674103522072	-24.808032560703307	NO_EDGE
okx	bnbusdt	20260324	trade	signed_trade_volume_imbalance	250	250	0.200000	102532	0.981384730493756	-0.130255043721501	-24.884644292108678	NO_EDGE
okx	bnbusdt	20260324	trade	signed_trade_volume_imbalance	250	500	0.050000	102910	0.978256010627986	-0.128447853099761	-23.705321461970961	NO_EDGE
okx	bnbusdt	20260324	trade	signed_trade_volume_imbalance	250	500	0.100000	102810	0.979132818858094	-0.128833676722645	-23.772723346793462	NO_EDGE
okx	bnbusdt	20260324	trade	signed_trade_volume_imbalance	250	500	0.200000	102532	0.981384730493756	-0.129366726901110	-23.863381825805352	NO_EDGE
okx	bnbusdt	20260324	trade	signed_trade_volume_imbalance	500	100	0.050000	102669	0.967562749247317	-0.119640275912857	-23.436192215058870	NO_EDGE
okx	bnbusdt	20260324	trade	signed_trade_volume_imbalance	500	100	0.100000	102512	0.968928479235791	-0.119962043240745	-23.476243617025531	NO_EDGE
okx	bnbusdt	20260324	trade	signed_trade_volume_imbalance	500	100	0.200000	102089	0.972349328506200	-0.120272298027501	-23.475972708542169	NO_EDGE
okx	bnbusdt	20260324	trade	signed_trade_volume_imbalance	500	250	0.050000	102669	0.967562749247317	-0.113765197422456	-21.722739236381212	NO_EDGE
okx	bnbusdt	20260324	trade	signed_trade_volume_imbalance	500	250	0.100000	102512	0.968928479235791	-0.114078123446066	-21.760577938933469	NO_EDGE
okx	bnbusdt	20260324	trade	signed_trade_volume_imbalance	500	250	0.200000	102089	0.972349328506200	-0.114534367031642	-21.790877539286953	NO_EDGE
okx	bnbusdt	20260324	trade	signed_trade_volume_imbalance	500	500	0.050000	102669	0.967562749247317	-0.112426785832946	-20.697380238724076	NO_EDGE
okx	bnbusdt	20260324	trade	signed_trade_volume_imbalance	500	500	0.100000	102512	0.968928479235791	-0.112722078571021	-20.740612818360486	NO_EDGE
okx	bnbusdt	20260324	trade	signed_trade_volume_imbalance	500	500	0.200000	102089	0.972349328506200	-0.113157229880769	-20.791636460779479	NO_EDGE
okx	bnbusdt	20260325	trade	signed_trade_volume_imbalance	100	100	0.050000	88950	0.987054592661956	-0.152047178671237	-46.507837464908206	NO_EDGE
okx	bnbusdt	20260325	trade	signed_trade_volume_imbalance	100	100	0.100000	88904	0.987527970499012	-0.152285192204770	-46.605662149699185	NO_EDGE
okx	bnbusdt	20260325	trade	signed_trade_volume_imbalance	100	100	0.200000	88807	0.988440293563175	-0.152539627614114	-46.739816631839027	NO_EDGE
okx	bnbusdt	20260325	trade	signed_trade_volume_imbalance	100	250	0.050000	88950	0.987054592661956	-0.141749724114607	-40.048791958961360	NO_EDGE
okx	bnbusdt	20260325	trade	signed_trade_volume_imbalance	100	250	0.100000	88904	0.987527970499012	-0.141982162106687	-40.128727537257141	NO_EDGE
okx	bnbusdt	20260325	trade	signed_trade_volume_imbalance	100	250	0.200000	88807	0.988440293563175	-0.142277488846047	-40.251600989486072	NO_EDGE
okx	bnbusdt	20260325	trade	signed_trade_volume_imbalance	100	500	0.050000	88950	0.987054592661956	-0.127055552605702	-32.797018126284314	NO_EDGE
okx	bnbusdt	20260325	trade	signed_trade_volume_imbalance	100	500	0.100000	88904	0.987527970499012	-0.127297746706897	-32.868116501255450	NO_EDGE
okx	bnbusdt	20260325	trade	signed_trade_volume_imbalance	100	500	0.200000	88807	0.988440293563175	-0.127455370739199	-32.933589914857571	NO_EDGE
okx	bnbusdt	20260325	trade	signed_trade_volume_imbalance	250	100	0.050000	88624	0.976192797557042	-0.132472461573341	-40.352014190360087	NO_EDGE
okx	bnbusdt	20260325	trade	signed_trade_volume_imbalance	250	100	0.100000	88540	0.977046188299700	-0.132670820370765	-40.424708079350303	NO_EDGE
okx	bnbusdt	20260325	trade	signed_trade_volume_imbalance	250	100	0.200000	88372	0.978627551667514	-0.132942837974846	-40.552176158404883	NO_EDGE
okx	bnbusdt	20260325	trade	signed_trade_volume_imbalance	250	250	0.050000	88624	0.976192797557042	-0.122012514519626	-34.341168557864144	NO_EDGE
okx	bnbusdt	20260325	trade	signed_trade_volume_imbalance	250	250	0.100000	88540	0.977046188299700	-0.122200828172072	-34.396579018257079	NO_EDGE
okx	bnbusdt	20260325	trade	signed_trade_volume_imbalance	250	250	0.200000	88372	0.978627551667514	-0.122400372587461	-34.479784067534105	NO_EDGE
okx	bnbusdt	20260325	trade	signed_trade_volume_imbalance	250	500	0.050000	88624	0.976192797557042	-0.107318506126403	-27.607775126207365	NO_EDGE
okx	bnbusdt	20260325	trade	signed_trade_volume_imbalance	250	500	0.100000	88540	0.977046188299700	-0.107545145479386	-27.667654525479811	NO_EDGE
okx	bnbusdt	20260325	trade	signed_trade_volume_imbalance	250	500	0.200000	88372	0.978627551667514	-0.107628488250425	-27.700843039614114	NO_EDGE
okx	bnbusdt	20260325	trade	signed_trade_volume_imbalance	500	100	0.050000	88298	0.959732901932763	-0.110322210470359	-33.456399258183232	NO_EDGE
okx	bnbusdt	20260325	trade	signed_trade_volume_imbalance	500	100	0.100000	88144	0.961277489266094	-0.110570592928029	-33.528776505445776	NO_EDGE
okx	bnbusdt	20260325	trade	signed_trade_volume_imbalance	500	100	0.200000	87824	0.964255125629839	-0.110940745920530	-33.647894716579593	NO_EDGE
okx	bnbusdt	20260325	trade	signed_trade_volume_imbalance	500	250	0.050000	88298	0.959732901932763	-0.099906373707428	-28.007109683753853	NO_EDGE
okx	bnbusdt	20260325	trade	signed_trade_volume_imbalance	500	250	0.100000	88144	0.961277489266094	-0.100153927160429	-28.068250875042946	NO_EDGE
okx	bnbusdt	20260325	trade	signed_trade_volume_imbalance	500	250	0.200000	87824	0.964255125629839	-0.100521585044673	-28.168080980703511	NO_EDGE
okx	bnbusdt	20260325	trade	signed_trade_volume_imbalance	500	500	0.050000	88298	0.959732901932763	-0.085359650122433	-21.895098724032032	NO_EDGE
okx	bnbusdt	20260325	trade	signed_trade_volume_imbalance	500	500	0.100000	88144	0.961277489266094	-0.085563385466755	-21.938093306996567	NO_EDGE
okx	bnbusdt	20260325	trade	signed_trade_volume_imbalance	500	500	0.200000	87824	0.964255125629839	-0.086018809436250	-22.044294805102201	NO_EDGE
okx	bnbusdt	20260326	trade	signed_trade_volume_imbalance	100	100	0.050000	112992	0.991880999308782	0.161189267408406	31.859947889695277	NO_EDGE
okx	bnbusdt	20260326	trade	signed_trade_volume_imbalance	100	100	0.100000	112956	0.992172013818360	0.161254174418195	31.867744429401267	NO_EDGE
okx	bnbusdt	20260326	trade	signed_trade_volume_imbalance	100	100	0.200000	112862	0.992880163250008	0.161627736178843	31.929450309692623	NO_EDGE
okx	bnbusdt	20260326	trade	signed_trade_volume_imbalance	100	250	0.050000	112992	0.991880999308782	0.066271861164162	14.287404737014606	NO_EDGE
okx	bnbusdt	20260326	trade	signed_trade_volume_imbalance	100	250	0.100000	112956	0.992172013818360	0.066278791322942	14.286644703233566	NO_EDGE
okx	bnbusdt	20260326	trade	signed_trade_volume_imbalance	100	250	0.200000	112862	0.992880163250008	0.066390069897330	14.305980327974662	NO_EDGE
okx	bnbusdt	20260326	trade	signed_trade_volume_imbalance	100	500	0.050000	112992	0.991880999308782	0.090827719749100	19.042038237542044	NO_EDGE
okx	bnbusdt	20260326	trade	signed_trade_volume_imbalance	100	500	0.100000	112956	0.992172013818360	0.090912808735290	19.059329793697373	NO_EDGE
okx	bnbusdt	20260326	trade	signed_trade_volume_imbalance	100	500	0.200000	112862	0.992880163250008	0.091044243311274	19.082681471801166	NO_EDGE
okx	bnbusdt	20260326	trade	signed_trade_volume_imbalance	250	100	0.050000	112669	0.982057271543877	0.176666106219575	34.872635490202072	NO_EDGE
okx	bnbusdt	20260326	trade	signed_trade_volume_imbalance	250	100	0.100000	112607	0.982557714140099	0.176791561427372	34.884044643883293	NO_EDGE
okx	bnbusdt	20260326	trade	signed_trade_volume_imbalance	250	100	0.200000	112380	0.984249806480827	0.177247842928660	34.927024714544928	NO_EDGE
okx	bnbusdt	20260326	trade	signed_trade_volume_imbalance	250	250	0.050000	112669	0.982057271543877	0.082603180937498	17.782531453235720	NO_EDGE
okx	bnbusdt	20260326	trade	signed_trade_volume_imbalance	250	250	0.100000	112607	0.982557714140099	0.082634618199441	17.784849660566714	NO_EDGE
okx	bnbusdt	20260326	trade	signed_trade_volume_imbalance	250	250	0.200000	112380	0.984249806480827	0.082815420133284	17.813310814187854	NO_EDGE
okx	bnbusdt	20260326	trade	signed_trade_volume_imbalance	250	500	0.050000	112669	0.982057271543877	0.106576498368792	22.313489385109524	NO_EDGE
okx	bnbusdt	20260326	trade	signed_trade_volume_imbalance	250	500	0.100000	112607	0.982557714140099	0.106607029483049	22.315587968375546	NO_EDGE
okx	bnbusdt	20260326	trade	signed_trade_volume_imbalance	250	500	0.200000	112380	0.984249806480827	0.106963188315787	22.372184400495193	NO_EDGE
okx	bnbusdt	20260326	trade	signed_trade_volume_imbalance	500	100	0.050000	112331	0.968898277364879	0.197016116169418	38.851371462282579	NO_EDGE
okx	bnbusdt	20260326	trade	signed_trade_volume_imbalance	500	100	0.100000	112181	0.970093042980477	0.197068413366885	38.833011892379112	NO_EDGE
okx	bnbusdt	20260326	trade	signed_trade_volume_imbalance	500	100	0.200000	111788	0.973003493756265	0.198062567282881	38.937661901336995	NO_EDGE
okx	bnbusdt	20260326	trade	signed_trade_volume_imbalance	500	250	0.050000	112331	0.968898277364879	0.101668481772845	21.854543054295718	NO_EDGE
okx	bnbusdt	20260326	trade	signed_trade_volume_imbalance	500	250	0.100000	112181	0.970093042980477	0.101352605517038	21.777348277502536	NO_EDGE
okx	bnbusdt	20260326	trade	signed_trade_volume_imbalance	500	250	0.200000	111788	0.973003493756265	0.101952714257031	21.870975813391468	NO_EDGE
okx	bnbusdt	20260326	trade	signed_trade_volume_imbalance	500	500	0.050000	112331	0.968898277364879	0.125987381456525	26.345051854642680	NO_EDGE
okx	bnbusdt	20260326	trade	signed_trade_volume_imbalance	500	500	0.100000	112181	0.970093042980477	0.125717711907559	26.284290727514470	NO_EDGE
okx	bnbusdt	20260326	trade	signed_trade_volume_imbalance	500	500	0.200000	111788	0.973003493756265	0.125634522771737	26.259486925970378	NO_EDGE
okx	bnbusdt	20260327	trade	signed_trade_volume_imbalance	100	100	0.050000	86301	0.986282724810947	-0.194334276910244	-47.098998418941115	NO_EDGE
okx	bnbusdt	20260327	trade	signed_trade_volume_imbalance	100	100	0.100000	86255	0.986769602141467	-0.194344777913341	-47.115156619602843	NO_EDGE
okx	bnbusdt	20260327	trade	signed_trade_volume_imbalance	100	100	0.200000	86132	0.987969493251299	-0.194263414709952	-47.118575512498026	NO_EDGE
okx	bnbusdt	20260327	trade	signed_trade_volume_imbalance	100	250	0.050000	86301	0.986282724810947	-0.184582952385222	-37.095626492979093	NO_EDGE
okx	bnbusdt	20260327	trade	signed_trade_volume_imbalance	100	250	0.100000	86255	0.986769602141467	-0.185003314440049	-37.206087739572517	NO_EDGE
okx	bnbusdt	20260327	trade	signed_trade_volume_imbalance	100	250	0.200000	86132	0.987969493251299	-0.184833328950725	-37.216936410738597	NO_EDGE
okx	bnbusdt	20260327	trade	signed_trade_volume_imbalance	100	500	0.050000	86301	0.986282724810947	-0.141645436360976	-24.915180044523339	NO_EDGE
okx	bnbusdt	20260327	trade	signed_trade_volume_imbalance	100	500	0.100000	86255	0.986769602141467	-0.142119003833745	-25.033727103650726	NO_EDGE
okx	bnbusdt	20260327	trade	signed_trade_volume_imbalance	100	500	0.200000	86132	0.987969493251299	-0.141527622426073	-24.969483642127191	NO_EDGE
okx	bnbusdt	20260327	trade	signed_trade_volume_imbalance	250	100	0.050000	86024	0.971146442065447	-0.173000992330370	-41.655527354895810	NO_EDGE
okx	bnbusdt	20260327	trade	signed_trade_volume_imbalance	250	100	0.100000	85915	0.972280628872813	-0.173409730151913	-41.736438220319087	NO_EDGE
okx	bnbusdt	20260327	trade	signed_trade_volume_imbalance	250	100	0.200000	85609	0.975240657196013	-0.173147750365031	-41.693285115463738	NO_EDGE
okx	bnbusdt	20260327	trade	signed_trade_volume_imbalance	250	250	0.050000	86024	0.971146442065447	-0.160967216386921	-32.105449695697239	NO_EDGE
okx	bnbusdt	20260327	trade	signed_trade_volume_imbalance	250	250	0.100000	85915	0.972280628872813	-0.161378970320806	-32.172184431641206	NO_EDGE
okx	bnbusdt	20260327	trade	signed_trade_volume_imbalance	250	250	0.200000	85609	0.975240657196013	-0.161226133807816	-32.123811840861563	NO_EDGE
okx	bnbusdt	20260327	trade	signed_trade_volume_imbalance	250	500	0.050000	86024	0.971146442065447	-0.116298067870704	-20.338185424849119	NO_EDGE
okx	bnbusdt	20260327	trade	signed_trade_volume_imbalance	250	500	0.100000	85915	0.972280628872813	-0.116692064268328	-20.397828538882724	NO_EDGE
okx	bnbusdt	20260327	trade	signed_trade_volume_imbalance	250	500	0.200000	85609	0.975240657196013	-0.116360772081285	-20.326630337076530	NO_EDGE
okx	bnbusdt	20260327	trade	signed_trade_volume_imbalance	500	100	0.050000	85698	0.951497149119591	-0.146524396780794	-35.118831699945133	NO_EDGE
okx	bnbusdt	20260327	trade	signed_trade_volume_imbalance	500	100	0.100000	85494	0.953584201877833	-0.146836339146940	-35.180865814794110	NO_EDGE
okx	bnbusdt	20260327	trade	signed_trade_volume_imbalance	500	100	0.200000	84965	0.958623953822422	-0.145996982009932	-34.978517654154764	NO_EDGE
okx	bnbusdt	20260327	trade	signed_trade_volume_imbalance	500	250	0.050000	85698	0.951497149119591	-0.133185547213959	-26.444960329566872	NO_EDGE
okx	bnbusdt	20260327	trade	signed_trade_volume_imbalance	500	250	0.100000	85494	0.953584201877833	-0.133484308260941	-26.485339090816481	NO_EDGE
okx	bnbusdt	20260327	trade	signed_trade_volume_imbalance	500	250	0.200000	84965	0.958623953822422	-0.132443931609129	-26.238897026384649	NO_EDGE
okx	bnbusdt	20260327	trade	signed_trade_volume_imbalance	500	500	0.050000	85698	0.951497149119591	-0.090570680562684	-15.778857380622503	NO_EDGE
okx	bnbusdt	20260327	trade	signed_trade_volume_imbalance	500	500	0.100000	85494	0.953584201877833	-0.090749252165016	-15.803435275912822	NO_EDGE
okx	bnbusdt	20260327	trade	signed_trade_volume_imbalance	500	500	0.200000	84965	0.958623953822422	-0.089136447502374	-15.519812474531442	NO_EDGE
okx	bnbusdt	20260328	trade	signed_trade_volume_imbalance	100	100	0.050000	45601	0.990966139116286	-0.250217769508856	-52.722713902873345	ANTI_EDGE
okx	bnbusdt	20260328	trade	signed_trade_volume_imbalance	100	100	0.100000	45590	0.991186578368647	-0.250171068992052	-52.753917479578845	ANTI_EDGE
okx	bnbusdt	20260328	trade	signed_trade_volume_imbalance	100	100	0.200000	45562	0.991704196160983	-0.250396354479495	-52.809662317210311	ANTI_EDGE
okx	bnbusdt	20260328	trade	signed_trade_volume_imbalance	100	250	0.050000	45601	0.990966139116286	-0.233542471504463	-44.702340292236542	ANTI_EDGE
okx	bnbusdt	20260328	trade	signed_trade_volume_imbalance	100	250	0.100000	45590	0.991186578368647	-0.233278456305873	-44.678909393086826	ANTI_EDGE
okx	bnbusdt	20260328	trade	signed_trade_volume_imbalance	100	250	0.200000	45562	0.991704196160983	-0.233386945754931	-44.702758368439667	ANTI_EDGE
okx	bnbusdt	20260328	trade	signed_trade_volume_imbalance	100	500	0.050000	45601	0.990966139116286	-0.230328218852258	-39.800951455396913	ANTI_EDGE
okx	bnbusdt	20260328	trade	signed_trade_volume_imbalance	100	500	0.100000	45590	0.991186578368647	-0.230276684850132	-39.835324016771544	ANTI_EDGE
okx	bnbusdt	20260328	trade	signed_trade_volume_imbalance	100	500	0.200000	45562	0.991704196160983	-0.230525625156890	-39.884484241331904	ANTI_EDGE
okx	bnbusdt	20260328	trade	signed_trade_volume_imbalance	250	100	0.050000	45429	0.981143506989224	-0.231745562290332	-48.488473319694563	ANTI_EDGE
okx	bnbusdt	20260328	trade	signed_trade_volume_imbalance	250	100	0.100000	45403	0.981662111560120	-0.231484782450746	-48.471614652008739	ANTI_EDGE
okx	bnbusdt	20260328	trade	signed_trade_volume_imbalance	250	100	0.200000	45338	0.982858867426356	-0.231638412288256	-48.503654155907327	ANTI_EDGE
okx	bnbusdt	20260328	trade	signed_trade_volume_imbalance	250	250	0.050000	45429	0.981143506989224	-0.216153907026012	-41.150367981903806	ANTI_EDGE
okx	bnbusdt	20260328	trade	signed_trade_volume_imbalance	250	250	0.100000	45403	0.981662111560120	-0.216276494426847	-41.203815719757742	ANTI_EDGE
okx	bnbusdt	20260328	trade	signed_trade_volume_imbalance	250	250	0.200000	45338	0.982858867426356	-0.216301262067402	-41.213648684799068	ANTI_EDGE
okx	bnbusdt	20260328	trade	signed_trade_volume_imbalance	250	500	0.050000	45429	0.981143506989224	-0.217352114460907	-37.401183079254686	ANTI_EDGE
okx	bnbusdt	20260328	trade	signed_trade_volume_imbalance	250	500	0.100000	45403	0.981662111560120	-0.217938815869032	-37.633142872261232	ANTI_EDGE
okx	bnbusdt	20260328	trade	signed_trade_volume_imbalance	250	500	0.200000	45338	0.982858867426356	-0.217930688219504	-37.665101370460945	ANTI_EDGE
okx	bnbusdt	20260328	trade	signed_trade_volume_imbalance	500	100	0.050000	45230	0.966735506039861	-0.211884233038875	-44.077228243431925	ANTI_EDGE
okx	bnbusdt	20260328	trade	signed_trade_volume_imbalance	500	100	0.100000	45165	0.968020557291185	-0.212079658962040	-44.095532510039540	ANTI_EDGE
okx	bnbusdt	20260328	trade	signed_trade_volume_imbalance	500	100	0.200000	45002	0.970998374219150	-0.211984580420233	-44.152120913022834	ANTI_EDGE
okx	bnbusdt	20260328	trade	signed_trade_volume_imbalance	500	250	0.050000	45230	0.966735506039861	-0.195431381827635	-37.062296410847566	NO_EDGE
okx	bnbusdt	20260328	trade	signed_trade_volume_imbalance	500	250	0.100000	45165	0.968020557291185	-0.194921901371145	-36.955055142513537	NO_EDGE
okx	bnbusdt	20260328	trade	signed_trade_volume_imbalance	500	250	0.200000	45002	0.970998374219150	-0.194510221889632	-36.879355357060540	NO_EDGE
okx	bnbusdt	20260328	trade	signed_trade_volume_imbalance	500	500	0.050000	45230	0.966735506039861	-0.201813535686990	-34.658435820808180	ANTI_EDGE
okx	bnbusdt	20260328	trade	signed_trade_volume_imbalance	500	500	0.100000	45165	0.968020557291185	-0.200955111345278	-34.595909986800066	ANTI_EDGE
okx	bnbusdt	20260328	trade	signed_trade_volume_imbalance	500	500	0.200000	45002	0.970998374219150	-0.198405640125321	-34.294753335379333	NO_EDGE
okx	linkusdt	20260324	trade	signed_trade_volume_imbalance	100	100	0.050000	182180	0.993009678066929	0.194178660946701	80.996298259876554	NO_EDGE
okx	linkusdt	20260324	trade	signed_trade_volume_imbalance	100	100	0.100000	182108	0.993372112816039	0.194338324347573	81.065615697139350	NO_EDGE
okx	linkusdt	20260324	trade	signed_trade_volume_imbalance	100	100	0.200000	181899	0.994341640086305	0.194814464633512	81.249917424029576	NO_EDGE
okx	linkusdt	20260324	trade	signed_trade_volume_imbalance	100	250	0.050000	182179	0.993009639696304	0.226830859386961	85.050365555297873	DIRECTIONAL
okx	linkusdt	20260324	trade	signed_trade_volume_imbalance	100	250	0.100000	182107	0.993372076420474	0.226967463181831	85.111383550348194	DIRECTIONAL
okx	linkusdt	20260324	trade	signed_trade_volume_imbalance	100	250	0.200000	181898	0.994341608978982	0.227621426311841	85.361279722089662	DIRECTIONAL
okx	linkusdt	20260324	trade	signed_trade_volume_imbalance	100	500	0.050000	182177	0.993009562953792	0.252914643322396	81.606181465904498	DIRECTIONAL
okx	linkusdt	20260324	trade	signed_trade_volume_imbalance	100	500	0.100000	182105	0.993372003628144	0.253043350556908	81.647695027204406	DIRECTIONAL
okx	linkusdt	20260324	trade	signed_trade_volume_imbalance	100	500	0.200000	181896	0.994341546763309	0.253709148951195	81.862487626107779	DIRECTIONAL
okx	linkusdt	20260324	trade	signed_trade_volume_imbalance	250	100	0.050000	181979	0.986364391676362	0.197391845126314	82.334089594477973	NO_EDGE
okx	linkusdt	20260324	trade	signed_trade_volume_imbalance	250	100	0.100000	181817	0.987176347022789	0.197646198298537	82.408933847238771	NO_EDGE
okx	linkusdt	20260324	trade	signed_trade_volume_imbalance	250	100	0.200000	181439	0.988919413326584	0.198075204793561	82.518639585392208	NO_EDGE
okx	linkusdt	20260324	trade	signed_trade_volume_imbalance	250	250	0.050000	181978	0.986364316746379	0.229141373519778	85.876493723973738	DIRECTIONAL
okx	linkusdt	20260324	trade	signed_trade_volume_imbalance	250	250	0.100000	181816	0.987176276491851	0.229369920435718	85.931679206685729	DIRECTIONAL
okx	linkusdt	20260324	trade	signed_trade_volume_imbalance	250	250	0.200000	181438	0.988919352255658	0.229805396826946	86.046206888123635	DIRECTIONAL
okx	linkusdt	20260324	trade	signed_trade_volume_imbalance	250	500	0.050000	181976	0.986364166883944	0.256298342454886	82.655077308014668	DIRECTIONAL
okx	linkusdt	20260324	trade	signed_trade_volume_imbalance	250	500	0.100000	181814	0.987176135427647	0.256490562866608	82.693942210866510	DIRECTIONAL
okx	linkusdt	20260324	trade	signed_trade_volume_imbalance	250	500	0.200000	181436	0.988919230111787	0.256969920954150	82.803211545606729	DIRECTIONAL
okx	linkusdt	20260324	trade	signed_trade_volume_imbalance	500	100	0.050000	181870	0.976280439746316	0.195592326411366	81.525779342477421	NO_EDGE
okx	linkusdt	20260324	trade	signed_trade_volume_imbalance	500	100	0.100000	181600	0.977618300358825	0.195986330502058	81.634303857856423	NO_EDGE
okx	linkusdt	20260324	trade	signed_trade_volume_imbalance	500	100	0.200000	180986	0.980425392800446	0.196632500513203	81.794278184984137	NO_EDGE
okx	linkusdt	20260324	trade	signed_trade_volume_imbalance	500	250	0.050000	181869	0.976280309325187	0.226131520880491	84.678691630609265	DIRECTIONAL
okx	linkusdt	20260324	trade	signed_trade_volume_imbalance	500	250	0.100000	181599	0.977618177110901	0.226578155875765	84.806745561284458	DIRECTIONAL
okx	linkusdt	20260324	trade	signed_trade_volume_imbalance	500	250	0.200000	180985	0.980425284644482	0.227329646823576	85.011527786969566	DIRECTIONAL
okx	linkusdt	20260324	trade	signed_trade_volume_imbalance	500	500	0.050000	181867	0.976280048478627	0.253398335188829	81.670247941811922	DIRECTIONAL
okx	linkusdt	20260324	trade	signed_trade_volume_imbalance	500	500	0.100000	181597	0.977617930610982	0.253717532894572	81.736281661221909	DIRECTIONAL
okx	linkusdt	20260324	trade	signed_trade_volume_imbalance	500	500	0.200000	180983	0.980425068328967	0.254573445847018	81.934709778027027	DIRECTIONAL
okx	linkusdt	20260325	trade	signed_trade_volume_imbalance	100	100	0.050000	180129	0.992128514280301	0.156107104428920	75.967925000414013	NO_EDGE
okx	linkusdt	20260325	trade	signed_trade_volume_imbalance	100	100	0.100000	180039	0.992585845360499	0.156280500807301	76.062222977291086	NO_EDGE
okx	linkusdt	20260325	trade	signed_trade_volume_imbalance	100	100	0.200000	179843	0.993505039050866	0.156581261973316	76.273251616236749	NO_EDGE
okx	linkusdt	20260325	trade	signed_trade_volume_imbalance	100	250	0.050000	180129	0.992128514280301	0.184267049044591	71.845267948086075	NO_EDGE
okx	linkusdt	20260325	trade	signed_trade_volume_imbalance	100	250	0.100000	180039	0.992585845360499	0.184550090704294	71.988644005658031	NO_EDGE
okx	linkusdt	20260325	trade	signed_trade_volume_imbalance	100	250	0.200000	179843	0.993505039050866	0.185071974560798	72.253393074838328	NO_EDGE
okx	linkusdt	20260325	trade	signed_trade_volume_imbalance	100	500	0.050000	180129	0.992128514280301	0.207093819792896	68.532756402570740	DIRECTIONAL
okx	linkusdt	20260325	trade	signed_trade_volume_imbalance	100	500	0.100000	180039	0.992585845360499	0.207245430857009	68.583308084136817	DIRECTIONAL
okx	linkusdt	20260325	trade	signed_trade_volume_imbalance	100	500	0.200000	179843	0.993505039050866	0.207679953467491	68.768062537593792	DIRECTIONAL
okx	linkusdt	20260325	trade	signed_trade_volume_imbalance	250	100	0.050000	179969	0.985162086490480	0.157348072133411	76.647130615297570	NO_EDGE
okx	linkusdt	20260325	trade	signed_trade_volume_imbalance	250	100	0.100000	179796	0.986035869977269	0.157559818101164	76.751785773525029	NO_EDGE
okx	linkusdt	20260325	trade	signed_trade_volume_imbalance	250	100	0.200000	179439	0.987703692006264	0.157843781052563	76.901357367323769	NO_EDGE
okx	linkusdt	20260325	trade	signed_trade_volume_imbalance	250	250	0.050000	179969	0.985162086490480	0.184388902804144	71.904050258938824	NO_EDGE
okx	linkusdt	20260325	trade	signed_trade_volume_imbalance	250	250	0.100000	179796	0.986035869977269	0.184616195702894	72.027770311018955	NO_EDGE
okx	linkusdt	20260325	trade	signed_trade_volume_imbalance	250	250	0.200000	179439	0.987703692006264	0.185067678362476	72.214207109362164	NO_EDGE
okx	linkusdt	20260325	trade	signed_trade_volume_imbalance	250	500	0.050000	179969	0.985162086490480	0.206361086581394	68.289527797127079	DIRECTIONAL
okx	linkusdt	20260325	trade	signed_trade_volume_imbalance	250	500	0.100000	179796	0.986035869977269	0.206590307243522	68.379928709342181	DIRECTIONAL
okx	linkusdt	20260325	trade	signed_trade_volume_imbalance	250	500	0.200000	179439	0.987703692006264	0.207086213028462	68.530276075444149	DIRECTIONAL
okx	linkusdt	20260325	trade	signed_trade_volume_imbalance	500	100	0.050000	179848	0.975222239987577	0.159032844925792	77.509789033169326	NO_EDGE
okx	linkusdt	20260325	trade	signed_trade_volume_imbalance	500	100	0.100000	179540	0.976767069114694	0.159382219181622	77.696035914871644	NO_EDGE
okx	linkusdt	20260325	trade	signed_trade_volume_imbalance	500	100	0.200000	178885	0.979798684179474	0.160178506186200	78.051831114641473	NO_EDGE
okx	linkusdt	20260325	trade	signed_trade_volume_imbalance	500	250	0.050000	179848	0.975222239987577	0.186110980100891	72.650426315724062	NO_EDGE
okx	linkusdt	20260325	trade	signed_trade_volume_imbalance	500	250	0.100000	179540	0.976767069114694	0.186691432406782	72.977845640114722	NO_EDGE
okx	linkusdt	20260325	trade	signed_trade_volume_imbalance	500	250	0.200000	178885	0.979798684179474	0.187524452705808	73.260355145735986	NO_EDGE
okx	linkusdt	20260325	trade	signed_trade_volume_imbalance	500	500	0.050000	179848	0.975222239987577	0.208248086842200	69.023664083031747	DIRECTIONAL
okx	linkusdt	20260325	trade	signed_trade_volume_imbalance	500	500	0.100000	179540	0.976767069114694	0.208883237550201	69.344499152278388	DIRECTIONAL
okx	linkusdt	20260325	trade	signed_trade_volume_imbalance	500	500	0.200000	178885	0.979798684179474	0.209648565383378	69.572220130638669	DIRECTIONAL
okx	linkusdt	20260326	trade	signed_trade_volume_imbalance	100	100	0.050000	161410	0.988677254271842	0.165706548928795	62.562890429183618	NO_EDGE
okx	linkusdt	20260326	trade	signed_trade_volume_imbalance	100	100	0.100000	161266	0.989491936801779	0.165938433752464	62.700593985753081	NO_EDGE
okx	linkusdt	20260326	trade	signed_trade_volume_imbalance	100	100	0.200000	160992	0.990927389773295	0.166065545162632	62.842337236522418	NO_EDGE
okx	linkusdt	20260326	trade	signed_trade_volume_imbalance	100	250	0.050000	161410	0.988677254271842	0.198115369120589	58.293093934850191	NO_EDGE
okx	linkusdt	20260326	trade	signed_trade_volume_imbalance	100	250	0.100000	161266	0.989491936801779	0.198306973883036	58.435336962690229	NO_EDGE
okx	linkusdt	20260326	trade	signed_trade_volume_imbalance	100	250	0.200000	160992	0.990927389773295	0.198562724299100	58.703989594703678	NO_EDGE
okx	linkusdt	20260326	trade	signed_trade_volume_imbalance	100	500	0.050000	161410	0.988677254271842	0.218925086703531	50.894182760469597	DIRECTIONAL
okx	linkusdt	20260326	trade	signed_trade_volume_imbalance	100	500	0.100000	161266	0.989491936801779	0.219344931375200	51.235781681412476	DIRECTIONAL
okx	linkusdt	20260326	trade	signed_trade_volume_imbalance	100	500	0.200000	160992	0.990927389773295	0.219941999019942	51.643114864023055	DIRECTIONAL
okx	linkusdt	20260326	trade	signed_trade_volume_imbalance	250	100	0.050000	161221	0.979584218392024	0.165640337874722	62.675548092391907	NO_EDGE
okx	linkusdt	20260326	trade	signed_trade_volume_imbalance	250	100	0.100000	161003	0.980805444246256	0.165334848214396	62.671320877842732	NO_EDGE
okx	linkusdt	20260326	trade	signed_trade_volume_imbalance	250	100	0.200000	160504	0.983381543765351	0.165238438672516	62.830562836424328	NO_EDGE
okx	linkusdt	20260326	trade	signed_trade_volume_imbalance	250	250	0.050000	161221	0.979584218392024	0.195658098776172	57.718562099571010	NO_EDGE
okx	linkusdt	20260326	trade	signed_trade_volume_imbalance	250	250	0.100000	161003	0.980805444246256	0.195600813509119	57.779174964726273	NO_EDGE
okx	linkusdt	20260326	trade	signed_trade_volume_imbalance	250	250	0.200000	160504	0.983381543765351	0.195989977803920	58.155994171644863	NO_EDGE
okx	linkusdt	20260326	trade	signed_trade_volume_imbalance	250	500	0.050000	161221	0.979584218392024	0.211457679826810	49.089505792606147	DIRECTIONAL
okx	linkusdt	20260326	trade	signed_trade_volume_imbalance	250	500	0.100000	161003	0.980805444246256	0.211875226097908	49.218295319852622	DIRECTIONAL
okx	linkusdt	20260326	trade	signed_trade_volume_imbalance	250	500	0.200000	160504	0.983381543765351	0.214177824561564	50.027160884447419	DIRECTIONAL
okx	linkusdt	20260326	trade	signed_trade_volume_imbalance	500	100	0.050000	161030	0.967219829580953	0.161302539734934	60.978232616587732	NO_EDGE
okx	linkusdt	20260326	trade	signed_trade_volume_imbalance	500	100	0.100000	160636	0.969407721039644	0.161613068275157	61.339015744571768	NO_EDGE
okx	linkusdt	20260326	trade	signed_trade_volume_imbalance	500	100	0.200000	159733	0.974025002549312	0.161193140967193	61.447458429803433	NO_EDGE
okx	linkusdt	20260326	trade	signed_trade_volume_imbalance	500	250	0.050000	161030	0.967219829580953	0.187017765777265	55.127922811232615	NO_EDGE
okx	linkusdt	20260326	trade	signed_trade_volume_imbalance	500	250	0.100000	160636	0.969407721039644	0.187551670788183	55.540761546596706	NO_EDGE
okx	linkusdt	20260326	trade	signed_trade_volume_imbalance	500	250	0.200000	159733	0.974025002549312	0.188091499720105	56.048081062507514	NO_EDGE
okx	linkusdt	20260326	trade	signed_trade_volume_imbalance	500	500	0.050000	161030	0.967219829580953	0.205092312465982	47.829614503060363	DIRECTIONAL
okx	linkusdt	20260326	trade	signed_trade_volume_imbalance	500	500	0.100000	160636	0.969407721039644	0.206344030167605	48.414751645065806	DIRECTIONAL
okx	linkusdt	20260326	trade	signed_trade_volume_imbalance	500	500	0.200000	159733	0.974025002549312	0.207106677799481	48.917628476339914	DIRECTIONAL
okx	linkusdt	20260327	trade	signed_trade_volume_imbalance	100	100	0.050000	146571	0.983962035710661	0.183269157692715	62.152885872523356	NO_EDGE
okx	linkusdt	20260327	trade	signed_trade_volume_imbalance	100	100	0.100000	146398	0.985033435884157	0.182908441163789	62.178159255132719	NO_EDGE
okx	linkusdt	20260327	trade	signed_trade_volume_imbalance	100	100	0.200000	146053	0.986997876983373	0.183164735177204	62.473794154252936	NO_EDGE
okx	linkusdt	20260327	trade	signed_trade_volume_imbalance	100	250	0.050000	146570	0.983961926288787	0.211792201152439	55.350880980147664	DIRECTIONAL
okx	linkusdt	20260327	trade	signed_trade_volume_imbalance	100	250	0.100000	146397	0.985033333651435	0.211430147207578	55.368313069356908	DIRECTIONAL
okx	linkusdt	20260327	trade	signed_trade_volume_imbalance	100	250	0.200000	146052	0.986997787959444	0.211460868711934	55.525614684700592	DIRECTIONAL
okx	linkusdt	20260327	trade	signed_trade_volume_imbalance	100	500	0.050000	146569	0.983961816865420	0.233634820988085	49.464940330184568	DIRECTIONAL
okx	linkusdt	20260327	trade	signed_trade_volume_imbalance	100	500	0.100000	146396	0.985033231417316	0.233203141634858	49.500279383665180	DIRECTIONAL
okx	linkusdt	20260327	trade	signed_trade_volume_imbalance	100	500	0.200000	146051	0.986997698934297	0.232536260197580	49.562053890750718	DIRECTIONAL
okx	linkusdt	20260327	trade	signed_trade_volume_imbalance	250	100	0.050000	146317	0.971608576234135	0.181247697002553	61.438290162893985	NO_EDGE
okx	linkusdt	20260327	trade	signed_trade_volume_imbalance	250	100	0.100000	145946	0.973888606594766	0.182511933708250	62.093673731226232	NO_EDGE
okx	linkusdt	20260327	trade	signed_trade_volume_imbalance	250	100	0.200000	145346	0.977277930805701	0.183693527017427	62.901048202526120	NO_EDGE
okx	linkusdt	20260327	trade	signed_trade_volume_imbalance	250	250	0.050000	146316	0.971608382192311	0.212679752914901	55.588004789229856	DIRECTIONAL
okx	linkusdt	20260327	trade	signed_trade_volume_imbalance	250	250	0.100000	145945	0.973888427682209	0.215591186305695	56.744661568947862	DIRECTIONAL
okx	linkusdt	20260327	trade	signed_trade_volume_imbalance	250	250	0.200000	145345	0.977277774473739	0.216679359713677	57.282333674967099	DIRECTIONAL
okx	linkusdt	20260327	trade	signed_trade_volume_imbalance	250	500	0.050000	146315	0.971608188147836	0.234829837977696	49.834474293170537	DIRECTIONAL
okx	linkusdt	20260327	trade	signed_trade_volume_imbalance	250	500	0.100000	145944	0.973888248767202	0.236586087324967	50.585268399295074	DIRECTIONAL
okx	linkusdt	20260327	trade	signed_trade_volume_imbalance	250	500	0.200000	145344	0.977277618139629	0.238736218412560	51.542040298865786	DIRECTIONAL
okx	linkusdt	20260327	trade	signed_trade_volume_imbalance	500	100	0.050000	146136	0.958383236577108	0.184748469319502	62.653599992042956	NO_EDGE
okx	linkusdt	20260327	trade	signed_trade_volume_imbalance	500	100	0.100000	145691	0.961083485736709	0.185442805279744	63.062917360789804	NO_EDGE
okx	linkusdt	20260327	trade	signed_trade_volume_imbalance	500	100	0.200000	144775	0.966188995207351	0.186174356040899	63.454408031272926	NO_EDGE
okx	linkusdt	20260327	trade	signed_trade_volume_imbalance	500	250	0.050000	146135	0.958382951794110	0.212502295040667	55.701047763185777	DIRECTIONAL
okx	linkusdt	20260327	trade	signed_trade_volume_imbalance	500	250	0.100000	145690	0.961083218618071	0.214353548642176	56.763355866000737	DIRECTIONAL
okx	linkusdt	20260327	trade	signed_trade_volume_imbalance	500	250	0.200000	144774	0.966188761664002	0.214589981103553	57.006523504258340	DIRECTIONAL
okx	linkusdt	20260327	trade	signed_trade_volume_imbalance	500	500	0.050000	146134	0.958382667007214	0.244472812157844	52.453005112680387	DIRECTIONAL
okx	linkusdt	20260327	trade	signed_trade_volume_imbalance	500	500	0.100000	145689	0.961082951495766	0.246925877014952	53.713562155383343	DIRECTIONAL
okx	linkusdt	20260327	trade	signed_trade_volume_imbalance	500	500	0.200000	144773	0.966188528117426	0.245243789327395	54.050959982904779	DIRECTIONAL
okx	linkusdt	20260328	trade	signed_trade_volume_imbalance	100	100	0.050000	141701	0.982844141534187	0.108104126946819	32.059291169533836	NO_EDGE
okx	linkusdt	20260328	trade	signed_trade_volume_imbalance	100	100	0.100000	141484	0.984239491262386	0.108797867347883	32.407792627137319	NO_EDGE
okx	linkusdt	20260328	trade	signed_trade_volume_imbalance	100	100	0.200000	141039	0.986868041704028	0.108836622006847	32.768216988494103	NO_EDGE
okx	linkusdt	20260328	trade	signed_trade_volume_imbalance	100	250	0.050000	141699	0.982843899389088	0.114888287326719	23.623839481442545	NO_EDGE
okx	linkusdt	20260328	trade	signed_trade_volume_imbalance	100	250	0.100000	141482	0.984239268470661	0.115292366897880	23.857512849185294	NO_EDGE
okx	linkusdt	20260328	trade	signed_trade_volume_imbalance	100	250	0.200000	141037	0.986867855483972	0.114084100900353	23.985094238096341	NO_EDGE
okx	linkusdt	20260328	trade	signed_trade_volume_imbalance	100	500	0.050000	141698	0.982843778313971	0.144741262449179	22.334727890173369	NO_EDGE
okx	linkusdt	20260328	trade	signed_trade_volume_imbalance	100	500	0.100000	141481	0.984239157072432	0.144108689389394	22.452006280604952	NO_EDGE
okx	linkusdt	20260328	trade	signed_trade_volume_imbalance	100	500	0.200000	141036	0.986867762371959	0.144842733581747	23.087522848002287	NO_EDGE
okx	linkusdt	20260328	trade	signed_trade_volume_imbalance	250	100	0.050000	141397	0.971968986016844	0.101990607042694	30.456625726678887	NO_EDGE
okx	linkusdt	20260328	trade	signed_trade_volume_imbalance	250	100	0.100000	140967	0.974706202961921	0.103316587737398	31.468564298908198	NO_EDGE
okx	linkusdt	20260328	trade	signed_trade_volume_imbalance	250	100	0.200000	140246	0.978957199091328	0.101393165165800	31.385439984173146	NO_EDGE
okx	linkusdt	20260328	trade	signed_trade_volume_imbalance	250	250	0.050000	141395	0.971968589524544	0.129344536514709	26.785726095907719	NO_EDGE
okx	linkusdt	20260328	trade	signed_trade_volume_imbalance	250	250	0.100000	140965	0.974705844095572	0.128343929904210	27.027398033958679	NO_EDGE
okx	linkusdt	20260328	trade	signed_trade_volume_imbalance	250	250	0.200000	140244	0.978956899002893	0.127741886700408	27.472459640704102	NO_EDGE
okx	linkusdt	20260328	trade	signed_trade_volume_imbalance	250	500	0.050000	141394	0.971968391274181	0.157020750521522	24.370809594936066	NO_EDGE
okx	linkusdt	20260328	trade	signed_trade_volume_imbalance	250	500	0.100000	140964	0.974705664658573	0.155660701529647	24.506023746054627	NO_EDGE
okx	linkusdt	20260328	trade	signed_trade_volume_imbalance	250	500	0.200000	140243	0.978956748955459	0.153247570778670	24.882565766755409	NO_EDGE
okx	linkusdt	20260328	trade	signed_trade_volume_imbalance	500	100	0.050000	141428	0.959982316484458	0.106991442332808	31.837453352415121	NO_EDGE
okx	linkusdt	20260328	trade	signed_trade_volume_imbalance	500	100	0.100000	141018	0.962553088924018	0.105758972823890	31.755009291293046	NO_EDGE
okx	linkusdt	20260328	trade	signed_trade_volume_imbalance	500	100	0.200000	140031	0.968270400800339	0.104697774180226	32.139155515917601	NO_EDGE
okx	linkusdt	20260328	trade	signed_trade_volume_imbalance	500	250	0.050000	141426	0.959981750567537	0.135628566744266	27.963372089795701	NO_EDGE
okx	linkusdt	20260328	trade	signed_trade_volume_imbalance	500	250	0.100000	141016	0.962552557822430	0.134075652607630	27.981652039167422	NO_EDGE
okx	linkusdt	20260328	trade	signed_trade_volume_imbalance	500	250	0.200000	140029	0.968269947614229	0.135239018572871	29.042737954049464	NO_EDGE
okx	linkusdt	20260328	trade	signed_trade_volume_imbalance	500	500	0.050000	141425	0.959981467603072	0.159890814371961	24.636282768463680	NO_EDGE
okx	linkusdt	20260328	trade	signed_trade_volume_imbalance	500	500	0.100000	141015	0.962552292265984	0.159959506403770	25.066023603951894	NO_EDGE
okx	linkusdt	20260328	trade	signed_trade_volume_imbalance	500	500	0.200000	140028	0.968269721016317	0.169791977272859	28.153122394760537	NO_EDGE
okx	ltcusdt	20260324	trade	signed_trade_volume_imbalance	100	100	0.050000	63721	0.994456736055785	0.047035904245224	10.705458741802389	NO_EDGE
okx	ltcusdt	20260324	trade	signed_trade_volume_imbalance	100	100	0.100000	63714	0.994556449475090	0.047012816945598	10.700124141736611	NO_EDGE
okx	ltcusdt	20260324	trade	signed_trade_volume_imbalance	100	100	0.200000	63663	0.995230008051658	0.047050149906742	10.707085731103263	NO_EDGE
okx	ltcusdt	20260324	trade	signed_trade_volume_imbalance	100	250	0.050000	63721	0.994456736055785	0.050951655784063	10.631272995856678	NO_EDGE
okx	ltcusdt	20260324	trade	signed_trade_volume_imbalance	100	250	0.100000	63714	0.994556449475090	0.050928998692253	10.626291872845231	NO_EDGE
okx	ltcusdt	20260324	trade	signed_trade_volume_imbalance	100	250	0.200000	63663	0.995230008051658	0.051025775296863	10.645698938011146	NO_EDGE
okx	ltcusdt	20260324	trade	signed_trade_volume_imbalance	100	500	0.050000	63721	0.994456736055785	0.054818900577129	10.367591985163576	NO_EDGE
okx	ltcusdt	20260324	trade	signed_trade_volume_imbalance	100	500	0.100000	63714	0.994556449475090	0.054796668363895	10.362980454329383	NO_EDGE
okx	ltcusdt	20260324	trade	signed_trade_volume_imbalance	100	500	0.200000	63663	0.995230008051658	0.054782785612269	10.363201546491906	NO_EDGE
okx	ltcusdt	20260324	trade	signed_trade_volume_imbalance	250	100	0.050000	63545	0.988224761478680	0.050857733796171	11.570166787304988	NO_EDGE
okx	ltcusdt	20260324	trade	signed_trade_volume_imbalance	250	100	0.100000	63522	0.988554249792748	0.050961002960307	11.597947015711584	NO_EDGE
okx	ltcusdt	20260324	trade	signed_trade_volume_imbalance	250	100	0.200000	63421	0.989882682716517	0.051126384479401	11.629852978351597	NO_EDGE
okx	ltcusdt	20260324	trade	signed_trade_volume_imbalance	250	250	0.050000	63545	0.988224761478680	0.055468171628431	11.564233578564433	NO_EDGE
okx	ltcusdt	20260324	trade	signed_trade_volume_imbalance	250	250	0.100000	63522	0.988554249792748	0.055516339212037	11.577581675373182	NO_EDGE
okx	ltcusdt	20260324	trade	signed_trade_volume_imbalance	250	250	0.200000	63421	0.989882682716517	0.055774328244945	11.626312036460451	NO_EDGE
okx	ltcusdt	20260324	trade	signed_trade_volume_imbalance	250	500	0.050000	63545	0.988224761478680	0.060219618460796	11.378323421574139	NO_EDGE
okx	ltcusdt	20260324	trade	signed_trade_volume_imbalance	250	500	0.100000	63522	0.988554249792748	0.060127466329980	11.366223886570744	NO_EDGE
okx	ltcusdt	20260324	trade	signed_trade_volume_imbalance	250	500	0.200000	63421	0.989882682716517	0.060250149463522	11.389386184945923	NO_EDGE
okx	ltcusdt	20260324	trade	signed_trade_volume_imbalance	500	100	0.050000	63363	0.978941055004432	0.057316328901917	13.030996375361614	NO_EDGE
okx	ltcusdt	20260324	trade	signed_trade_volume_imbalance	500	100	0.100000	63318	0.979583369560858	0.057442694754782	13.067153307631139	NO_EDGE
okx	ltcusdt	20260324	trade	signed_trade_volume_imbalance	500	100	0.200000	63109	0.982312631756659	0.057775317006376	13.137109901809795	NO_EDGE
okx	ltcusdt	20260324	trade	signed_trade_volume_imbalance	500	250	0.050000	63363	0.978941055004432	0.061991583125869	12.927451960212958	NO_EDGE
okx	ltcusdt	20260324	trade	signed_trade_volume_imbalance	500	250	0.100000	63318	0.979583369560858	0.062121414877562	12.959725922367022	NO_EDGE
okx	ltcusdt	20260324	trade	signed_trade_volume_imbalance	500	250	0.200000	63109	0.982312631756659	0.062584791628365	13.061904841289254	NO_EDGE
okx	ltcusdt	20260324	trade	signed_trade_volume_imbalance	500	500	0.050000	63363	0.978941055004432	0.066724600206182	12.614478136441440	NO_EDGE
okx	ltcusdt	20260324	trade	signed_trade_volume_imbalance	500	500	0.100000	63318	0.979583369560858	0.066829466537874	12.645803445706852	NO_EDGE
okx	ltcusdt	20260324	trade	signed_trade_volume_imbalance	500	500	0.200000	63109	0.982312631756659	0.067193675674702	12.732001519426381	NO_EDGE
okx	ltcusdt	20260325	trade	signed_trade_volume_imbalance	100	100	0.050000	47498	0.992578407513823	0.102422753356150	18.092644768479293	NO_EDGE
okx	ltcusdt	20260325	trade	signed_trade_volume_imbalance	100	100	0.100000	47468	0.993159171556151	0.102562772866689	18.119458227516287	NO_EDGE
okx	ltcusdt	20260325	trade	signed_trade_volume_imbalance	100	100	0.200000	47437	0.993709738329086	0.102852722933437	18.174959027340503	NO_EDGE
okx	ltcusdt	20260325	trade	signed_trade_volume_imbalance	100	250	0.050000	47498	0.992578407513823	0.104923636657339	16.857674491104330	NO_EDGE
okx	ltcusdt	20260325	trade	signed_trade_volume_imbalance	100	250	0.100000	47468	0.993159171556151	0.105437913153462	16.945891057387854	NO_EDGE
okx	ltcusdt	20260325	trade	signed_trade_volume_imbalance	100	250	0.200000	47437	0.993709738329086	0.105805648274377	17.002809593251694	NO_EDGE
okx	ltcusdt	20260325	trade	signed_trade_volume_imbalance	100	500	0.050000	47498	0.992578407513823	0.098630918917657	14.780981229726081	NO_EDGE
okx	ltcusdt	20260325	trade	signed_trade_volume_imbalance	100	500	0.100000	47468	0.993159171556151	0.099140707593219	14.860853045641139	NO_EDGE
okx	ltcusdt	20260325	trade	signed_trade_volume_imbalance	100	500	0.200000	47437	0.993709738329086	0.099503816514826	14.916093512882306	NO_EDGE
okx	ltcusdt	20260325	trade	signed_trade_volume_imbalance	250	100	0.050000	47433	0.987079705642000	0.108612065393934	19.177473055744048	NO_EDGE
okx	ltcusdt	20260325	trade	signed_trade_volume_imbalance	250	100	0.100000	47401	0.987696453301277	0.108686271110390	19.186878363056778	NO_EDGE
okx	ltcusdt	20260325	trade	signed_trade_volume_imbalance	250	100	0.200000	47328	0.988992948924176	0.108551487590495	19.159205287038901	NO_EDGE
okx	ltcusdt	20260325	trade	signed_trade_volume_imbalance	250	250	0.050000	47433	0.987079705642000	0.109884369616295	17.639424584034479	NO_EDGE
okx	ltcusdt	20260325	trade	signed_trade_volume_imbalance	250	250	0.100000	47401	0.987696453301277	0.109996518885259	17.652257231692207	NO_EDGE
okx	ltcusdt	20260325	trade	signed_trade_volume_imbalance	250	250	0.200000	47328	0.988992948924176	0.109977360061016	17.637505790192183	NO_EDGE
okx	ltcusdt	20260325	trade	signed_trade_volume_imbalance	250	500	0.050000	47433	0.987079705642000	0.103649816265891	15.518478191510306	NO_EDGE
okx	ltcusdt	20260325	trade	signed_trade_volume_imbalance	250	500	0.100000	47401	0.987696453301277	0.103906436709708	15.555553274720957	NO_EDGE
okx	ltcusdt	20260325	trade	signed_trade_volume_imbalance	250	500	0.200000	47328	0.988992948924176	0.104029039396439	15.570783214940041	NO_EDGE
okx	ltcusdt	20260325	trade	signed_trade_volume_imbalance	500	100	0.050000	47331	0.980644972757774	0.110962398612810	19.572349415439664	NO_EDGE
okx	ltcusdt	20260325	trade	signed_trade_volume_imbalance	500	100	0.100000	47284	0.981545121627799	0.110922537856393	19.557720935332185	NO_EDGE
okx	ltcusdt	20260325	trade	signed_trade_volume_imbalance	500	100	0.200000	47183	0.983324156805231	0.111609997784294	19.668688918365351	NO_EDGE
okx	ltcusdt	20260325	trade	signed_trade_volume_imbalance	500	250	0.050000	47331	0.980644972757774	0.111671167828593	17.903434245299731	NO_EDGE
okx	ltcusdt	20260325	trade	signed_trade_volume_imbalance	500	250	0.100000	47284	0.981545121627799	0.111594071957038	17.882520044908397	NO_EDGE
okx	ltcusdt	20260325	trade	signed_trade_volume_imbalance	500	250	0.200000	47183	0.983324156805231	0.112697873346009	18.045095392526957	NO_EDGE
okx	ltcusdt	20260325	trade	signed_trade_volume_imbalance	500	500	0.050000	47331	0.980644972757774	0.106066351281274	15.866438333892292	NO_EDGE
okx	ltcusdt	20260325	trade	signed_trade_volume_imbalance	500	500	0.100000	47284	0.981545121627799	0.106133228413943	15.872886656893778	NO_EDGE
okx	ltcusdt	20260325	trade	signed_trade_volume_imbalance	500	500	0.200000	47183	0.983324156805231	0.107187439452448	16.021291422324371	NO_EDGE
okx	ltcusdt	20260326	trade	signed_trade_volume_imbalance	100	100	0.050000	48561	0.989272645276371	0.081887091679271	13.682743048259596	NO_EDGE
okx	ltcusdt	20260326	trade	signed_trade_volume_imbalance	100	100	0.100000	48502	0.990386788330203	0.081720790350029	13.687035341152129	NO_EDGE
okx	ltcusdt	20260326	trade	signed_trade_volume_imbalance	100	100	0.200000	48429	0.991651525149120	0.081543633406636	13.656298081080113	NO_EDGE
okx	ltcusdt	20260326	trade	signed_trade_volume_imbalance	100	250	0.050000	48561	0.989272645276371	0.112510874365260	15.971211105817936	NO_EDGE
okx	ltcusdt	20260326	trade	signed_trade_volume_imbalance	100	250	0.100000	48502	0.990386788330203	0.112533641571264	16.013772228042662	NO_EDGE
okx	ltcusdt	20260326	trade	signed_trade_volume_imbalance	100	250	0.200000	48429	0.991651525149120	0.111835607730068	15.959899994126655	NO_EDGE
okx	ltcusdt	20260326	trade	signed_trade_volume_imbalance	100	500	0.050000	48561	0.989272645276371	0.124586082712941	14.232746147899375	NO_EDGE
okx	ltcusdt	20260326	trade	signed_trade_volume_imbalance	100	500	0.100000	48502	0.990386788330203	0.124810795090848	14.287232048918526	NO_EDGE
okx	ltcusdt	20260326	trade	signed_trade_volume_imbalance	100	500	0.200000	48429	0.991651525149120	0.124203270240296	14.256928663293817	NO_EDGE
okx	ltcusdt	20260326	trade	signed_trade_volume_imbalance	250	100	0.050000	48478	0.980236964300228	0.088362750320303	14.759149175098857	NO_EDGE
okx	ltcusdt	20260326	trade	signed_trade_volume_imbalance	250	100	0.100000	48415	0.981419029391869	0.088663651008286	14.805253624600896	NO_EDGE
okx	ltcusdt	20260326	trade	signed_trade_volume_imbalance	250	100	0.200000	48272	0.983885023950986	0.089427715940869	14.946481819932593	NO_EDGE
okx	ltcusdt	20260326	trade	signed_trade_volume_imbalance	250	250	0.050000	48478	0.980236964300228	0.117751038897417	16.700969164213017	NO_EDGE
okx	ltcusdt	20260326	trade	signed_trade_volume_imbalance	250	250	0.100000	48415	0.981419029391869	0.118583256511569	16.830013515034185	NO_EDGE
okx	ltcusdt	20260326	trade	signed_trade_volume_imbalance	250	250	0.200000	48272	0.983885023950986	0.120156642168714	17.140191635698766	NO_EDGE
okx	ltcusdt	20260326	trade	signed_trade_volume_imbalance	250	500	0.050000	48478	0.980236964300228	0.130740699935562	14.942112438076364	NO_EDGE
okx	ltcusdt	20260326	trade	signed_trade_volume_imbalance	250	500	0.100000	48415	0.981419029391869	0.131663248924761	15.052762283128704	NO_EDGE
okx	ltcusdt	20260326	trade	signed_trade_volume_imbalance	250	500	0.200000	48272	0.983885023950986	0.134261418428520	15.449129706439546	NO_EDGE
okx	ltcusdt	20260326	trade	signed_trade_volume_imbalance	500	100	0.050000	48367	0.969141111351837	0.089545808068204	14.956317763965536	NO_EDGE
okx	ltcusdt	20260326	trade	signed_trade_volume_imbalance	500	100	0.100000	48269	0.970962760552737	0.090179651978634	15.058417835707161	NO_EDGE
okx	ltcusdt	20260326	trade	signed_trade_volume_imbalance	500	100	0.200000	48074	0.974276925797130	0.089452306507937	14.950260550175541	NO_EDGE
okx	ltcusdt	20260326	trade	signed_trade_volume_imbalance	500	250	0.050000	48367	0.969141111351837	0.114968272706814	16.397374189248549	NO_EDGE
okx	ltcusdt	20260326	trade	signed_trade_volume_imbalance	500	250	0.100000	48269	0.970962760552737	0.114820470154556	16.414166029405006	NO_EDGE
okx	ltcusdt	20260326	trade	signed_trade_volume_imbalance	500	250	0.200000	48074	0.974276925797130	0.113357139108226	16.284268540191942	NO_EDGE
okx	ltcusdt	20260326	trade	signed_trade_volume_imbalance	500	500	0.050000	48367	0.969141111351837	0.130141302119297	14.917322841593530	NO_EDGE
okx	ltcusdt	20260326	trade	signed_trade_volume_imbalance	500	500	0.100000	48269	0.970962760552737	0.130515835054461	14.993426033659849	NO_EDGE
okx	ltcusdt	20260326	trade	signed_trade_volume_imbalance	500	500	0.200000	48074	0.974276925797130	0.130141077577076	15.019748106546873	NO_EDGE
okx	ltcusdt	20260327	trade	signed_trade_volume_imbalance	100	100	0.050000	48361	0.985450038245664	0.090650135751981	14.334041226298925	NO_EDGE
okx	ltcusdt	20260327	trade	signed_trade_volume_imbalance	100	100	0.100000	48306	0.986485689019371	0.090564288819527	14.326396378489680	NO_EDGE
okx	ltcusdt	20260327	trade	signed_trade_volume_imbalance	100	100	0.200000	48187	0.988552430380340	0.090983481395495	14.387581738068690	NO_EDGE
okx	ltcusdt	20260327	trade	signed_trade_volume_imbalance	100	250	0.050000	48361	0.985450038245664	0.120230486885124	16.322025333599669	NO_EDGE
okx	ltcusdt	20260327	trade	signed_trade_volume_imbalance	100	250	0.100000	48306	0.986485689019371	0.119824294152100	16.292898493240607	NO_EDGE
okx	ltcusdt	20260327	trade	signed_trade_volume_imbalance	100	250	0.200000	48187	0.988552430380340	0.119890052746697	16.306483127012175	NO_EDGE
okx	ltcusdt	20260327	trade	signed_trade_volume_imbalance	100	500	0.050000	48361	0.985450038245664	0.154208200440087	17.716721601541028	NO_EDGE
okx	ltcusdt	20260327	trade	signed_trade_volume_imbalance	100	500	0.100000	48306	0.986485689019371	0.153879961265500	17.707549562692062	NO_EDGE
okx	ltcusdt	20260327	trade	signed_trade_volume_imbalance	100	500	0.200000	48187	0.988552430380340	0.154495978081477	17.800105466668573	NO_EDGE
okx	ltcusdt	20260327	trade	signed_trade_volume_imbalance	250	100	0.050000	48266	0.974032737326140	0.098582104978676	15.582514539094417	NO_EDGE
okx	ltcusdt	20260327	trade	signed_trade_volume_imbalance	250	100	0.100000	48161	0.975989733193967	0.098487173452748	15.569824400548990	NO_EDGE
okx	ltcusdt	20260327	trade	signed_trade_volume_imbalance	250	100	0.200000	47905	0.980399353008146	0.100108298103452	15.830319689740973	NO_EDGE
okx	ltcusdt	20260327	trade	signed_trade_volume_imbalance	250	250	0.050000	48266	0.974032737326140	0.131880702923035	17.882527931337187	NO_EDGE
okx	ltcusdt	20260327	trade	signed_trade_volume_imbalance	250	250	0.100000	48161	0.975989733193967	0.131482291076315	17.850697589084643	NO_EDGE
okx	ltcusdt	20260327	trade	signed_trade_volume_imbalance	250	250	0.200000	47905	0.980399353008146	0.132977158469402	18.070624439940822	NO_EDGE
okx	ltcusdt	20260327	trade	signed_trade_volume_imbalance	250	500	0.050000	48266	0.974032737326140	0.170395444690245	19.570001851252758	NO_EDGE
okx	ltcusdt	20260327	trade	signed_trade_volume_imbalance	250	500	0.100000	48161	0.975989733193967	0.168884769173926	19.438274854689507	NO_EDGE
okx	ltcusdt	20260327	trade	signed_trade_volume_imbalance	250	500	0.200000	47905	0.980399353008146	0.169944276596500	19.601116869375222	NO_EDGE
okx	ltcusdt	20260327	trade	signed_trade_volume_imbalance	500	100	0.050000	48092	0.964122068889445	0.113144556463444	17.903327737191209	NO_EDGE
okx	ltcusdt	20260327	trade	signed_trade_volume_imbalance	500	100	0.100000	47967	0.966439840589857	0.113982551570970	18.051101277530869	NO_EDGE
okx	ltcusdt	20260327	trade	signed_trade_volume_imbalance	500	100	0.200000	47707	0.970854059525869	0.113902616756842	18.045878942250674	NO_EDGE
okx	ltcusdt	20260327	trade	signed_trade_volume_imbalance	500	250	0.050000	48092	0.964122068889445	0.150481682902603	20.407953132510478	NO_EDGE
okx	ltcusdt	20260327	trade	signed_trade_volume_imbalance	500	250	0.100000	47967	0.966439840589857	0.150368027756448	20.393679941547081	NO_EDGE
okx	ltcusdt	20260327	trade	signed_trade_volume_imbalance	500	250	0.200000	47707	0.970854059525869	0.149432272319894	20.281266266820442	NO_EDGE
okx	ltcusdt	20260327	trade	signed_trade_volume_imbalance	500	500	0.050000	48092	0.964122068889445	0.189152553355392	21.707529001723270	NO_EDGE
okx	ltcusdt	20260327	trade	signed_trade_volume_imbalance	500	500	0.100000	47967	0.966439840589857	0.190149249985341	21.849310337834343	NO_EDGE
okx	ltcusdt	20260327	trade	signed_trade_volume_imbalance	500	500	0.200000	47707	0.970854059525869	0.188344505011628	21.792559739128606	NO_EDGE
okx	ltcusdt	20260328	trade	signed_trade_volume_imbalance	100	100	0.050000	37167	0.990008976310368	0.005263076347634	0.635306326985402	NO_EDGE
okx	ltcusdt	20260328	trade	signed_trade_volume_imbalance	100	100	0.100000	37147	0.990502986523679	0.005116043592557	0.617413306115193	NO_EDGE
okx	ltcusdt	20260328	trade	signed_trade_volume_imbalance	100	100	0.200000	37095	0.991672585797800	0.004828747287295	0.582546200786040	NO_EDGE
okx	ltcusdt	20260328	trade	signed_trade_volume_imbalance	100	250	0.050000	37167	0.990008976310368	0.004955791268152	0.534146189655049	NO_EDGE
okx	ltcusdt	20260328	trade	signed_trade_volume_imbalance	100	250	0.100000	37147	0.990502986523679	0.004807765551536	0.518171453858442	NO_EDGE
okx	ltcusdt	20260328	trade	signed_trade_volume_imbalance	100	250	0.200000	37095	0.991672585797800	0.005263873945177	0.567347503678238	NO_EDGE
okx	ltcusdt	20260328	trade	signed_trade_volume_imbalance	100	500	0.050000	37167	0.990008976310368	0.008757817622269	0.892302254577865	NO_EDGE
okx	ltcusdt	20260328	trade	signed_trade_volume_imbalance	100	500	0.100000	37147	0.990502986523679	0.008611802891618	0.877542264314166	NO_EDGE
okx	ltcusdt	20260328	trade	signed_trade_volume_imbalance	100	500	0.200000	37095	0.991672585797800	0.008679252302496	0.885177243040313	NO_EDGE
okx	ltcusdt	20260328	trade	signed_trade_volume_imbalance	250	100	0.050000	37064	0.984422290999162	0.006458294352391	0.778287467133345	NO_EDGE
okx	ltcusdt	20260328	trade	signed_trade_volume_imbalance	250	100	0.100000	37031	0.985235794870026	0.006756362047722	0.814207722746433	NO_EDGE
okx	ltcusdt	20260328	trade	signed_trade_volume_imbalance	250	100	0.200000	36949	0.987084364636625	0.006375909348437	0.768027431694464	NO_EDGE
okx	ltcusdt	20260328	trade	signed_trade_volume_imbalance	250	250	0.050000	37064	0.984422290999162	0.006007285488611	0.646190867219646	NO_EDGE
okx	ltcusdt	20260328	trade	signed_trade_volume_imbalance	250	250	0.100000	37031	0.985235794870026	0.006550521353821	0.705068329273631	NO_EDGE
okx	ltcusdt	20260328	trade	signed_trade_volume_imbalance	250	250	0.200000	36949	0.987084364636625	0.006126669147565	0.659607172050062	NO_EDGE
okx	ltcusdt	20260328	trade	signed_trade_volume_imbalance	250	500	0.050000	37064	0.984422290999162	0.004739179832595	0.481907125203880	NO_EDGE
okx	ltcusdt	20260328	trade	signed_trade_volume_imbalance	250	500	0.100000	37031	0.985235794870026	0.005330356687341	0.542389980000541	NO_EDGE
okx	ltcusdt	20260328	trade	signed_trade_volume_imbalance	250	500	0.200000	36949	0.987084364636625	0.004063764686625	0.414049645857244	NO_EDGE
okx	ltcusdt	20260328	trade	signed_trade_volume_imbalance	500	100	0.050000	36922	0.975608782066580	0.021226387475781	2.551116160518056	NO_EDGE
okx	ltcusdt	20260328	trade	signed_trade_volume_imbalance	500	100	0.100000	36870	0.976881314900834	0.021459338977172	2.577597384598708	NO_EDGE
okx	ltcusdt	20260328	trade	signed_trade_volume_imbalance	500	100	0.200000	36752	0.979524641052751	0.022782052372234	2.733796286944195	NO_EDGE
okx	ltcusdt	20260328	trade	signed_trade_volume_imbalance	500	250	0.050000	36922	0.975608782066580	0.017016067918237	1.826599424940710	NO_EDGE
okx	ltcusdt	20260328	trade	signed_trade_volume_imbalance	500	250	0.100000	36870	0.976881314900834	0.017592854957634	1.887717959057428	NO_EDGE
okx	ltcusdt	20260328	trade	signed_trade_volume_imbalance	500	250	0.200000	36752	0.979524641052751	0.019901532728579	2.134399028708085	NO_EDGE
okx	ltcusdt	20260328	trade	signed_trade_volume_imbalance	500	500	0.050000	36922	0.975608782066580	0.017889252027782	1.818418774280882	NO_EDGE
okx	ltcusdt	20260328	trade	signed_trade_volume_imbalance	500	500	0.100000	36870	0.976881314900834	0.018516015698032	1.882407895078394	NO_EDGE
okx	ltcusdt	20260328	trade	signed_trade_volume_imbalance	500	500	0.200000	36752	0.979524641052751	0.020480475699291	2.081030240501094	NO_EDGE
okx	maticusdt	20260324	trade	signed_trade_volume_imbalance	100	100	0.050000	67297	0.988792015058943	0.315996155581269	56.582126596867276	DIRECTIONAL
okx	maticusdt	20260324	trade	signed_trade_volume_imbalance	100	100	0.100000	67263	0.989252742897028	0.315968150287146	56.585702778245974	DIRECTIONAL
okx	maticusdt	20260324	trade	signed_trade_volume_imbalance	100	100	0.200000	67123	0.991004639964605	0.314971962798047	56.500144968377079	DIRECTIONAL
okx	maticusdt	20260324	trade	signed_trade_volume_imbalance	100	250	0.050000	67297	0.988792015058943	0.352452918356029	56.622867668932201	DIRECTIONAL
okx	maticusdt	20260324	trade	signed_trade_volume_imbalance	100	250	0.100000	67263	0.989252742897028	0.352505456187849	56.642759894366151	DIRECTIONAL
okx	maticusdt	20260324	trade	signed_trade_volume_imbalance	100	250	0.200000	67123	0.991004639964605	0.349613774174466	56.555238756157543	DIRECTIONAL
okx	maticusdt	20260324	trade	signed_trade_volume_imbalance	100	500	0.050000	67296	0.988791848511378	0.386620376740720	55.136964803504902	DIRECTIONAL
okx	maticusdt	20260324	trade	signed_trade_volume_imbalance	100	500	0.100000	67262	0.989252583115025	0.386501768521606	55.147501941026462	DIRECTIONAL
okx	maticusdt	20260324	trade	signed_trade_volume_imbalance	100	500	0.200000	67122	0.991004505949527	0.381568916538528	55.327534140685515	DIRECTIONAL
okx	maticusdt	20260324	trade	signed_trade_volume_imbalance	250	100	0.050000	67214	0.981012626432817	0.314987121447386	56.352568757582006	DIRECTIONAL
okx	maticusdt	20260324	trade	signed_trade_volume_imbalance	250	100	0.100000	67144	0.981954446731537	0.315221619362500	56.411513218834976	DIRECTIONAL
okx	maticusdt	20260324	trade	signed_trade_volume_imbalance	250	100	0.200000	66936	0.984545811182226	0.313767555123173	56.214581524993484	DIRECTIONAL
okx	maticusdt	20260324	trade	signed_trade_volume_imbalance	250	250	0.050000	67214	0.981012626432817	0.352870166761419	56.670815045139754	DIRECTIONAL
okx	maticusdt	20260324	trade	signed_trade_volume_imbalance	250	250	0.100000	67144	0.981954446731537	0.352752414674905	56.716270154184564	DIRECTIONAL
okx	maticusdt	20260324	trade	signed_trade_volume_imbalance	250	250	0.200000	66936	0.984545811182226	0.348970301383309	56.501545794851793	DIRECTIONAL
okx	maticusdt	20260324	trade	signed_trade_volume_imbalance	250	500	0.050000	67213	0.981012343937264	0.386938856538349	55.171172745989772	DIRECTIONAL
okx	maticusdt	20260324	trade	signed_trade_volume_imbalance	250	500	0.100000	67143	0.981954177968549	0.386651569986283	55.217156684555420	DIRECTIONAL
okx	maticusdt	20260324	trade	signed_trade_volume_imbalance	250	500	0.200000	66935	0.984545580298700	0.380325555058768	55.211478663892052	DIRECTIONAL
okx	maticusdt	20260324	trade	signed_trade_volume_imbalance	500	100	0.050000	67087	0.971996807896945	0.314784706140405	56.213211836352507	DIRECTIONAL
okx	maticusdt	20260324	trade	signed_trade_volume_imbalance	500	100	0.100000	66977	0.973469070545510	0.314867092895786	56.226831422520561	DIRECTIONAL
okx	maticusdt	20260324	trade	signed_trade_volume_imbalance	500	100	0.200000	66682	0.977114153074334	0.313090211243260	55.939414707296031	DIRECTIONAL
okx	maticusdt	20260324	trade	signed_trade_volume_imbalance	500	250	0.050000	67087	0.971996807896945	0.351861665499888	56.377093389438407	DIRECTIONAL
okx	maticusdt	20260324	trade	signed_trade_volume_imbalance	500	250	0.100000	66977	0.973469070545510	0.351833270458138	56.403467228407379	DIRECTIONAL
okx	maticusdt	20260324	trade	signed_trade_volume_imbalance	500	250	0.200000	66682	0.977114153074334	0.347651577435045	56.113326746613936	DIRECTIONAL
okx	maticusdt	20260324	trade	signed_trade_volume_imbalance	500	500	0.050000	67086	0.971996390474650	0.384565676085158	54.692920249383370	DIRECTIONAL
okx	maticusdt	20260324	trade	signed_trade_volume_imbalance	500	500	0.100000	66976	0.973468674419592	0.384449045342724	54.729067539829728	DIRECTIONAL
okx	maticusdt	20260324	trade	signed_trade_volume_imbalance	500	500	0.200000	66681	0.977113809860421	0.377955346261326	54.653510261820870	DIRECTIONAL
okx	maticusdt	20260325	trade	signed_trade_volume_imbalance	100	100	0.050000	68085	0.983249069510351	0.243309720078241	44.460406949669853	DIRECTIONAL
okx	maticusdt	20260325	trade	signed_trade_volume_imbalance	100	100	0.100000	68013	0.984211463047113	0.243311319131707	44.438793490493566	DIRECTIONAL
okx	maticusdt	20260325	trade	signed_trade_volume_imbalance	100	100	0.200000	67856	0.986144262502616	0.244247382073072	44.592146094714792	DIRECTIONAL
okx	maticusdt	20260325	trade	signed_trade_volume_imbalance	100	250	0.050000	68085	0.983249069510351	0.280737881942329	45.761107282082747	DIRECTIONAL
okx	maticusdt	20260325	trade	signed_trade_volume_imbalance	100	250	0.100000	68013	0.984211463047113	0.280702859457202	45.732676277500566	DIRECTIONAL
okx	maticusdt	20260325	trade	signed_trade_volume_imbalance	100	250	0.200000	67856	0.986144262502616	0.281603248883437	45.851576680906732	DIRECTIONAL
okx	maticusdt	20260325	trade	signed_trade_volume_imbalance	100	500	0.050000	68085	0.983249069510351	0.299748787789810	45.357893045227598	DIRECTIONAL
okx	maticusdt	20260325	trade	signed_trade_volume_imbalance	100	500	0.100000	68013	0.984211463047113	0.299793349574311	45.340038159929009	DIRECTIONAL
okx	maticusdt	20260325	trade	signed_trade_volume_imbalance	100	500	0.200000	67856	0.986144262502616	0.300676451687907	45.451450893593943	DIRECTIONAL
okx	maticusdt	20260325	trade	signed_trade_volume_imbalance	250	100	0.050000	68014	0.974208343356388	0.246428899529619	45.000615464995818	DIRECTIONAL
okx	maticusdt	20260325	trade	signed_trade_volume_imbalance	250	100	0.100000	67910	0.975584604023114	0.246836183641527	45.040537384759169	DIRECTIONAL
okx	maticusdt	20260325	trade	signed_trade_volume_imbalance	250	100	0.200000	67656	0.978684829714228	0.247198683714757	45.011346047867121	DIRECTIONAL
okx	maticusdt	20260325	trade	signed_trade_volume_imbalance	250	250	0.050000	68014	0.974208343356388	0.283591871177521	46.203825541185033	DIRECTIONAL
okx	maticusdt	20260325	trade	signed_trade_volume_imbalance	250	250	0.100000	67910	0.975584604023114	0.284009871960683	46.237540398865463	DIRECTIONAL
okx	maticusdt	20260325	trade	signed_trade_volume_imbalance	250	250	0.200000	67656	0.978684829714228	0.284483829408068	46.218790803123660	DIRECTIONAL
okx	maticusdt	20260325	trade	signed_trade_volume_imbalance	250	500	0.050000	68014	0.974208343356388	0.302218591738343	45.703605472469349	DIRECTIONAL
okx	maticusdt	20260325	trade	signed_trade_volume_imbalance	250	500	0.100000	67910	0.975584604023114	0.302621273957738	45.730291708267799	DIRECTIONAL
okx	maticusdt	20260325	trade	signed_trade_volume_imbalance	250	500	0.200000	67656	0.978684829714228	0.303013099688826	45.709283810882560	DIRECTIONAL
okx	maticusdt	20260325	trade	signed_trade_volume_imbalance	500	100	0.050000	67900	0.963433222228561	0.245860927220949	44.836590272787276	DIRECTIONAL
okx	maticusdt	20260325	trade	signed_trade_volume_imbalance	500	100	0.100000	67739	0.965544274064865	0.246763208325472	44.943973387584620	DIRECTIONAL
okx	maticusdt	20260325	trade	signed_trade_volume_imbalance	500	100	0.200000	67396	0.969686741252546	0.247118617607535	44.885364026148729	DIRECTIONAL
okx	maticusdt	20260325	trade	signed_trade_volume_imbalance	500	250	0.050000	67900	0.963433222228561	0.282135568818227	45.895055207343134	DIRECTIONAL
okx	maticusdt	20260325	trade	signed_trade_volume_imbalance	500	250	0.100000	67739	0.965544274064865	0.283108199153886	45.998082969611644	DIRECTIONAL
okx	maticusdt	20260325	trade	signed_trade_volume_imbalance	500	250	0.200000	67396	0.969686741252546	0.283420517551790	45.927348900517408	DIRECTIONAL
okx	maticusdt	20260325	trade	signed_trade_volume_imbalance	500	500	0.050000	67900	0.963433222228561	0.300798280024656	45.432120616024548	DIRECTIONAL
okx	maticusdt	20260325	trade	signed_trade_volume_imbalance	500	500	0.100000	67739	0.965544274064865	0.301768009489454	45.523333632700727	DIRECTIONAL
okx	maticusdt	20260325	trade	signed_trade_volume_imbalance	500	500	0.200000	67396	0.969686741252546	0.302248978482884	45.497941176174699	DIRECTIONAL
okx	maticusdt	20260326	trade	signed_trade_volume_imbalance	100	100	0.050000	50057	0.983421917536545	0.222752987450303	27.744890660610462	DIRECTIONAL
okx	maticusdt	20260326	trade	signed_trade_volume_imbalance	100	100	0.100000	49987	0.984694869632329	0.223361174042821	27.806012789282882	DIRECTIONAL
okx	maticusdt	20260326	trade	signed_trade_volume_imbalance	100	100	0.200000	49830	0.987327873819524	0.224238005031072	27.867966376591042	DIRECTIONAL
okx	maticusdt	20260326	trade	signed_trade_volume_imbalance	100	250	0.050000	50057	0.983421917536545	0.251789439952824	28.996077743807259	DIRECTIONAL
okx	maticusdt	20260326	trade	signed_trade_volume_imbalance	100	250	0.100000	49987	0.984694869632329	0.252205642815035	29.034221013607702	DIRECTIONAL
okx	maticusdt	20260326	trade	signed_trade_volume_imbalance	100	250	0.200000	49830	0.987327873819524	0.252833921085209	29.069234901525334	DIRECTIONAL
okx	maticusdt	20260326	trade	signed_trade_volume_imbalance	100	500	0.050000	50057	0.983421917536545	0.253666685492766	26.109410674727826	DIRECTIONAL
okx	maticusdt	20260326	trade	signed_trade_volume_imbalance	100	500	0.100000	49987	0.984694869632329	0.253808661143819	26.111117736719329	DIRECTIONAL
okx	maticusdt	20260326	trade	signed_trade_volume_imbalance	100	500	0.200000	49830	0.987327873819524	0.254334594567465	26.131778403854334	DIRECTIONAL
okx	maticusdt	20260326	trade	signed_trade_volume_imbalance	250	100	0.050000	50000	0.974110337812571	0.221336973427476	27.544394737407487	DIRECTIONAL
okx	maticusdt	20260326	trade	signed_trade_volume_imbalance	250	100	0.100000	49907	0.975785884439575	0.221937886316021	27.589168041994519	DIRECTIONAL
okx	maticusdt	20260326	trade	signed_trade_volume_imbalance	250	100	0.200000	49697	0.979268997102752	0.223603421138675	27.733587460113998	DIRECTIONAL
okx	maticusdt	20260326	trade	signed_trade_volume_imbalance	250	250	0.050000	50000	0.974110337812571	0.251581050422189	28.947140909417968	DIRECTIONAL
okx	maticusdt	20260326	trade	signed_trade_volume_imbalance	250	250	0.100000	49907	0.975785884439575	0.252109221801867	28.982792726657948	DIRECTIONAL
okx	maticusdt	20260326	trade	signed_trade_volume_imbalance	250	250	0.200000	49697	0.979268997102752	0.253367055657212	29.060445790964060	DIRECTIONAL
okx	maticusdt	20260326	trade	signed_trade_volume_imbalance	250	500	0.050000	50000	0.974110337812571	0.250845695217049	25.787652517955372	DIRECTIONAL
okx	maticusdt	20260326	trade	signed_trade_volume_imbalance	250	500	0.100000	49907	0.975785884439575	0.250583416982275	25.755062437739205	DIRECTIONAL
okx	maticusdt	20260326	trade	signed_trade_volume_imbalance	250	500	0.200000	49697	0.979268997102752	0.251878010455299	25.845672259709396	DIRECTIONAL
okx	maticusdt	20260326	trade	signed_trade_volume_imbalance	500	100	0.050000	49916	0.963520616548936	0.206628307764621	25.655604254607930	DIRECTIONAL
okx	maticusdt	20260326	trade	signed_trade_volume_imbalance	500	100	0.100000	49798	0.965624494796833	0.207454108434101	25.725643674563717	DIRECTIONAL
okx	maticusdt	20260326	trade	signed_trade_volume_imbalance	500	100	0.200000	49538	0.969906895749733	0.209586778866313	25.927547122797336	DIRECTIONAL
okx	maticusdt	20260326	trade	signed_trade_volume_imbalance	500	250	0.050000	49916	0.963520616548936	0.234497659290343	26.909881867933606	DIRECTIONAL
okx	maticusdt	20260326	trade	signed_trade_volume_imbalance	500	250	0.100000	49798	0.965624494796833	0.234916263004887	26.951276194788356	DIRECTIONAL
okx	maticusdt	20260326	trade	signed_trade_volume_imbalance	500	250	0.200000	49538	0.969906895749733	0.236074281309887	27.065349232330249	DIRECTIONAL
okx	maticusdt	20260326	trade	signed_trade_volume_imbalance	500	500	0.050000	49916	0.963520616548936	0.225787776013415	23.195683100833012	DIRECTIONAL
okx	maticusdt	20260326	trade	signed_trade_volume_imbalance	500	500	0.100000	49798	0.965624494796833	0.225971231116270	23.227172590872577	DIRECTIONAL
okx	maticusdt	20260326	trade	signed_trade_volume_imbalance	500	500	0.200000	49538	0.969906895749733	0.226371810594307	23.291971192445278	DIRECTIONAL
okx	maticusdt	20260327	trade	signed_trade_volume_imbalance	100	100	0.050000	70155	0.988475217535679	0.478656983459281	61.915831810478672	DIRECTIONAL
okx	maticusdt	20260327	trade	signed_trade_volume_imbalance	100	100	0.100000	70079	0.989465323985833	0.478482104119843	61.906553839873524	DIRECTIONAL
okx	maticusdt	20260327	trade	signed_trade_volume_imbalance	100	100	0.200000	69967	0.990809160236218	0.478172871068945	61.822990875601050	DIRECTIONAL
okx	maticusdt	20260327	trade	signed_trade_volume_imbalance	100	250	0.050000	70155	0.988475217535679	0.507868725822871	60.789589986197342	DIRECTIONAL
okx	maticusdt	20260327	trade	signed_trade_volume_imbalance	100	250	0.100000	70079	0.989465323985833	0.507629161395575	60.779784303214768	DIRECTIONAL
okx	maticusdt	20260327	trade	signed_trade_volume_imbalance	100	250	0.200000	69967	0.990809160236218	0.507313013510527	60.736086265381275	DIRECTIONAL
okx	maticusdt	20260327	trade	signed_trade_volume_imbalance	100	500	0.050000	70155	0.988475217535679	0.558714714919555	58.268004515590327	DIRECTIONAL
okx	maticusdt	20260327	trade	signed_trade_volume_imbalance	100	500	0.100000	70079	0.989465323985833	0.558538691172369	58.263678046741191	DIRECTIONAL
okx	maticusdt	20260327	trade	signed_trade_volume_imbalance	100	500	0.200000	69967	0.990809160236218	0.558322395786841	58.218888575356729	DIRECTIONAL
okx	maticusdt	20260327	trade	signed_trade_volume_imbalance	250	100	0.050000	70046	0.979743839689167	0.466436058694862	60.124860598787500	DIRECTIONAL
okx	maticusdt	20260327	trade	signed_trade_volume_imbalance	250	100	0.100000	69940	0.981115370477497	0.467980421816513	60.363941993870334	DIRECTIONAL
okx	maticusdt	20260327	trade	signed_trade_volume_imbalance	250	100	0.200000	69763	0.983228225264182	0.468792847507851	60.425033628714651	DIRECTIONAL
okx	maticusdt	20260327	trade	signed_trade_volume_imbalance	250	250	0.050000	70046	0.979743839689167	0.498910895368620	59.549754234333840	DIRECTIONAL
okx	maticusdt	20260327	trade	signed_trade_volume_imbalance	250	250	0.100000	69940	0.981115370477497	0.500257772849643	59.693562561250005	DIRECTIONAL
okx	maticusdt	20260327	trade	signed_trade_volume_imbalance	250	250	0.200000	69763	0.983228225264182	0.501630738214172	59.867698159557669	DIRECTIONAL
okx	maticusdt	20260327	trade	signed_trade_volume_imbalance	250	500	0.050000	70046	0.979743839689167	0.546046919239805	56.784032025219048	DIRECTIONAL
okx	maticusdt	20260327	trade	signed_trade_volume_imbalance	250	500	0.100000	69940	0.981115370477497	0.547814497529353	56.983895957310246	DIRECTIONAL
okx	maticusdt	20260327	trade	signed_trade_volume_imbalance	250	500	0.200000	69763	0.983228225264182	0.549893159965589	57.278813504309113	DIRECTIONAL
okx	maticusdt	20260327	trade	signed_trade_volume_imbalance	500	100	0.050000	69965	0.970181416442138	0.458593599281274	58.965680100242373	DIRECTIONAL
okx	maticusdt	20260327	trade	signed_trade_volume_imbalance	500	100	0.100000	69816	0.972091297199437	0.459766025446113	59.052002844575497	DIRECTIONAL
okx	maticusdt	20260327	trade	signed_trade_volume_imbalance	500	100	0.200000	69507	0.975750573669115	0.461895580493370	59.219797123486593	DIRECTIONAL
okx	maticusdt	20260327	trade	signed_trade_volume_imbalance	500	250	0.050000	69965	0.970181416442138	0.489676888884172	58.329284744277935	DIRECTIONAL
okx	maticusdt	20260327	trade	signed_trade_volume_imbalance	500	250	0.100000	69816	0.972091297199437	0.491269808542262	58.475326086269341	DIRECTIONAL
okx	maticusdt	20260327	trade	signed_trade_volume_imbalance	500	250	0.200000	69507	0.975750573669115	0.493328924744113	58.657791132536943	DIRECTIONAL
okx	maticusdt	20260327	trade	signed_trade_volume_imbalance	500	500	0.050000	69965	0.970181416442138	0.535304268892932	55.535505672392460	DIRECTIONAL
okx	maticusdt	20260327	trade	signed_trade_volume_imbalance	500	500	0.100000	69816	0.972091297199437	0.538113982575725	55.859611522242517	DIRECTIONAL
okx	maticusdt	20260327	trade	signed_trade_volume_imbalance	500	500	0.200000	69507	0.975750573669115	0.540072159298944	56.201585613228950	DIRECTIONAL
okx	maticusdt	20260328	trade	signed_trade_volume_imbalance	100	100	0.050000	43615	0.991869180141046	0.297352042178340	45.584071221576920	DIRECTIONAL
okx	maticusdt	20260328	trade	signed_trade_volume_imbalance	100	100	0.100000	43588	0.992434720624693	0.297785817648961	45.672105458110849	DIRECTIONAL
okx	maticusdt	20260328	trade	signed_trade_volume_imbalance	100	100	0.200000	43531	0.993541472862400	0.298747765157564	45.886889027525747	DIRECTIONAL
okx	maticusdt	20260328	trade	signed_trade_volume_imbalance	100	250	0.050000	43615	0.991869180141046	0.338169897490612	44.261995015207354	DIRECTIONAL
okx	maticusdt	20260328	trade	signed_trade_volume_imbalance	100	250	0.100000	43588	0.992434720624693	0.338505214907619	44.308456820129500	DIRECTIONAL
okx	maticusdt	20260328	trade	signed_trade_volume_imbalance	100	250	0.200000	43531	0.993541472862400	0.339792332035213	44.528349991508996	DIRECTIONAL
okx	maticusdt	20260328	trade	signed_trade_volume_imbalance	100	500	0.050000	43615	0.991869180141046	0.356067213714034	40.892845235139362	DIRECTIONAL
okx	maticusdt	20260328	trade	signed_trade_volume_imbalance	100	500	0.100000	43588	0.992434720624693	0.356413723718662	40.930996329141884	DIRECTIONAL
okx	maticusdt	20260328	trade	signed_trade_volume_imbalance	100	500	0.200000	43531	0.993541472862400	0.357577623957865	41.119651100408944	DIRECTIONAL
okx	maticusdt	20260328	trade	signed_trade_volume_imbalance	250	100	0.050000	43561	0.985548025034432	0.288945344854988	44.206960998738005	DIRECTIONAL
okx	maticusdt	20260328	trade	signed_trade_volume_imbalance	250	100	0.100000	43512	0.986572087460180	0.288853207334379	44.234519535369756	DIRECTIONAL
okx	maticusdt	20260328	trade	signed_trade_volume_imbalance	250	100	0.200000	43413	0.988483158270431	0.289591794705707	44.385508558370809	DIRECTIONAL
okx	maticusdt	20260328	trade	signed_trade_volume_imbalance	250	250	0.050000	43561	0.985548025034432	0.325944749298810	42.595197896541769	DIRECTIONAL
okx	maticusdt	20260328	trade	signed_trade_volume_imbalance	250	250	0.100000	43512	0.986572087460180	0.325646945994594	42.639535702451880	DIRECTIONAL
okx	maticusdt	20260328	trade	signed_trade_volume_imbalance	250	250	0.200000	43413	0.988483158270431	0.326746286394106	42.843944085895473	DIRECTIONAL
okx	maticusdt	20260328	trade	signed_trade_volume_imbalance	250	500	0.050000	43561	0.985548025034432	0.337290761692476	38.688938836925622	DIRECTIONAL
okx	maticusdt	20260328	trade	signed_trade_volume_imbalance	250	500	0.100000	43512	0.986572087460180	0.336957721764406	38.852772518384782	DIRECTIONAL
okx	maticusdt	20260328	trade	signed_trade_volume_imbalance	250	500	0.200000	43413	0.988483158270431	0.338829375396048	39.224688282511842	DIRECTIONAL
okx	maticusdt	20260328	trade	signed_trade_volume_imbalance	500	100	0.050000	43507	0.977862764650937	0.284924981656647	43.518780218089432	DIRECTIONAL
okx	maticusdt	20260328	trade	signed_trade_volume_imbalance	500	100	0.100000	43433	0.979403697225549	0.286058961554717	43.704690958711197	DIRECTIONAL
okx	maticusdt	20260328	trade	signed_trade_volume_imbalance	500	100	0.200000	43266	0.982612518205905	0.287468521589215	44.047859657220535	DIRECTIONAL
okx	maticusdt	20260328	trade	signed_trade_volume_imbalance	500	250	0.050000	43507	0.977862764650937	0.320944622532712	41.900520023364493	DIRECTIONAL
okx	maticusdt	20260328	trade	signed_trade_volume_imbalance	500	250	0.100000	43433	0.979403697225549	0.322685814987744	42.198418255433026	DIRECTIONAL
okx	maticusdt	20260328	trade	signed_trade_volume_imbalance	500	250	0.200000	43266	0.982612518205905	0.323243450869101	42.482957619755226	DIRECTIONAL
okx	maticusdt	20260328	trade	signed_trade_volume_imbalance	500	500	0.050000	43507	0.977862764650937	0.335994264021248	38.537764000535240	DIRECTIONAL
okx	maticusdt	20260328	trade	signed_trade_volume_imbalance	500	500	0.100000	43433	0.979403697225549	0.338408484502737	38.924003636257616	DIRECTIONAL
okx	maticusdt	20260328	trade	signed_trade_volume_imbalance	500	500	0.200000	43266	0.982612518205905	0.339997761644673	39.437776540368304	DIRECTIONAL
okx	solusdt	20260324	trade	signed_trade_volume_imbalance	100	100	0.050000	453913	0.966880396852350	0.031333014847516	14.647315212483239	NO_EDGE
okx	solusdt	20260324	trade	signed_trade_volume_imbalance	100	100	0.100000	452846	0.968981691543041	0.031210914216924	14.570331751622133	NO_EDGE
okx	solusdt	20260324	trade	signed_trade_volume_imbalance	100	100	0.200000	450501	0.973234309567050	0.031275254927489	14.550366568097393	NO_EDGE
okx	solusdt	20260324	trade	signed_trade_volume_imbalance	100	250	0.050000	453913	0.966880396852350	0.052284434744989	22.043903762998109	NO_EDGE
okx	solusdt	20260324	trade	signed_trade_volume_imbalance	100	250	0.100000	452846	0.968981691543041	0.052238861545663	21.993442834949132	NO_EDGE
okx	solusdt	20260324	trade	signed_trade_volume_imbalance	100	250	0.200000	450501	0.973234309567050	0.052699505265216	22.116760808989383	NO_EDGE
okx	solusdt	20260324	trade	signed_trade_volume_imbalance	100	500	0.050000	453897	0.966879230612423	0.054288251829943	20.828352260108222	NO_EDGE
okx	solusdt	20260324	trade	signed_trade_volume_imbalance	100	500	0.100000	452830	0.968980596800888	0.054564763105018	20.913998378761203	NO_EDGE
okx	solusdt	20260324	trade	signed_trade_volume_imbalance	100	500	0.200000	450485	0.973233360167623	0.055598846903488	21.255411794593645	NO_EDGE
okx	solusdt	20260324	trade	signed_trade_volume_imbalance	250	100	0.050000	452674	0.937654937192719	0.064083839149358	29.946552917454774	NO_EDGE
okx	solusdt	20260324	trade	signed_trade_volume_imbalance	250	100	0.100000	450603	0.941618974278473	0.064093997605399	29.861688173715120	NO_EDGE
okx	solusdt	20260324	trade	signed_trade_volume_imbalance	250	100	0.200000	446111	0.949583025851060	0.064539891272141	29.853137770103277	NO_EDGE
okx	solusdt	20260324	trade	signed_trade_volume_imbalance	250	250	0.050000	452674	0.937654937192719	0.084039385552093	35.461292425398618	NO_EDGE
okx	solusdt	20260324	trade	signed_trade_volume_imbalance	250	250	0.100000	450603	0.941618974278473	0.084400966714827	35.524673166167290	NO_EDGE
okx	solusdt	20260324	trade	signed_trade_volume_imbalance	250	250	0.200000	446111	0.949583025851060	0.085127713370828	35.602192493877112	NO_EDGE
okx	solusdt	20260324	trade	signed_trade_volume_imbalance	250	500	0.050000	452658	0.937652735546416	0.085070672879969	32.678028251273702	NO_EDGE
okx	solusdt	20260324	trade	signed_trade_volume_imbalance	250	500	0.100000	450587	0.941616903272832	0.085265992767378	32.691763914242536	NO_EDGE
okx	solusdt	20260324	trade	signed_trade_volume_imbalance	250	500	0.200000	446095	0.949581219636254	0.086698027144026	33.100641230763095	NO_EDGE
okx	solusdt	20260324	trade	signed_trade_volume_imbalance	500	100	0.050000	451518	0.899390863782200	0.090237628463990	42.047266325464925	NO_EDGE
okx	solusdt	20260324	trade	signed_trade_volume_imbalance	500	100	0.100000	448050	0.905769617117363	0.090608335073691	41.968181850698159	NO_EDGE
okx	solusdt	20260324	trade	signed_trade_volume_imbalance	500	100	0.200000	440529	0.918657117251669	0.092308038629691	42.227671775235649	NO_EDGE
okx	solusdt	20260324	trade	signed_trade_volume_imbalance	500	250	0.050000	451518	0.899390863782200	0.108184251723158	45.511397148174964	NO_EDGE
okx	solusdt	20260324	trade	signed_trade_volume_imbalance	500	250	0.100000	448050	0.905769617117363	0.108869531668674	45.535999724357218	NO_EDGE
okx	solusdt	20260324	trade	signed_trade_volume_imbalance	500	250	0.200000	440529	0.918657117251669	0.111229332680268	46.016986653300378	NO_EDGE
okx	solusdt	20260324	trade	signed_trade_volume_imbalance	500	500	0.050000	451502	0.899387300514810	0.105043940256266	40.243087470345010	NO_EDGE
okx	solusdt	20260324	trade	signed_trade_volume_imbalance	500	500	0.100000	448034	0.905766254063891	0.105875145994607	40.369759668088562	NO_EDGE
okx	solusdt	20260324	trade	signed_trade_volume_imbalance	500	500	0.200000	440513	0.918654164870474	0.108195030951904	40.909264886632023	NO_EDGE
okx	solusdt	20260325	trade	signed_trade_volume_imbalance	100	100	0.050000	457398	0.971091431143481	0.000015049333939	0.008868009920168	NO_EDGE
okx	solusdt	20260325	trade	signed_trade_volume_imbalance	100	100	0.100000	456508	0.972836054508330	0.000119356377408	0.070299652583603	NO_EDGE
okx	solusdt	20260325	trade	signed_trade_volume_imbalance	100	100	0.200000	454606	0.976266407597273	0.000459521623069	0.270272573969346	NO_EDGE
okx	solusdt	20260325	trade	signed_trade_volume_imbalance	100	250	0.050000	457398	0.971091431143481	0.020516310015762	10.520739521422824	NO_EDGE
okx	solusdt	20260325	trade	signed_trade_volume_imbalance	100	250	0.100000	456508	0.972836054508330	0.020662454593495	10.588006438968952	NO_EDGE
okx	solusdt	20260325	trade	signed_trade_volume_imbalance	100	250	0.200000	454606	0.976266407597273	0.020913069786642	10.700071774637316	NO_EDGE
okx	solusdt	20260325	trade	signed_trade_volume_imbalance	100	500	0.050000	457397	0.971091367941121	0.029164266918378	12.995760393076083	NO_EDGE
okx	solusdt	20260325	trade	signed_trade_volume_imbalance	100	500	0.100000	456507	0.972835995004431	0.029297001651475	13.047098506713354	NO_EDGE
okx	solusdt	20260325	trade	signed_trade_volume_imbalance	100	500	0.200000	454605	0.976266355390206	0.030270890031694	13.466894096228510	NO_EDGE
okx	solusdt	20260325	trade	signed_trade_volume_imbalance	250	100	0.050000	456370	0.944829115529309	0.031196910826127	18.354797534396432	NO_EDGE
okx	solusdt	20260325	trade	signed_trade_volume_imbalance	250	100	0.100000	454676	0.948068278596201	0.031230872336880	18.330460648666001	NO_EDGE
okx	solusdt	20260325	trade	signed_trade_volume_imbalance	250	100	0.200000	450742	0.955011921602163	0.031820071256699	18.577356441040287	NO_EDGE
okx	solusdt	20260325	trade	signed_trade_volume_imbalance	250	250	0.050000	456370	0.944829115529309	0.051747614620000	26.486867531419119	NO_EDGE
okx	solusdt	20260325	trade	signed_trade_volume_imbalance	250	250	0.100000	454676	0.948068278596201	0.051920985563388	26.518269384503071	NO_EDGE
okx	solusdt	20260325	trade	signed_trade_volume_imbalance	250	250	0.200000	450742	0.955011921602163	0.052419092507582	26.631765230321530	NO_EDGE
okx	solusdt	20260325	trade	signed_trade_volume_imbalance	250	500	0.050000	456369	0.944828994638344	0.059821025361375	26.621667501095601	NO_EDGE
okx	solusdt	20260325	trade	signed_trade_volume_imbalance	250	500	0.100000	454675	0.948068164378956	0.060197297071287	26.739842737060275	NO_EDGE
okx	solusdt	20260325	trade	signed_trade_volume_imbalance	250	500	0.200000	450741	0.955011821792999	0.061169269057660	27.045355088270085	NO_EDGE
okx	solusdt	20260325	trade	signed_trade_volume_imbalance	500	100	0.050000	455301	0.910785003612298	0.055628598305532	32.704207307662941	NO_EDGE
okx	solusdt	20260325	trade	signed_trade_volume_imbalance	500	100	0.100000	452172	0.916567223621001	0.056076386560334	32.830303483758854	NO_EDGE
okx	solusdt	20260325	trade	signed_trade_volume_imbalance	500	100	0.200000	445588	0.927878046129881	0.056076847348279	32.540368900187865	NO_EDGE
okx	solusdt	20260325	trade	signed_trade_volume_imbalance	500	250	0.050000	455301	0.910785003612298	0.077767579114670	39.784253901373511	NO_EDGE
okx	solusdt	20260325	trade	signed_trade_volume_imbalance	500	250	0.100000	452172	0.916567223621001	0.078426415328923	39.971226695544345	NO_EDGE
okx	solusdt	20260325	trade	signed_trade_volume_imbalance	500	250	0.200000	445588	0.927878046129881	0.078195643902267	39.550371658155761	NO_EDGE
okx	solusdt	20260325	trade	signed_trade_volume_imbalance	500	500	0.050000	455300	0.910784807664575	0.087250858627305	38.829662105569390	NO_EDGE
okx	solusdt	20260325	trade	signed_trade_volume_imbalance	500	500	0.100000	452171	0.916567039105014	0.088240902676338	39.138037360625717	NO_EDGE
okx	solusdt	20260325	trade	signed_trade_volume_imbalance	500	500	0.200000	445587	0.927877884271579	0.087887953629482	38.731852020295022	NO_EDGE
okx	solusdt	20260326	trade	signed_trade_volume_imbalance	100	100	0.050000	487620	0.964395893381897	-0.036459149502603	-20.187475434733027	NO_EDGE
okx	solusdt	20260326	trade	signed_trade_volume_imbalance	100	100	0.100000	486374	0.966673103933536	-0.036252889830574	-20.062114152300321	NO_EDGE
okx	solusdt	20260326	trade	signed_trade_volume_imbalance	100	100	0.200000	483725	0.971140333609058	-0.036015750829482	-19.925614802878357	NO_EDGE
okx	solusdt	20260326	trade	signed_trade_volume_imbalance	100	250	0.050000	487619	0.964395820365653	-0.015449341394543	-7.430071857870268	NO_EDGE
okx	solusdt	20260326	trade	signed_trade_volume_imbalance	100	250	0.100000	486373	0.966673035412262	-0.014993191595723	-7.215432994169618	NO_EDGE
okx	solusdt	20260326	trade	signed_trade_volume_imbalance	100	250	0.200000	483724	0.971140273947623	-0.014702091835529	-7.095017604710149	NO_EDGE
okx	solusdt	20260326	trade	signed_trade_volume_imbalance	100	500	0.050000	487618	0.964395747349095	0.023503951199012	8.835912991662033	NO_EDGE
okx	solusdt	20260326	trade	signed_trade_volume_imbalance	100	500	0.100000	486372	0.966672966890693	0.024437437086843	9.198514338453046	NO_EDGE
okx	solusdt	20260326	trade	signed_trade_volume_imbalance	100	500	0.200000	483723	0.971140214285928	0.025008806554601	9.446919089577316	NO_EDGE
okx	solusdt	20260326	trade	signed_trade_volume_imbalance	250	100	0.050000	486391	0.936032027438579	-0.004498288494867	-2.489161513435763	NO_EDGE
okx	solusdt	20260326	trade	signed_trade_volume_imbalance	250	100	0.100000	483936	0.940400088229401	-0.004083719231447	-2.256121222051782	NO_EDGE
okx	solusdt	20260326	trade	signed_trade_volume_imbalance	250	100	0.200000	479149	0.948288779069280	-0.004081481745052	-2.247328937606253	NO_EDGE
okx	solusdt	20260326	trade	signed_trade_volume_imbalance	250	250	0.050000	486390	0.936031895922765	0.015564206006746	7.504312662837971	NO_EDGE
okx	solusdt	20260326	trade	signed_trade_volume_imbalance	250	250	0.100000	483935	0.940399965072539	0.015674246928857	7.557722184690736	NO_EDGE
okx	solusdt	20260326	trade	signed_trade_volume_imbalance	250	250	0.200000	479148	0.948288671145997	0.015941811446965	7.686559885725003	NO_EDGE
okx	solusdt	20260326	trade	signed_trade_volume_imbalance	250	500	0.050000	486389	0.936031764406366	0.054160677489033	20.377914954203501	NO_EDGE
okx	solusdt	20260326	trade	signed_trade_volume_imbalance	250	500	0.100000	483934	0.940399841915124	0.054943364870285	20.692851529210316	NO_EDGE
okx	solusdt	20260326	trade	signed_trade_volume_imbalance	250	500	0.200000	479147	0.948288563222219	0.056014719755051	21.104995527051226	NO_EDGE
okx	solusdt	20260326	trade	signed_trade_volume_imbalance	500	100	0.050000	485240	0.902643614369879	0.024893714530630	13.784623248355174	NO_EDGE
okx	solusdt	20260326	trade	signed_trade_volume_imbalance	500	100	0.100000	481485	0.909090595265789	0.025245405302269	13.942283932331723	NO_EDGE
okx	solusdt	20260326	trade	signed_trade_volume_imbalance	500	100	0.200000	473766	0.921456800359827	0.026576436144091	14.599825237435320	NO_EDGE
okx	solusdt	20260326	trade	signed_trade_volume_imbalance	500	250	0.050000	485239	0.902643413733930	0.039520257470428	19.094717287839870	NO_EDGE
okx	solusdt	20260326	trade	signed_trade_volume_imbalance	500	250	0.100000	481484	0.909090406454933	0.039770892154669	19.216767831397252	NO_EDGE
okx	solusdt	20260326	trade	signed_trade_volume_imbalance	500	250	0.200000	473765	0.921456634574678	0.042582285420496	20.600252082562232	NO_EDGE
okx	solusdt	20260326	trade	signed_trade_volume_imbalance	500	500	0.050000	485238	0.902643213097137	0.082857132048102	31.284194106620362	NO_EDGE
okx	solusdt	20260326	trade	signed_trade_volume_imbalance	500	500	0.100000	481483	0.909090217643274	0.083204857795454	31.385881298390149	NO_EDGE
okx	solusdt	20260326	trade	signed_trade_volume_imbalance	500	500	0.200000	473764	0.921456468788810	0.087713669828488	33.086737838016774	NO_EDGE
okx	solusdt	20260327	trade	signed_trade_volume_imbalance	100	100	0.050000	504913	0.951985277136661	-0.028222851135796	-10.329146138951200	NO_EDGE
okx	solusdt	20260327	trade	signed_trade_volume_imbalance	100	100	0.100000	503239	0.954899430243602	-0.028578799728146	-10.467586793334009	NO_EDGE
okx	solusdt	20260327	trade	signed_trade_volume_imbalance	100	100	0.200000	499534	0.960865554488594	-0.030289473153063	-11.123096728502359	NO_EDGE
okx	solusdt	20260327	trade	signed_trade_volume_imbalance	100	250	0.050000	504912	0.951985182041427	-0.025939814757648	-7.185192047862317	NO_EDGE
okx	solusdt	20260327	trade	signed_trade_volume_imbalance	100	250	0.100000	503238	0.954899340622843	-0.025829884048484	-7.158739071306927	NO_EDGE
okx	solusdt	20260327	trade	signed_trade_volume_imbalance	100	250	0.200000	499533	0.960865476146528	-0.026644814254952	-7.394086924603519	NO_EDGE
okx	solusdt	20260327	trade	signed_trade_volume_imbalance	100	500	0.050000	504911	0.951985086945792	-0.003497901669943	-0.849069913420021	NO_EDGE
okx	solusdt	20260327	trade	signed_trade_volume_imbalance	100	500	0.100000	503237	0.954899251001703	-0.004643767544793	-1.130840993060853	NO_EDGE
okx	solusdt	20260327	trade	signed_trade_volume_imbalance	100	500	0.200000	499532	0.960865397804124	-0.006626118348222	-1.626421803288832	NO_EDGE
okx	solusdt	20260327	trade	signed_trade_volume_imbalance	250	100	0.050000	503406	0.922458400997863	-0.001945743359250	-0.711274281669296	NO_EDGE
okx	solusdt	20260327	trade	signed_trade_volume_imbalance	250	100	0.100000	500420	0.927515494462708	-0.003414628843778	-1.249781572057498	NO_EDGE
okx	solusdt	20260327	trade	signed_trade_volume_imbalance	250	100	0.200000	493894	0.937788073220232	-0.002107420806106	-0.773341518796747	NO_EDGE
okx	solusdt	20260327	trade	signed_trade_volume_imbalance	250	250	0.050000	503405	0.922458640678831	-0.008161495546808	-2.256911828034753	NO_EDGE
okx	solusdt	20260327	trade	signed_trade_volume_imbalance	250	250	0.100000	500419	0.927515745679571	-0.009616798993973	-2.660441589365028	NO_EDGE
okx	solusdt	20260327	trade	signed_trade_volume_imbalance	250	250	0.200000	493893	0.937788348555720	-0.007883065178720	-2.184741992172631	NO_EDGE
okx	solusdt	20260327	trade	signed_trade_volume_imbalance	250	500	0.050000	503404	0.922458486644747	0.024315082365588	5.901048769853939	NO_EDGE
okx	solusdt	20260327	trade	signed_trade_volume_imbalance	250	500	0.100000	500418	0.927515600832125	0.019524458185767	4.753876049826729	NO_EDGE
okx	solusdt	20260327	trade	signed_trade_volume_imbalance	250	500	0.200000	493892	0.937788222593634	0.009015576314473	2.223592928883241	NO_EDGE
okx	solusdt	20260327	trade	signed_trade_volume_imbalance	500	100	0.050000	502400	0.887594604686946	0.023646306863010	8.611704387174049	NO_EDGE
okx	solusdt	20260327	trade	signed_trade_volume_imbalance	500	100	0.100000	498007	0.894761781544132	0.025597231674314	9.288690162911834	NO_EDGE
okx	solusdt	20260327	trade	signed_trade_volume_imbalance	500	100	0.200000	488387	0.909417198338628	0.022657795604226	8.183762788605538	NO_EDGE
okx	solusdt	20260327	trade	signed_trade_volume_imbalance	500	250	0.050000	502399	0.887594869832057	0.026408254408978	7.280289183867225	NO_EDGE
okx	solusdt	20260327	trade	signed_trade_volume_imbalance	500	250	0.100000	498006	0.894762063419882	0.025306932873899	6.950922151348427	NO_EDGE
okx	solusdt	20260327	trade	signed_trade_volume_imbalance	500	250	0.200000	488386	0.909417515774492	0.021675177208498	5.929350136589726	NO_EDGE
okx	solusdt	20260327	trade	signed_trade_volume_imbalance	500	500	0.050000	502398	0.887594646094824	0.034732036016736	8.376739513773034	NO_EDGE
okx	solusdt	20260327	trade	signed_trade_volume_imbalance	500	500	0.100000	498005	0.894761852100830	0.034075345843179	8.225493180154729	NO_EDGE
okx	solusdt	20260327	trade	signed_trade_volume_imbalance	500	500	0.200000	488385	0.909417330300957	0.030467564499825	7.354052548019615	NO_EDGE
okx	solusdt	20260328	trade	signed_trade_volume_imbalance	100	100	0.050000	435606	0.975197784061537	-0.069623833568969	-42.853979813907166	NO_EDGE
okx	solusdt	20260328	trade	signed_trade_volume_imbalance	100	100	0.100000	434794	0.976881007830250	-0.069712443762130	-42.944925085146721	NO_EDGE
okx	solusdt	20260328	trade	signed_trade_volume_imbalance	100	100	0.200000	433176	0.979956781177477	-0.070127836919657	-43.275634604938460	NO_EDGE
okx	solusdt	20260328	trade	signed_trade_volume_imbalance	100	250	0.050000	435606	0.975197784061537	-0.067662239477571	-37.240023162179590	NO_EDGE
okx	solusdt	20260328	trade	signed_trade_volume_imbalance	100	250	0.100000	434794	0.976881007830250	-0.067641995029770	-37.283622062339035	NO_EDGE
okx	solusdt	20260328	trade	signed_trade_volume_imbalance	100	250	0.200000	433176	0.979956781177477	-0.067973728343443	-37.522284241847089	NO_EDGE
okx	solusdt	20260328	trade	signed_trade_volume_imbalance	100	500	0.050000	435605	0.975197727124136	-0.074284134817591	-34.283575993201850	NO_EDGE
okx	solusdt	20260328	trade	signed_trade_volume_imbalance	100	500	0.100000	434793	0.976880954657838	-0.074325781027318	-34.362585213075128	NO_EDGE
okx	solusdt	20260328	trade	signed_trade_volume_imbalance	100	500	0.200000	433175	0.979956734906988	-0.073976116015107	-34.315952825075300	NO_EDGE
okx	solusdt	20260328	trade	signed_trade_volume_imbalance	250	100	0.050000	434667	0.953950200624893	-0.042803157134100	-26.319000855206816	NO_EDGE
okx	solusdt	20260328	trade	signed_trade_volume_imbalance	250	100	0.100000	433248	0.956829375341374	-0.042572009635960	-26.188039157072595	NO_EDGE
okx	solusdt	20260328	trade	signed_trade_volume_imbalance	250	100	0.200000	430030	0.962854988020722	-0.042182440961044	-25.945546602012215	NO_EDGE
okx	solusdt	20260328	trade	signed_trade_volume_imbalance	250	250	0.050000	434667	0.953950200624893	-0.041400051373668	-22.751325877463106	NO_EDGE
okx	solusdt	20260328	trade	signed_trade_volume_imbalance	250	250	0.100000	433248	0.956829375341374	-0.040985817827072	-22.554763111647755	NO_EDGE
okx	solusdt	20260328	trade	signed_trade_volume_imbalance	250	250	0.200000	430030	0.962854988020722	-0.042158266463536	-23.447992113860010	NO_EDGE
okx	solusdt	20260328	trade	signed_trade_volume_imbalance	250	500	0.050000	434666	0.953950094681942	-0.044073972431431	-20.336557789201148	NO_EDGE
okx	solusdt	20260328	trade	signed_trade_volume_imbalance	250	500	0.100000	433247	0.956829275697005	-0.043389687595759	-20.092501296007327	NO_EDGE
okx	solusdt	20260328	trade	signed_trade_volume_imbalance	250	500	0.200000	430029	0.962854901642801	-0.043774199429141	-20.426569079086359	NO_EDGE
okx	solusdt	20260328	trade	signed_trade_volume_imbalance	500	100	0.050000	433815	0.926615008441246	-0.020748760536441	-12.766139794739608	NO_EDGE
okx	solusdt	20260328	trade	signed_trade_volume_imbalance	500	100	0.100000	431418	0.931347768433039	-0.020222932115106	-12.435853426751388	NO_EDGE
okx	solusdt	20260328	trade	signed_trade_volume_imbalance	500	100	0.200000	426335	0.940644594406934	-0.020397223303450	-12.506766442907255	NO_EDGE
okx	solusdt	20260328	trade	signed_trade_volume_imbalance	500	250	0.050000	433815	0.926615008441246	-0.018751034495943	-10.325739703589177	NO_EDGE
okx	solusdt	20260328	trade	signed_trade_volume_imbalance	500	250	0.100000	431418	0.931347768433039	-0.018413250279067	-10.165346372826752	NO_EDGE
okx	solusdt	20260328	trade	signed_trade_volume_imbalance	500	250	0.200000	426335	0.940644594406934	-0.018604138441274	-10.270290918808433	NO_EDGE
okx	solusdt	20260328	trade	signed_trade_volume_imbalance	500	500	0.050000	433814	0.926614839278905	-0.015876783174449	-7.440219016989156	NO_EDGE
okx	solusdt	20260328	trade	signed_trade_volume_imbalance	500	500	0.100000	431417	0.931347609301080	-0.014804226207022	-6.992463340891052	NO_EDGE
okx	solusdt	20260328	trade	signed_trade_volume_imbalance	500	500	0.200000	426334	0.940644455184151	-0.014723250398784	-7.020564021245131	NO_EDGE
okx	xrpusdt	20260324	trade	signed_trade_volume_imbalance	100	100	0.050000	307708	0.979300184367788	0.081526714893540	56.697668085502883	NO_EDGE
okx	xrpusdt	20260324	trade	signed_trade_volume_imbalance	100	100	0.100000	307260	0.980619103529179	0.082072317058203	57.090805589617403	NO_EDGE
okx	xrpusdt	20260324	trade	signed_trade_volume_imbalance	100	100	0.200000	306307	0.983196335302529	0.082338220782353	57.218559882726929	NO_EDGE
okx	xrpusdt	20260324	trade	signed_trade_volume_imbalance	100	250	0.050000	307708	0.979300184367788	0.100176577473099	60.046586701561232	NO_EDGE
okx	xrpusdt	20260324	trade	signed_trade_volume_imbalance	100	250	0.100000	307260	0.980619103529179	0.100839452220122	60.444178584818573	NO_EDGE
okx	xrpusdt	20260324	trade	signed_trade_volume_imbalance	100	250	0.200000	306307	0.983196335302529	0.101125924923043	60.561030618823565	NO_EDGE
okx	xrpusdt	20260324	trade	signed_trade_volume_imbalance	100	500	0.050000	307708	0.979300184367788	0.103941399015792	53.462439679813180	NO_EDGE
okx	xrpusdt	20260324	trade	signed_trade_volume_imbalance	100	500	0.100000	307260	0.980619103529179	0.104619327861900	53.794118718769006	NO_EDGE
okx	xrpusdt	20260324	trade	signed_trade_volume_imbalance	100	500	0.200000	306307	0.983196335302529	0.105033094847297	53.971281074250868	NO_EDGE
okx	xrpusdt	20260324	trade	signed_trade_volume_imbalance	250	100	0.050000	307048	0.957960116935885	0.087629976706519	60.903972701210463	NO_EDGE
okx	xrpusdt	20260324	trade	signed_trade_volume_imbalance	250	100	0.100000	306109	0.960670578149811	0.088367818270107	61.355466446271819	NO_EDGE
okx	xrpusdt	20260324	trade	signed_trade_volume_imbalance	250	100	0.200000	303993	0.966302355832693	0.088985155882249	61.582221497442745	NO_EDGE
okx	xrpusdt	20260324	trade	signed_trade_volume_imbalance	250	250	0.050000	307048	0.957960116935885	0.106161310867152	63.604022124630518	NO_EDGE
okx	xrpusdt	20260324	trade	signed_trade_volume_imbalance	250	250	0.100000	306109	0.960670578149811	0.106944149367979	64.004084486580041	NO_EDGE
okx	xrpusdt	20260324	trade	signed_trade_volume_imbalance	250	250	0.200000	303993	0.966302355832693	0.107513527674434	64.172865785619805	NO_EDGE
okx	xrpusdt	20260324	trade	signed_trade_volume_imbalance	250	500	0.050000	307048	0.957960116935885	0.108996538976378	56.056816475659041	NO_EDGE
okx	xrpusdt	20260324	trade	signed_trade_volume_imbalance	250	500	0.100000	306109	0.960670578149811	0.109923576352567	56.486164232358909	NO_EDGE
okx	xrpusdt	20260324	trade	signed_trade_volume_imbalance	250	500	0.200000	303993	0.966302355832693	0.110909036158573	56.904269436374783	NO_EDGE
okx	xrpusdt	20260324	trade	signed_trade_volume_imbalance	500	100	0.050000	306514	0.930164077552676	0.091667236625485	63.711324653030218	NO_EDGE
okx	xrpusdt	20260324	trade	signed_trade_volume_imbalance	500	100	0.100000	304935	0.934592489158533	0.092645091888130	64.276749649317807	NO_EDGE
okx	xrpusdt	20260324	trade	signed_trade_volume_imbalance	500	100	0.200000	301507	0.943502428574024	0.093588899288023	64.542475260429498	NO_EDGE
okx	xrpusdt	20260324	trade	signed_trade_volume_imbalance	500	250	0.050000	306514	0.930164077552676	0.108798258320328	65.137280935788624	NO_EDGE
okx	xrpusdt	20260324	trade	signed_trade_volume_imbalance	500	250	0.100000	304935	0.934592489158533	0.109946268255422	65.694463888564940	NO_EDGE
okx	xrpusdt	20260324	trade	signed_trade_volume_imbalance	500	250	0.200000	301507	0.943502428574024	0.111012857437735	65.954542533116538	NO_EDGE
okx	xrpusdt	20260324	trade	signed_trade_volume_imbalance	500	500	0.050000	306514	0.930164077552676	0.111439747726383	57.294297655039905	NO_EDGE
okx	xrpusdt	20260324	trade	signed_trade_volume_imbalance	500	500	0.100000	304935	0.934592489158533	0.112559666889686	57.744382468798847	NO_EDGE
okx	xrpusdt	20260324	trade	signed_trade_volume_imbalance	500	500	0.200000	301507	0.943502428574024	0.114051362859906	58.219249798383728	NO_EDGE
okx	xrpusdt	20260325	trade	signed_trade_volume_imbalance	100	100	0.050000	285184	0.982719395154872	0.095214459009399	47.752248360857500	NO_EDGE
okx	xrpusdt	20260325	trade	signed_trade_volume_imbalance	100	100	0.100000	284856	0.983765176795395	0.095412830804617	47.821175996431933	NO_EDGE
okx	xrpusdt	20260325	trade	signed_trade_volume_imbalance	100	100	0.200000	284001	0.986262993263180	0.095312015383877	47.686024985713360	NO_EDGE
okx	xrpusdt	20260325	trade	signed_trade_volume_imbalance	100	250	0.050000	285183	0.982719334560092	0.122809212733598	52.556789813139687	NO_EDGE
okx	xrpusdt	20260325	trade	signed_trade_volume_imbalance	100	250	0.100000	284855	0.983765119802119	0.123007269155018	52.628200139070159	NO_EDGE
okx	xrpusdt	20260325	trade	signed_trade_volume_imbalance	100	250	0.200000	284000	0.986262944893451	0.122672230807493	52.422397858571564	NO_EDGE
okx	xrpusdt	20260325	trade	signed_trade_volume_imbalance	100	500	0.050000	285182	0.982719273964875	0.131455502117731	52.521200031883460	NO_EDGE
okx	xrpusdt	20260325	trade	signed_trade_volume_imbalance	100	500	0.100000	284854	0.983765062808432	0.131727674655727	52.620854045862828	NO_EDGE
okx	xrpusdt	20260325	trade	signed_trade_volume_imbalance	100	500	0.200000	283999	0.986262896523370	0.131621293360966	52.525698458161543	NO_EDGE
okx	xrpusdt	20260325	trade	signed_trade_volume_imbalance	250	100	0.050000	284641	0.966617019240433	0.101958327114097	51.085461609312212	NO_EDGE
okx	xrpusdt	20260325	trade	signed_trade_volume_imbalance	250	100	0.100000	283952	0.968780981252572	0.102367856998853	51.211855268363315	NO_EDGE
okx	xrpusdt	20260325	trade	signed_trade_volume_imbalance	250	100	0.200000	282352	0.973407667857386	0.103387958097266	51.560203477999089	NO_EDGE
okx	xrpusdt	20260325	trade	signed_trade_volume_imbalance	250	250	0.050000	284640	0.966616901959023	0.129538460411879	55.380754502173460	NO_EDGE
okx	xrpusdt	20260325	trade	signed_trade_volume_imbalance	250	250	0.100000	283951	0.968780871307480	0.130044104232032	55.514659196715336	NO_EDGE
okx	xrpusdt	20260325	trade	signed_trade_volume_imbalance	250	250	0.200000	282351	0.973407573675562	0.131243056591848	55.882246253037593	NO_EDGE
okx	xrpusdt	20260325	trade	signed_trade_volume_imbalance	250	500	0.050000	284639	0.966616784676788	0.138454703178640	55.253386303701149	NO_EDGE
okx	xrpusdt	20260325	trade	signed_trade_volume_imbalance	250	500	0.100000	283950	0.968780761361614	0.139283088461598	55.508069182939444	NO_EDGE
okx	xrpusdt	20260325	trade	signed_trade_volume_imbalance	250	500	0.200000	282350	0.973407479493071	0.141124569336835	56.125779573534160	NO_EDGE
okx	xrpusdt	20260325	trade	signed_trade_volume_imbalance	500	100	0.050000	284221	0.944409423863936	0.107639374949020	53.897733373150771	NO_EDGE
okx	xrpusdt	20260325	trade	signed_trade_volume_imbalance	500	100	0.100000	283016	0.948115117113944	0.108073804311139	53.952046437383054	NO_EDGE
okx	xrpusdt	20260325	trade	signed_trade_volume_imbalance	500	100	0.200000	280503	0.955245123667524	0.109424391866160	54.307169820775080	NO_EDGE
okx	xrpusdt	20260325	trade	signed_trade_volume_imbalance	500	250	0.050000	284220	0.944409228273982	0.135112530104827	57.717843112958903	NO_EDGE
okx	xrpusdt	20260325	trade	signed_trade_volume_imbalance	500	250	0.100000	283015	0.948114933784851	0.135745478584343	57.814188844587349	NO_EDGE
okx	xrpusdt	20260325	trade	signed_trade_volume_imbalance	500	250	0.200000	280502	0.955244964114733	0.137449623429887	58.235430239697855	NO_EDGE
okx	xrpusdt	20260325	trade	signed_trade_volume_imbalance	500	500	0.050000	284219	0.944409032682652	0.143566035638567	57.256298431356605	NO_EDGE
okx	xrpusdt	20260325	trade	signed_trade_volume_imbalance	500	500	0.100000	283014	0.948114750454462	0.144507073897274	57.483228244479449	NO_EDGE
okx	xrpusdt	20260325	trade	signed_trade_volume_imbalance	500	500	0.200000	280501	0.955244804560805	0.146285182033150	57.922546270875131	NO_EDGE
okx	xrpusdt	20260326	trade	signed_trade_volume_imbalance	100	100	0.050000	310458	0.972726941105000	-0.024007341444468	-11.760688101915386	NO_EDGE
okx	xrpusdt	20260326	trade	signed_trade_volume_imbalance	100	100	0.100000	309901	0.974339012919057	-0.023565201685442	-11.540394767261638	NO_EDGE
okx	xrpusdt	20260326	trade	signed_trade_volume_imbalance	100	100	0.200000	308664	0.977643385521378	-0.023105103010101	-11.306625322365615	NO_EDGE
okx	xrpusdt	20260326	trade	signed_trade_volume_imbalance	100	250	0.050000	310458	0.972726941105000	-0.016863004729103	-7.008802855046417	NO_EDGE
okx	xrpusdt	20260326	trade	signed_trade_volume_imbalance	100	250	0.100000	309901	0.974339012919057	-0.016452090749222	-6.839268248015953	NO_EDGE
okx	xrpusdt	20260326	trade	signed_trade_volume_imbalance	100	250	0.200000	308664	0.977643385521378	-0.015564493800493	-6.474892595654210	NO_EDGE
okx	xrpusdt	20260326	trade	signed_trade_volume_imbalance	100	500	0.050000	310458	0.972726941105000	-0.004940811095244	-1.730235316365645	NO_EDGE
okx	xrpusdt	20260326	trade	signed_trade_volume_imbalance	100	500	0.100000	309901	0.974339012919057	-0.004442335268521	-1.558430624140859	NO_EDGE
okx	xrpusdt	20260326	trade	signed_trade_volume_imbalance	100	500	0.200000	308664	0.977643385521378	-0.003226374733855	-1.133804083085789	NO_EDGE
okx	xrpusdt	20260326	trade	signed_trade_volume_imbalance	250	100	0.050000	309677	0.951269881712996	-0.016610857505540	-8.130636422081245	NO_EDGE
okx	xrpusdt	20260326	trade	signed_trade_volume_imbalance	250	100	0.100000	308680	0.954100262583332	-0.016372453072989	-8.012938263644250	NO_EDGE
okx	xrpusdt	20260326	trade	signed_trade_volume_imbalance	250	100	0.200000	306345	0.960213146465597	-0.016637526631331	-8.135855114219115	NO_EDGE
okx	xrpusdt	20260326	trade	signed_trade_volume_imbalance	250	250	0.050000	309677	0.951269881712996	-0.009576873289336	-3.974111779934520	NO_EDGE
okx	xrpusdt	20260326	trade	signed_trade_volume_imbalance	250	250	0.100000	308680	0.954100262583332	-0.009178581348787	-3.809192458762013	NO_EDGE
okx	xrpusdt	20260326	trade	signed_trade_volume_imbalance	250	250	0.200000	306345	0.960213146465597	-0.010708113023449	-4.468113361101651	NO_EDGE
okx	xrpusdt	20260326	trade	signed_trade_volume_imbalance	250	500	0.050000	309677	0.951269881712996	0.004427653753885	1.551991941322791	NO_EDGE
okx	xrpusdt	20260326	trade	signed_trade_volume_imbalance	250	500	0.100000	308680	0.954100262583332	0.004708451478212	1.652946486482013	NO_EDGE
okx	xrpusdt	20260326	trade	signed_trade_volume_imbalance	250	500	0.200000	306345	0.960213146465597	0.004924689533099	1.743655873972638	NO_EDGE
okx	xrpusdt	20260326	trade	signed_trade_volume_imbalance	500	100	0.050000	309153	0.923095506365188	-0.009305639797839	-4.549572429780654	NO_EDGE
okx	xrpusdt	20260326	trade	signed_trade_volume_imbalance	500	100	0.100000	307490	0.927681172287203	-0.009598180990642	-4.684293436285995	NO_EDGE
okx	xrpusdt	20260326	trade	signed_trade_volume_imbalance	500	100	0.200000	303645	0.937522971469654	-0.010408080497370	-5.065673683036712	NO_EDGE
okx	xrpusdt	20260326	trade	signed_trade_volume_imbalance	500	250	0.050000	309153	0.923095506365188	-0.007655112156140	-3.173767429078732	NO_EDGE
okx	xrpusdt	20260326	trade	signed_trade_volume_imbalance	500	250	0.100000	307490	0.927681172287203	-0.007618657790502	-3.158434798748240	NO_EDGE
okx	xrpusdt	20260326	trade	signed_trade_volume_imbalance	500	250	0.200000	303645	0.937522971469654	-0.009241478043477	-3.854975941198875	NO_EDGE
okx	xrpusdt	20260326	trade	signed_trade_volume_imbalance	500	500	0.050000	309153	0.923095506365188	0.009383556223199	3.281418308134914	NO_EDGE
okx	xrpusdt	20260326	trade	signed_trade_volume_imbalance	500	500	0.100000	307490	0.927681172287203	0.009693260076599	3.395496016060464	NO_EDGE
okx	xrpusdt	20260326	trade	signed_trade_volume_imbalance	500	500	0.200000	303645	0.937522971469654	0.008172286143713	2.870801574349605	NO_EDGE
okx	xrpusdt	20260327	trade	signed_trade_volume_imbalance	100	100	0.050000	297455	0.971136691336805	0.028386669203537	16.239259119719339	NO_EDGE
okx	xrpusdt	20260327	trade	signed_trade_volume_imbalance	100	100	0.100000	296929	0.972725045888451	0.028751303378173	16.467414155399432	NO_EDGE
okx	xrpusdt	20260327	trade	signed_trade_volume_imbalance	100	100	0.200000	295625	0.976350715618581	0.028188530359708	16.242642665420945	NO_EDGE
okx	xrpusdt	20260327	trade	signed_trade_volume_imbalance	100	250	0.050000	297454	0.971136594302275	0.032833419220428	14.985000424900495	NO_EDGE
okx	xrpusdt	20260327	trade	signed_trade_volume_imbalance	100	250	0.100000	296928	0.972724954031319	0.033477713825756	15.315053886115754	NO_EDGE
okx	xrpusdt	20260327	trade	signed_trade_volume_imbalance	100	250	0.200000	295624	0.976350635620730	0.033370882917772	15.319192136926924	NO_EDGE
okx	xrpusdt	20260327	trade	signed_trade_volume_imbalance	100	500	0.050000	297454	0.971136594302275	0.040083169281166	15.521279631562487	NO_EDGE
okx	xrpusdt	20260327	trade	signed_trade_volume_imbalance	100	500	0.100000	296928	0.972724954031319	0.040521330636283	15.732222986728143	NO_EDGE
okx	xrpusdt	20260327	trade	signed_trade_volume_imbalance	100	500	0.200000	295624	0.976350635620730	0.040862516243767	15.938647964430761	NO_EDGE
okx	xrpusdt	20260327	trade	signed_trade_volume_imbalance	250	100	0.050000	296886	0.950862063381850	0.031318311411903	17.909089359042170	NO_EDGE
okx	xrpusdt	20260327	trade	signed_trade_volume_imbalance	250	100	0.100000	295892	0.953808118837120	0.032001594263021	18.325829985743592	NO_EDGE
okx	xrpusdt	20260327	trade	signed_trade_volume_imbalance	250	100	0.200000	293660	0.959895049339983	0.032946069444750	18.910334376625748	NO_EDGE
okx	xrpusdt	20260327	trade	signed_trade_volume_imbalance	250	250	0.050000	296885	0.950861897870171	0.034872995678185	15.922125924379172	NO_EDGE
okx	xrpusdt	20260327	trade	signed_trade_volume_imbalance	250	250	0.100000	295891	0.953807962725986	0.035789392685968	16.379721723298061	NO_EDGE
okx	xrpusdt	20260327	trade	signed_trade_volume_imbalance	250	250	0.200000	293659	0.959894912770189	0.037471922291795	17.209512730458719	NO_EDGE
okx	xrpusdt	20260327	trade	signed_trade_volume_imbalance	250	500	0.050000	296885	0.950861897870171	0.036124658259589	13.973466597665277	NO_EDGE
okx	xrpusdt	20260327	trade	signed_trade_volume_imbalance	250	500	0.100000	295891	0.953807962725986	0.037210397599039	14.413568610613803	NO_EDGE
okx	xrpusdt	20260327	trade	signed_trade_volume_imbalance	250	500	0.200000	293659	0.959894912770189	0.039538599001540	15.322146315309750	NO_EDGE
okx	xrpusdt	20260327	trade	signed_trade_volume_imbalance	500	100	0.050000	296315	0.925511289748476	0.032469737645345	18.608724382371751	NO_EDGE
okx	xrpusdt	20260327	trade	signed_trade_volume_imbalance	500	100	0.100000	294787	0.929925026031313	0.032747041406016	18.758558684376130	NO_EDGE
okx	xrpusdt	20260327	trade	signed_trade_volume_imbalance	500	100	0.200000	291038	0.939943212498860	0.034695099391898	19.949850802226756	NO_EDGE
okx	xrpusdt	20260327	trade	signed_trade_volume_imbalance	500	250	0.050000	296314	0.925511038364110	0.027896633702299	12.747428613601201	NO_EDGE
okx	xrpusdt	20260327	trade	signed_trade_volume_imbalance	500	250	0.100000	294786	0.929924788316595	0.028497602776358	13.011304918481970	NO_EDGE
okx	xrpusdt	20260327	trade	signed_trade_volume_imbalance	500	250	0.200000	291037	0.939943006144396	0.031543416906167	14.440422906508394	NO_EDGE
okx	xrpusdt	20260327	trade	signed_trade_volume_imbalance	500	500	0.050000	296314	0.925511038364110	0.027901995743381	10.864908379547806	NO_EDGE
okx	xrpusdt	20260327	trade	signed_trade_volume_imbalance	500	500	0.100000	294786	0.929924788316595	0.028481261016586	11.091195330549816	NO_EDGE
okx	xrpusdt	20260327	trade	signed_trade_volume_imbalance	500	500	0.200000	291037	0.939943006144396	0.033823765685738	13.302410424228739	NO_EDGE
okx	xrpusdt	20260328	trade	signed_trade_volume_imbalance	100	100	0.050000	282881	0.983788488012111	-0.000707726624619	-0.484638959421597	NO_EDGE
okx	xrpusdt	20260328	trade	signed_trade_volume_imbalance	100	100	0.100000	282613	0.984648907627474	-0.000621519467663	-0.426106390906051	NO_EDGE
okx	xrpusdt	20260328	trade	signed_trade_volume_imbalance	100	100	0.200000	281967	0.986555147494991	-0.000204758799113	-0.140764813947199	NO_EDGE
okx	xrpusdt	20260328	trade	signed_trade_volume_imbalance	100	250	0.050000	282881	0.983788488012111	0.027817963323039	15.965136505068747	NO_EDGE
okx	xrpusdt	20260328	trade	signed_trade_volume_imbalance	100	250	0.100000	282613	0.984648907627474	0.027866363587554	16.009336639610861	NO_EDGE
okx	xrpusdt	20260328	trade	signed_trade_volume_imbalance	100	250	0.200000	281967	0.986555147494991	0.028125537271857	16.199166378726218	NO_EDGE
okx	xrpusdt	20260328	trade	signed_trade_volume_imbalance	100	500	0.050000	282881	0.983788488012111	0.023721170996941	11.071331211611010	NO_EDGE
okx	xrpusdt	20260328	trade	signed_trade_volume_imbalance	100	500	0.100000	282613	0.984648907627474	0.024225527071289	11.359359039188089	NO_EDGE
okx	xrpusdt	20260328	trade	signed_trade_volume_imbalance	100	500	0.200000	281967	0.986555147494991	0.025479288088803	12.074079331596117	NO_EDGE
okx	xrpusdt	20260328	trade	signed_trade_volume_imbalance	250	100	0.050000	282256	0.966178738951585	0.007604367492778	5.216132066836608	NO_EDGE
okx	xrpusdt	20260328	trade	signed_trade_volume_imbalance	250	100	0.100000	281655	0.968078847078734	0.007521382249328	5.177460069843198	NO_EDGE
okx	xrpusdt	20260328	trade	signed_trade_volume_imbalance	250	100	0.200000	280202	0.972310120394039	0.007773714324029	5.365763322491413	NO_EDGE
okx	xrpusdt	20260328	trade	signed_trade_volume_imbalance	250	250	0.050000	282256	0.966178738951585	0.034210748283603	19.664840619051716	NO_EDGE
okx	xrpusdt	20260328	trade	signed_trade_volume_imbalance	250	250	0.100000	281655	0.968078847078734	0.034289843343635	19.776549448152938	NO_EDGE
okx	xrpusdt	20260328	trade	signed_trade_volume_imbalance	250	250	0.200000	280202	0.972310120394039	0.034937476271127	20.201891422166348	NO_EDGE
okx	xrpusdt	20260328	trade	signed_trade_volume_imbalance	250	500	0.050000	282256	0.966178738951585	0.037626025393450	17.643046343779108	NO_EDGE
okx	xrpusdt	20260328	trade	signed_trade_volume_imbalance	250	500	0.100000	281655	0.968078847078734	0.037864606868971	17.876350370524346	NO_EDGE
okx	xrpusdt	20260328	trade	signed_trade_volume_imbalance	250	500	0.200000	280202	0.972310120394039	0.038740112506049	18.449836170385137	NO_EDGE
okx	xrpusdt	20260328	trade	signed_trade_volume_imbalance	500	100	0.050000	281904	0.943690871504311	0.018116018864820	12.379496594114558	NO_EDGE
okx	xrpusdt	20260328	trade	signed_trade_volume_imbalance	500	100	0.100000	280737	0.947298936210931	0.018189694886513	12.472924106702111	NO_EDGE
okx	xrpusdt	20260328	trade	signed_trade_volume_imbalance	500	100	0.200000	278158	0.954673148651807	0.018317215562828	12.615617728049122	NO_EDGE
okx	xrpusdt	20260328	trade	signed_trade_volume_imbalance	500	250	0.050000	281904	0.943690871504311	0.042678322055344	24.466133823651496	NO_EDGE
okx	xrpusdt	20260328	trade	signed_trade_volume_imbalance	500	250	0.100000	280737	0.947298936210931	0.043037388653164	24.771440671039215	NO_EDGE
okx	xrpusdt	20260328	trade	signed_trade_volume_imbalance	500	250	0.200000	278158	0.954673148651807	0.045296499710419	26.391785966060294	NO_EDGE
okx	xrpusdt	20260328	trade	signed_trade_volume_imbalance	500	500	0.050000	281904	0.943690871504311	0.044561637629197	20.838243934965025	NO_EDGE
okx	xrpusdt	20260328	trade	signed_trade_volume_imbalance	500	500	0.100000	280737	0.947298936210931	0.045592283696582	21.763458629358791	NO_EDGE
okx	xrpusdt	20260328	trade	signed_trade_volume_imbalance	500	500	0.200000	278158	0.954673148651807	0.049615681591249	24.437284887745236	NO_EDGE
